<?xml version="1.0" encoding="UTF-8"?>
<window type="dialog" id="1107">
	<defaultcontrol always="true">9001</defaultcontrol>
	<include>dialogeffect</include>
	<coordinates>
		<left>0</left>
		<top>0</top>
	</coordinates>
	<controls>
		<control type="button" id="9001">
			<description>Make sure we hit the first button in the group list and not the close window button</description>
			<left>-16</left>
			<top>-16</top>
			<width>4</width>
			<height>4</height>
			<label>-</label>
			<font>-</font>
			<onfocus>down</onfocus>
			<texturefocus>-</texturefocus>
			<texturenofocus>-</texturenofocus>
			<onleft>9000</onleft>
			<onright>9000</onright>
			<onup>9000</onup>
			<ondown>2</ondown>
		</control>
		<control type="image">
			<left>0</left>
			<top>0</top>
			<width>1280</width>
			<height>720</height>
			<texture>black-back.png</texture>
		</control>
		
		
		
		<control type="group" id="9000">
			<left>470</left>
			<top>160</top>
			<width>340</width>
			
			<control type="group" id="1">
				<width>340</width>
				<height>30</height>
				
				<control type="image" id="999">
					<description>background image</description>
					<left>0</left>
					<top>0</top>
					<width>340</width>
					<height>460</height>
					<texture border="20">DialogBack.png</texture>
				</control>
				
				<control type="button" id="20">
					<description>Close Window button</description>
					<left>262</left>
					<top>6</top>
					<width>64</width>
					<height>32</height>
					<label>-</label>
					<font>-</font>
					<onclick>PreviousMenu</onclick>
					<texturefocus>DialogCloseButton-focus.png</texturefocus>
					<texturenofocus>DialogCloseButton.png</texturenofocus>
					<onleft>2</onleft>
					<onright>13</onright>
					<onup>13</onup>
					<ondown>2</ondown>
					<visible>System.GetBool(input.enablemouse)</visible>
					<hitrect x="260" y="6" w="64" h="24" />
				</control>
			</control>
			
			
			<control type="label">
				<left>0</left>
				<top>16</top>
				<width>340</width>
				<height>30</height>
				<font>font13_title</font>
				<textcolor>selected</textcolor>
				<selectedcolor>selected</selectedcolor>
				<align>center</align>
				<aligny>center</aligny>
				<label>$LOCALIZE[137]...</label>
			</control>
			
			<control type="grouplist">
				<left>18</left>
				<top>60</top>
				<itemgap>2</itemgap>
				
				<control type="radiobutton" id="2">
					<description>Search Video Library button</description>
					<width>304</width>
					<height>60</height>
					<textcolor>grey2</textcolor>
					<focusedcolor>white</focusedcolor>
					<align>left</align>
					<textoffsetx>70</textoffsetx>
					<textwidth>220</textwidth>
					<texturefocus border="5">button-focus.png</texturefocus>
					<texturenofocus border="5">button-nofocus-2px.png</texturenofocus>
					<onclick>Dialog.Close(all)</onclick>
					<onclick>ActivateWindow(Videos,return)</onclick>
					<onclick>VideoLibrary.Search</onclick>
					<pulseonselect>false</pulseonselect>
					<font>Regular21</font>
					<label>$LOCALIZE[1212] $LOCALIZE[14022]</label><!-- 14236 -->
					
					<colordiffuse>CCFFFFFF</colordiffuse>
					<radioposx>16</radioposx>
					<radiowidth>32</radiowidth>
					<radioheight>32</radioheight>
					<textureradioonfocus colordiffuse="ffFFFFFF">_added_img/icon_video_files.png</textureradioonfocus>
					<textureradioonnofocus colordiffuse="c0FFFFFF">_added_img/icon_video_files.png</textureradioonnofocus>
					<textureradioofffocus colordiffuse="ffFFFFFF">_added_img/icon_video_files.png</textureradioofffocus>
					<textureradiooffnofocus colordiffuse="c0FFFFFF">_added_img/icon_video_files.png</textureradiooffnofocus>
				</control>
				
				<control type="radiobutton" id="3">
					<description>Search TheMovieDb button</description>
					<width>304</width>
					<height>60</height>
					<textcolor>grey2</textcolor>
					<focusedcolor>white</focusedcolor>
					<align>left</align>
					<textoffsetx>70</textoffsetx>
					<textwidth>220</textwidth>
					<texturefocus border="5">button-focus.png</texturefocus>
					<texturenofocus border="5">button-nofocus-2px.png</texturenofocus>
					<onclick>Dialog.Close(all)</onclick>
					<onclick condition="System.hasAddon(script.extendedinfo)">RunScript(script.extendedinfo,info=moviedbbrowser,search=True)</onclick>
					<onclick condition="!System.hasAddon(script.extendedinfo)">InstallAddon(script.extendedinfo)</onclick>
					<pulseonselect>false</pulseonselect>
					<font>Regular21</font>
					<label>TheMovieDb.org</label>
					
					<colordiffuse>CCFFFFFF</colordiffuse>
					<radioposx>16</radioposx>
					<radiowidth>32</radiowidth>
					<radioheight>32</radioheight>
					<textureradioonfocus colordiffuse="ffFFFFFF">icon_addons.png</textureradioonfocus>
					<textureradioonnofocus colordiffuse="c0FFFFFF">icon_addons.png</textureradioonnofocus>
					<textureradioofffocus colordiffuse="ffFFFFFF">icon_addons.png</textureradioofffocus>
					<textureradiooffnofocus colordiffuse="c0FFFFFF">icon_addons.png</textureradiooffnofocus>
				</control>
				
				<control type="radiobutton" id="4">
					<description>Search YouTube button</description>
					<width>304</width>
					<height>60</height>
					<textcolor>grey2</textcolor>
					<focusedcolor>white</focusedcolor>
					<align>left</align>
					<textoffsetx>70</textoffsetx>
					<textwidth>220</textwidth>
					<texturefocus border="5">button-focus.png</texturefocus>
					<texturenofocus border="5">button-nofocus-2px.png</texturenofocus>
					<onclick>Dialog.Close(all)</onclick>
					
					<onclick condition="!System.hasAddon(plugin.video.youtube)">InstallAddon(plugin.video.youtube)</onclick>
					
					<onclick condition="System.hasAddon(plugin.video.youtube)">ActivateWindow(Videos,plugin://plugin.video.youtube/kodion/search/list/,return)</onclick>
					
					<!--
					<onclick condition="System.hasAddon(plugin.video.youtube)">AlarmClock(YouTubeSearchFocusFix1,SetFocus(50),00:01,silent)</onclick>
					<onclick condition="System.hasAddon(plugin.video.youtube)">AlarmClock(YouTubeSearchFocusFix2,SetFocus(50),00:02,silent)</onclick>
					-->
					
					<!--
					<onclick condition="System.hasAddon(plugin.video.youtube)">ActivateWindow(Videos,plugin://plugin.video.youtube/,return)</onclick>
					<onclick condition="System.hasAddon(plugin.video.youtube)">AlarmClock(DelayDummy1,ActivateWindow(Videos,plugin://plugin.video.youtube/kodion/search/list/),00:03)</onclick>
					<onclick condition="System.hasAddon(plugin.video.youtube)">AlarmClock(DelayDummy2,SetFocus(50),00:02,silent)</onclick>
					-->
					
					<pulseonselect>false</pulseonselect>
					<font>Regular21</font>
					<label>YouTube</label>
					
					<colordiffuse>CCFFFFFF</colordiffuse>
					<radioposx>16</radioposx>
					<radiowidth>32</radiowidth>
					<radioheight>32</radioheight>
					<textureradioonfocus colordiffuse="ffFFFFFF">icon_addons.png</textureradioonfocus>
					<textureradioonnofocus colordiffuse="c0FFFFFF">icon_addons.png</textureradioonnofocus>
					<textureradioofffocus colordiffuse="ffFFFFFF">icon_addons.png</textureradioofffocus>
					<textureradiooffnofocus colordiffuse="c0FFFFFF">icon_addons.png</textureradiooffnofocus>
				</control>
				
				<control type="radiobutton" id="5">
					<description>Search Music Library button</description>
					<width>304</width>
					<height>60</height>
					<textcolor>grey2</textcolor>
					<focusedcolor>white</focusedcolor>
					<align>left</align>
					<textoffsetx>70</textoffsetx>
					<textwidth>220</textwidth>
					<texturefocus border="5">button-focus.png</texturefocus>
					<texturenofocus border="5">button-nofocus-2px.png</texturenofocus>
					<onclick>Dialog.Close(all)</onclick>
					<onclick>ActivateWindow(Music,return)</onclick>
					<onclick>SendClick(10502,8)</onclick>
					<pulseonselect>false</pulseonselect>
					<font>Regular21</font>
					<label>$LOCALIZE[1211] $LOCALIZE[14022]</label><!-- 14237 -->
					
					<colordiffuse>CCFFFFFF</colordiffuse>
					<radioposx>16</radioposx>
					<radiowidth>32</radiowidth>
					<radioheight>32</radioheight>
					<textureradioonfocus colordiffuse="ffFFFFFF">icon_music.png</textureradioonfocus>
					<textureradioonnofocus colordiffuse="c0FFFFFF">icon_music.png</textureradioonnofocus>
					<textureradioofffocus colordiffuse="ffFFFFFF">icon_music.png</textureradioofffocus>
					<textureradiooffnofocus colordiffuse="c0FFFFFF">icon_music.png</textureradiooffnofocus>
				</control>
				
				<control type="radiobutton" id="6">
					<description>Search TV button</description>
					<width>304</width>
					<height>60</height>
					<textcolor>grey2</textcolor>
					<focusedcolor>white</focusedcolor>
					<align>left</align>
					<textoffsetx>70</textoffsetx>
					<textwidth>220</textwidth>
					<texturefocus border="5">button-focus.png</texturefocus>
					<texturenofocus border="5">button-nofocus-2px.png</texturenofocus>
					<onclick>Dialog.Close(all)</onclick>
					<onclick>ActivateWindow(TVSearch)</onclick>
					<pulseonselect>false</pulseonselect>
					<font>Regular21</font>
					<label>$LOCALIZE[19020] - EPG</label>
					
					<colordiffuse>CCFFFFFF</colordiffuse>
					<radioposx>16</radioposx>
					<radiowidth>32</radiowidth>
					<radioheight>32</radioheight>
					<textureradioonfocus colordiffuse="ffFFFFFF">_added_img/icon_pvr.png</textureradioonfocus>
					<textureradioonnofocus colordiffuse="c0FFFFFF">_added_img/icon_pvr.png</textureradioonnofocus>
					<textureradioofffocus colordiffuse="ffFFFFFF">_added_img/icon_pvr.png</textureradioofffocus>
					<textureradiooffnofocus colordiffuse="c0FFFFFF">_added_img/icon_pvr.png</textureradiooffnofocus>
				</control>
				
				<control type="radiobutton" id="7">
					<description>Search Radio button</description>
					<width>304</width>
					<height>60</height>
					<textcolor>grey2</textcolor>
					<focusedcolor>white</focusedcolor>
					<align>left</align>
					<textoffsetx>70</textoffsetx>
					<textwidth>220</textwidth>
					<texturefocus border="5">button-focus.png</texturefocus>
					<texturenofocus border="5">button-nofocus-2px.png</texturenofocus>
					<onclick>Dialog.Close(all)</onclick>
					<onclick>ActivateWindow(RadioSearch)</onclick>
					<pulseonselect>false</pulseonselect>
					<font>Regular21</font>
					<label>$LOCALIZE[19021] - EPG</label>
					
					<colordiffuse>CCFFFFFF</colordiffuse>
					<radioposx>16</radioposx>
					<radiowidth>32</radiowidth>
					<radioheight>32</radioheight>
					<textureradioonfocus colordiffuse="ffFFFFFF">_added_img/icon_pvr.png</textureradioonfocus>
					<textureradioonnofocus colordiffuse="c0FFFFFF">_added_img/icon_pvr.png</textureradioonnofocus>
					<textureradioofffocus colordiffuse="ffFFFFFF">_added_img/icon_pvr.png</textureradioofffocus>
					<textureradiooffnofocus colordiffuse="c0FFFFFF">_added_img/icon_pvr.png</textureradiooffnofocus>
				</control>
				
				
				
			</control>
			
			
			
		</control>
	</controls>
</window>
