<?xml version="1.0" encoding="UTF-8"?>
<window>
	
	<zorder>0</zorder>
	
	<defaultcontrol>1</defaultcontrol>
	
	<visible>!Player.HasGame</visible><!-- Kodi 18+ -->
	<visible>!Window.IsVisible(SliderDialog) 
						
						
						+
						[
								[
									Player.HasMedia + Player.HasVideo + !Player.HasAudio
									
									+ [[String.IsEmpty(Window(Home).Property(PlayBackJustStarted)) + String.IsEmpty(Window(Home).Property(PlayBackJustEnded))] | VideoPlayer.Content(LiveTV) | Window.IsActive(VideoOSD)]
									
								]
							| 
								[
								Player.HasMedia + !Player.HasVideo + Player.HasAudio
								]
						]
						

						
						
						
						+ [Player.HasMedia + [Player.HasVideo | Player.HasAudio]]
						
						+ [Player.ShowInfo | Window.IsActive(VideoOSD) | Window.IsActive(MusicOSD) | Player.Seeking | Player.DisplayAfterSeek | Player.HasPerformedSeek(2) | [Player.Paused + !Skin.HasSetting(NoInfoOsdOnPause) + Player.HasVideo] | [Player.Paused + [!Player.HasVideo + Player.HasAudio]] | [Player.Paused + Skin.HasSetting(NoInfoOsdOnPause) + !Window.IsVisible(FullScreenVideo) + !Window.IsVisible(VideoOSD)] | Player.Forwarding | Player.Rewinding | Player.ShowTime | Player.IsTempo] 
						
						+ !Window.IsActive(MovieInformation)</visible>
	
	<animation effect="fade" end="100" time="500">WindowOpen</animation>
	<animation effect="fade" end="0" time="500" delay="1500">WindowClose</animation>
	<depth>DepthOSD</depth>
	
	<controls><!-- WRAPPER START --><control type="group"><centerleft>50%</centerleft><centertop>50%</centertop><width>1920</width><height>1080</height><!-- WRAPPER START -->
		
		
		
		<control type="group">
			<visible>!Window.IsVisible(FullscreenVideo) + !Window.IsVisible(Visualisation)</visible>
			
			<include>VisibleFadeEffect</include>
			
			<control type="group">
				
				<animation effect="fade" end="80" time="0" condition="true">Conditional</animation>
				
				<left>495</left>
				<top>-11</top>
				<control type="group">
					<left>390</left>
					<top>17</top>
					
					<control type="image">
						<left>-43</left>
						<top>6</top>
						<width>66</width>
						<height>66</height>
						<texture>osd/playerstatus/$VAR[isUhdScreenStringFolder]OSDSeekRewind.png</texture>
						<visible>Player.Rewinding + !String.StartsWith(Player.PlaySpeed,0.) + !String.StartsWith(Player.PlaySpeed,1.)</visible>
						<include>VisibleFadeEffect</include>
					</control>
					<control type="image">
						<left>127</left>
						<top>6</top>
						<width>66</width>
						<height>66</height>
						<texture>osd/playerstatus/$VAR[isUhdScreenStringFolder]OSDSeekForward.png</texture>
						<visible>Player.Forwarding + !String.StartsWith(Player.PlaySpeed,0.) + !String.StartsWith(Player.PlaySpeed,1.)</visible>
						<include>VisibleFadeEffect</include>
					</control>
					
					<control type="image">
						<left>42</left>
						<top>6</top>
						<width>66</width>
						<height>66</height>
						<texture>osd/playerstatus/$VAR[isUhdScreenStringFolder]OSDPause.png</texture>
						<visible>Player.Paused</visible>
						<include>VisibleFadeEffect</include>
					</control>
					
					<control type="group">
						
						<visible>String.StartsWith(Player.PlaySpeed,0.) | String.StartsWith(Player.PlaySpeed,1.)</visible>
						<include>VisibleFadeEffect</include>
						
						<control type="image">
							<left>42</left>
							<top>6</top>
							<width>66</width>
							<height>66</height>
							<texture>osd/playerstatus/$VAR[isUhdScreenStringFolder]OSD0.8x.png</texture>
							<visible>String.IsEqual(Player.PlaySpeed,0.80)</visible>
						</control>
						<control type="image">
							<left>42</left>
							<top>6</top>
							<width>66</width>
							<height>66</height>
							<texture>osd/playerstatus/$VAR[isUhdScreenStringFolder]OSD0.9x.png</texture>
							<visible>String.IsEqual(Player.PlaySpeed,0.90)</visible>
						</control>
						<control type="image">
							<left>42</left>
							<top>6</top>
							<width>66</width>
							<height>66</height>
							<texture>osd/playerstatus/$VAR[isUhdScreenStringFolder]OSD1.1x.png</texture>
							<visible>String.IsEqual(Player.PlaySpeed,1.10)</visible>
						</control>
						<control type="image">
							<left>42</left>
							<top>6</top>
							<width>66</width>
							<height>66</height>
							<texture>osd/playerstatus/$VAR[isUhdScreenStringFolder]OSD1.2x.png</texture>
							<visible>String.IsEqual(Player.PlaySpeed,1.20)</visible>
						</control>
						<control type="image">
							<left>42</left>
							<top>6</top>
							<width>66</width>
							<height>66</height>
							<texture>osd/playerstatus/$VAR[isUhdScreenStringFolder]OSD1.3x.png</texture>
							<visible>String.IsEqual(Player.PlaySpeed,1.30)</visible>
						</control>
						<control type="image">
							<left>42</left>
							<top>6</top>
							<width>66</width>
							<height>66</height>
							<texture>osd/playerstatus/$VAR[isUhdScreenStringFolder]OSD1.4x.png</texture>
							<visible>String.IsEqual(Player.PlaySpeed,1.40)</visible>
						</control>
						<control type="image">
							<left>42</left>
							<top>6</top>
							<width>66</width>
							<height>66</height>
							<texture>osd/playerstatus/$VAR[isUhdScreenStringFolder]OSD1.5x.png</texture>
							<visible>String.IsEqual(Player.PlaySpeed,1.50)</visible>
						</control>
					</control>
					
					<control type="group">
						
						<visible>Player.Rewinding + !String.StartsWith(Player.PlaySpeed,0.) + !String.StartsWith(Player.PlaySpeed,1.)</visible>
						<include>VisibleFadeEffect</include>
						
						<!-- rewinding -->
						<control type="image">
							<left>37</left>
							<top>6</top>
							<width>66</width>
							<height>66</height>
							<texture>osd/playerstatus/$VAR[isUhdScreenStringFolder]OSD2x.png</texture>
							<visible>Player.Rewinding2x</visible>
						</control>
						<control type="image">
							<left>32</left>
							<top>6</top>
							<width>66</width>
							<height>66</height>
							<texture>osd/playerstatus/$VAR[isUhdScreenStringFolder]OSD4x.png</texture>
							<visible>Player.Rewinding4x</visible>
						</control>
						<control type="image">
							<left>27</left>
							<top>6</top>
							<width>66</width>
							<height>66</height>
							<texture>osd/playerstatus/$VAR[isUhdScreenStringFolder]OSD8x.png</texture>
							<visible>Player.Rewinding8x</visible>
						</control>
						<control type="image">
							<left>22</left>
							<top>6</top>
							<width>66</width>
							<height>66</height>
							<texture>osd/playerstatus/$VAR[isUhdScreenStringFolder]OSD16x.png</texture>
							<visible>Player.Rewinding16x</visible>
						</control>
						<control type="image">
							<left>17</left>
							<top>6</top>
							<width>66</width>
							<height>66</height>
							<texture>osd/playerstatus/$VAR[isUhdScreenStringFolder]OSD32x.png</texture>
							<visible>Player.Rewinding32x</visible>
						</control>
					</control>
					
					<control type="group">
						
						<visible>Player.Forwarding + !String.StartsWith(Player.PlaySpeed,0.) + !String.StartsWith(Player.PlaySpeed,1.)</visible>
						<include>VisibleFadeEffect</include>
						
						<!-- forwarding -->
						<control type="image">
							<left>47</left>
							<top>6</top>
							<width>66</width>
							<height>66</height>
							<texture>osd/playerstatus/$VAR[isUhdScreenStringFolder]OSD2x.png</texture>
							<visible>Player.Forwarding2x</visible>
						</control>
						<control type="image">
							<left>52</left>
							<top>6</top>
							<width>66</width>
							<height>66</height>
							<texture>osd/playerstatus/$VAR[isUhdScreenStringFolder]OSD4x.png</texture>
							<visible>Player.Forwarding4x</visible>
						</control>
						<control type="image">
							<left>57</left>
							<top>6</top>
							<width>66</width>
							<height>66</height>
							<texture>osd/playerstatus/$VAR[isUhdScreenStringFolder]OSD8x.png</texture>
							<visible>Player.Forwarding8x</visible>
						</control>
						<control type="image">
							<left>62</left>
							<top>6</top>
							<width>66</width>
							<height>66</height>
							<texture>osd/playerstatus/$VAR[isUhdScreenStringFolder]OSD16x.png</texture>
							<visible>Player.Forwarding16x</visible>
						</control>
						<control type="image">
							<left>67</left>
							<top>6</top>
							<width>66</width>
							<height>66</height>
							<texture>osd/playerstatus/$VAR[isUhdScreenStringFolder]OSD32x.png</texture>
							<visible>Player.Forwarding32x</visible>
						</control>
					</control>
					
				</control>
			</control>
		</control>
		
		
		
		
		
		
		<control type="group">
			<visible>Window.IsVisible(FullscreenVideo) | Window.IsVisible(Visualisation)</visible>
			
			<include>VisibleFadeEffect</include>
			
			<left>99</left>
			<top>189r</top>
			
			<control type="group">
				<visible>!Window.IsVisible(SliderDialog) + !Window.IsVisible(VideoBookmarks)</visible>
				
				<include>VisibleFadeEffect3</include>
				
				<control type="group">
					
					<animation effect="fade" end="80" time="0" condition="true">Conditional</animation>
					
					<left>378</left>
					<top>-452</top>
					
					<control type="group">
						<left>408</left>
						
						<control type="image">
							<left>-43</left>
							<top>6</top>
							<width>66</width>
							<height>66</height>
							<texture>osd/playerstatus/$VAR[isUhdScreenStringFolder]OSDSeekRewind.png</texture>
							<visible>Player.Rewinding + !String.StartsWith(Player.PlaySpeed,0.) + !String.StartsWith(Player.PlaySpeed,1.)</visible>
							<include>VisibleFadeEffect</include>
						</control>
						<control type="image">
							<left>127</left>
							<top>6</top>
							<width>66</width>
							<height>66</height>
							<texture>osd/playerstatus/$VAR[isUhdScreenStringFolder]OSDSeekForward.png</texture>
							<visible>Player.Forwarding + !String.StartsWith(Player.PlaySpeed,0.) + !String.StartsWith(Player.PlaySpeed,1.)</visible>
							<include>VisibleFadeEffect</include>
						</control>
						
						<control type="image">
							<left>42</left>
							<top>6</top>
							<width>66</width>
							<height>66</height>
							<texture>osd/playerstatus/$VAR[isUhdScreenStringFolder]OSDPause.png</texture>
							<visible>Player.Paused + [!Skin.HasSetting(NoInfoOsdOnPause) | [!Player.HasVideo + Player.HasAudio]]</visible>
							<include>VisibleFadeEffect</include>
						</control>
						
						<control type="group">
							
							<visible>String.StartsWith(Player.PlaySpeed,0.) | String.StartsWith(Player.PlaySpeed,1.)</visible>
							<include>VisibleFadeEffect</include>
							
							<control type="image">
								<left>42</left>
								<top>6</top>
								<width>66</width>
								<height>66</height>
								<texture>osd/playerstatus/$VAR[isUhdScreenStringFolder]OSD0.8x.png</texture>
								<visible>String.IsEqual(Player.PlaySpeed,0.80)</visible>
							</control>
							<control type="image">
								<left>42</left>
								<top>6</top>
								<width>66</width>
								<height>66</height>
								<texture>osd/playerstatus/$VAR[isUhdScreenStringFolder]OSD0.9x.png</texture>
								<visible>String.IsEqual(Player.PlaySpeed,0.90)</visible>
							</control>
							<control type="image">
								<left>42</left>
								<top>6</top>
								<width>66</width>
								<height>66</height>
								<texture>osd/playerstatus/$VAR[isUhdScreenStringFolder]OSD1.1x.png</texture>
								<visible>String.IsEqual(Player.PlaySpeed,1.10)</visible>
							</control>
							<control type="image">
								<left>42</left>
								<top>6</top>
								<width>66</width>
								<height>66</height>
								<texture>osd/playerstatus/$VAR[isUhdScreenStringFolder]OSD1.2x.png</texture>
								<visible>String.IsEqual(Player.PlaySpeed,1.20)</visible>
							</control>
							<control type="image">
								<left>42</left>
								<top>6</top>
								<width>66</width>
								<height>66</height>
								<texture>osd/playerstatus/$VAR[isUhdScreenStringFolder]OSD1.3x.png</texture>
								<visible>String.IsEqual(Player.PlaySpeed,1.30)</visible>
							</control>
							<control type="image">
								<left>42</left>
								<top>6</top>
								<width>66</width>
								<height>66</height>
								<texture>osd/playerstatus/$VAR[isUhdScreenStringFolder]OSD1.4x.png</texture>
								<visible>String.IsEqual(Player.PlaySpeed,1.40)</visible>
							</control>
							<control type="image">
								<left>42</left>
								<top>6</top>
								<width>66</width>
								<height>66</height>
								<texture>osd/playerstatus/$VAR[isUhdScreenStringFolder]OSD1.5x.png</texture>
								<visible>String.IsEqual(Player.PlaySpeed,1.50)</visible>
							</control>
						</control>
						
						<control type="group">
							
							<visible>Player.Rewinding + !String.StartsWith(Player.PlaySpeed,0.) + !String.StartsWith(Player.PlaySpeed,1.)</visible>
							<include>VisibleFadeEffect</include>
							
							<!-- rewinding -->
							<control type="image">
								<left>37</left>
								<top>6</top>
								<width>66</width>
								<height>66</height>
								<texture>osd/playerstatus/$VAR[isUhdScreenStringFolder]OSD2x.png</texture>
								<visible>Player.Rewinding2x</visible>
							</control>
							<control type="image">
								<left>32</left>
								<top>6</top>
								<width>66</width>
								<height>66</height>
								<texture>osd/playerstatus/$VAR[isUhdScreenStringFolder]OSD4x.png</texture>
								<visible>Player.Rewinding4x</visible>
							</control>
							<control type="image">
								<left>27</left>
								<top>6</top>
								<width>66</width>
								<height>66</height>
								<texture>osd/playerstatus/$VAR[isUhdScreenStringFolder]OSD8x.png</texture>
								<visible>Player.Rewinding8x</visible>
							</control>
							<control type="image">
								<left>22</left>
								<top>6</top>
								<width>66</width>
								<height>66</height>
								<texture>osd/playerstatus/$VAR[isUhdScreenStringFolder]OSD16x.png</texture>
								<visible>Player.Rewinding16x</visible>
							</control>
							<control type="image">
								<left>17</left>
								<top>6</top>
								<width>66</width>
								<height>66</height>
								<texture>osd/playerstatus/$VAR[isUhdScreenStringFolder]OSD32x.png</texture>
								<visible>Player.Rewinding32x</visible>
							</control>
						</control>
						
						<control type="group">
							
							<visible>Player.Forwarding + !String.StartsWith(Player.PlaySpeed,0.) + !String.StartsWith(Player.PlaySpeed,1.)</visible>
							<include>VisibleFadeEffect</include>
							
							<!-- forwarding -->
							<control type="image">
								<left>47</left>
								<top>6</top>
								<width>66</width>
								<height>66</height>
								<texture>osd/playerstatus/$VAR[isUhdScreenStringFolder]OSD2x.png</texture>
								<visible>Player.Forwarding2x</visible>
							</control>
							<control type="image">
								<left>52</left>
								<top>6</top>
								<width>66</width>
								<height>66</height>
								<texture>osd/playerstatus/$VAR[isUhdScreenStringFolder]OSD4x.png</texture>
								<visible>Player.Forwarding4x</visible>
							</control>
							<control type="image">
								<left>57</left>
								<top>6</top>
								<width>66</width>
								<height>66</height>
								<texture>osd/playerstatus/$VAR[isUhdScreenStringFolder]OSD8x.png</texture>
								<visible>Player.Forwarding8x</visible>
							</control>
							<control type="image">
								<left>62</left>
								<top>6</top>
								<width>66</width>
								<height>66</height>
								<texture>osd/playerstatus/$VAR[isUhdScreenStringFolder]OSD16x.png</texture>
								<visible>Player.Forwarding16x</visible>
							</control>
							<control type="image">
								<left>67</left>
								<top>6</top>
								<width>66</width>
								<height>66</height>
								<texture>osd/playerstatus/$VAR[isUhdScreenStringFolder]OSD32x.png</texture>
								<visible>Player.Forwarding32x</visible>
							</control>
						</control>
						
					</control>
				</control>
				
				
				<!-- LEFT TIME LABEL -->
				<!-- Regular -->
				<control type="label">
					<description>Elapsed Time Label</description>
					<left>2</left>
					<top>2</top>
					<width>150</width>
					<height>60</height>
					<font>Light20</font>
					<align>left</align>
					<aligny>center</aligny>
					<label>$VAR[PlayerTimeLabel]</label>
					<visible>!Player.Seeking + !VideoPlayer.Content(LiveTV)</visible>
				</control>
				<!-- LiveTV + EPG -->
				<control type="label">
					<description>Elapsed Time Label</description>
					<left>2</left>
					<top>2</top>
					<width>150</width>
					<height>60</height>
					<font>Light20</font>
					<align>left</align>
					<aligny>center</aligny>
					<!-- Kodi 18+ changes -->
					<label>$INFO[VideoPlayer.StartTime(hh:mm)]</label>
					<visible>VideoPlayer.Content(LiveTV) + VideoPlayer.HasEpg</visible>
				</control>
				<!-- LiveTV + Non-EPG -->
				<control type="label">
					<description>Elapsed Time Label</description>
					<left>2</left>
					<top>2</top>
					<width>150</width>
					<height>60</height>
					<font>Light20</font>
					<align>left</align>
					<aligny>center</aligny>
					<label>$INFO[System.Time]</label>
					<visible>VideoPlayer.Content(LiveTV) + !VideoPlayer.HasEpg</visible>
				</control>
				<!-- Regular -->
				<control type="label">
					<description>Seek Time Label</description>
					<left>2</left>
					<top>2</top>
					<width>150</width>
					<height>60</height>
					<font>Light20</font>
					<align>left</align>
					<aligny>center</aligny>
					<label>$VAR[PlayerSeekTimeLabel]</label>
					<!-- Kodi 18+ info:   PVR.EpgEventSeekTime (no use for it yet in this skin) -->
					<visible>Player.Seeking + !VideoPlayer.Content(LiveTV)</visible>
					<textcolor>blue</textcolor>
				</control>
				
				
				
				
				
				<!-- [VideoFullScreen] (formerly) -->
				
				<!-- RIGHT TIME LABEL (Duration or FinishTime if LiveTV) -->
				<control type="group">
					
					<visible>Window.IsVisible(FullscreenVideo)</visible>
					
					<left>1570</left>
					<top>0</top>
					<control type="label">
						<visible>!VideoPlayer.Content(LiveTV)</visible>
						<left>0</left>
						<top>2</top>
						<width>150</width>
						<height>60</height>
						<font>Light20</font>
						<align>right</align>
						<aligny>center</aligny>
						<label>$VAR[PlayerTimeEndLabel]</label>
					</control>
					<control type="label">
						<visible>VideoPlayer.Content(LiveTV) + VideoPlayer.HasEpg</visible>
						<left>0</left>
						<top>2</top>
						<width>150</width>
						<height>60</height>
						<font>Light20</font>
						<align>right</align>
						<aligny>center</aligny>
						<!-- Kodi 18+ changes -->
						<label>$INFO[VideoPlayer.EndTime(hh:mm)]</label>
					</control>
					<control type="label">
						<visible>VideoPlayer.Content(LiveTV) + !VideoPlayer.HasEpg</visible>
						<left>0</left>
						<top>2</top>
						<width>150</width>
						<height>60</height>
						<font>Light20</font>
						<align>right</align>
						<aligny>center</aligny>
						<label>$INFO[System.Time]</label>
					</control>
				</control>
				
				<!-- [MusicVisualisation] (formerly) -->
				
				<!-- RIGHT LABEL (Duration or FinishTime if LiveTV) -->
				<control type="group">
					
					<visible>Window.IsVisible(Visualisation)</visible>
					
					<left>1570</left>
					<top>0</top>
					<control type="label">
						<left>0</left>
						<top>2</top>
						<width>150</width>
						<height>60</height>
						<font>Light20</font>
						<align>right</align>
						<aligny>center</aligny>
						<label>$VAR[PlayerTimeEndLabel]</label>
						<visible>!MusicPlayer.Content(LiveTV)</visible>
					</control>
					<control type="label">
						<left>0</left>
						<top>2</top>
						<width>150</width>
						<height>60</height>
						<font>Light20</font>
						<align>right</align>
						<aligny>center</aligny>
						<!-- Kodi 18+ changes -->
						<label>$INFO[VideoPlayer.EndTime(hh:mm)]</label>
						<visible>MusicPlayer.Content(LiveTV) + VideoPlayer.HasEpg</visible>
					</control>
					<control type="label">
						<left>0</left>
						<top>2</top>
						<width>150</width>
						<height>60</height>
						<font>Light20</font>
						<align>right</align>
						<aligny>center</aligny>
						<label>$INFO[System.Time]</label>
						<visible>MusicPlayer.Content(LiveTV) + !VideoPlayer.HasEpg</visible>
					</control>
				</control>
				
				
				
				
				
				
				
				
				
				
				
				<!-- ----------------------------------------------------------------------
				Seek bar area
				----------------------------------------------------------------------- -->
				
				
				
				<!-- [Very-transparent-base] [No-fill]   Empty Fake Progress Bar for LiveTV channels without EPG data -->
				<control type="progress">
					<description>ProgressbarCacheDummyForNoEPGChannelPreview</description>
					<include>SeekBarMiddlePartDimensions</include>
					
					<visible>VideoPlayer.Content(LiveTV) + !VideoPlayer.HasEpg</visible>
					
					<include>progressBarStyleSeekBarCacheDummyBg</include>
					
				</control>
				
				
				
				<!-- [Very-transparent]   left piece -->
				<control type="image">
					<include>SeekBarLeftPieceDimensions</include>
					<texture colordiffuse="30FFFFFF">osd/progress/progress-9px-start-end.png</texture>
				</control>
				<!-- [Very-transparent]   end piece -->
				<control type="image">
					<include>SeekBarEndPieceDimensions</include>
					<texture colordiffuse="30FFFFFF" flipx="true">osd/progress/progress-9px-start-end.png</texture>
				</control>
				<!-- [Full-white]   left piece -->
				<control type="image">
					<include>SeekBarLeftPieceDimensions</include>
					<texture colordiffuse="EBFFFFFF">osd/progress/progress-9px-start-end.png</texture>
					<visible>![VideoPlayer.Content(LiveTV) + !VideoPlayer.HasEpg]</visible>
				</control>
				<!-- [Full-white]   end piece -->
				<control type="image">
					<include>SeekBarEndPieceDimensions</include>
					<texture colordiffuse="EBFFFFFF" flipx="true">osd/progress/progress-9px-start-end.png</texture>
					<visible>!VideoPlayer.Content(LiveTV) + Integer.IsGreaterOrEqual(Player.Progress,100) + Integer.IsLessOrEqual(Player.TimeRemaining(hh),00) + Integer.IsLessOrEqual(Player.TimeRemaining(mm),00) + Integer.IsLessOrEqual(Player.TimeRemaining(ss),02)</visible>
					<visible>String.IsEqual(Window(10000).Property(CH.Player.Progress),100.0)</visible>
				</control>
				
				
				
				<!-- [No-base] [Medium-transparent-fill]   Progress Bar Cache -->
				<control type="progress">
					<description>ProgressbarCache</description>
					<include>SeekBarMiddlePartDimensions</include>
					<info>Player.ProgressCache</info>
					
					<visible>!VideoPlayer.Content(LiveTV)</visible>
					
					<include>progressBarStyleSeekBarCache</include>
					
				</control>
				<!-- [No-base] [Medium-transparent-fill]   Progress Bar Cache: End piece (Player.ProgressCache == 100) -->
				<control type="image">
					<include>SeekBarEndPieceDimensions</include>
					<texture colordiffuse="25FFFFFF" flipx="true">osd/progress/progress-9px-start-end.png</texture>
					<visible>!VideoPlayer.Content(LiveTV) + Integer.IsGreaterOrEqual(Player.ProgressCache,100)</visible>
				</control>
				
				
				
				<!-- [No-base] [Medium-transparent-fill]   (Kodi 18+) Progress Bar LiveTV TimeShift Cache -->
				<control type="progress">
					<description>ProgressbarTimeshift</description>
					<include>SeekBarMiddlePartDimensions</include>
					<info>PVR.TimeshiftProgressBufferEnd</info>
					
					<visible>PVR.IsTimeShift</visible>
					
					<include>progressBarStyleSeekBarCache</include>
					
				</control>
				<!--dev-bc-->
				
				
				
				
				
				<!-- [Very-transparent-base] [Full-white-fill]   (Kodi 17+) Progress Bar LiveTV + HasEPG -->
				<control type="progress">
					<description>Progressbar</description>
					<include>SeekBarMiddlePartDimensions</include>
					<info>PVR.EpgEventProgress</info><!-- Kodi 18+ changes -->
					<visible>[VideoPlayer.Content(LiveTV) + VideoPlayer.HasEpg]</visible>
					<include>progressBarStyleSeekBar</include>
				</control>
				<!--dev-bc-->
				
				
				
				<!--dev-bc-->
				<!-- [Very-transparent-base] [Full-white-fill]   Progress Bar non-LiveTV -->
				<control type="group">
					<visible>!VideoPlayer.Content(LiveTV)</visible>
					
					<control type="image">
						<include>SeekBarMiddlePartDimensions</include>
						<texture colordiffuse="30FFFFFF">osd/progress/progress-mid-2px.png</texture>
					</control>
					<control type="image">
						<include>SeekBarMiddlePartDimensions</include>
						<texture colordiffuse="EBFFFFFF">osd/progress/progress-mid-2px.png</texture>
						<include>PlayerProgressScalingCH</include>
						<visible>Integer.IsGreaterOrEqual(Player.Progress,0) + !String.IsEmpty(Window(10000).Property(CH.Player.Progress))</visible>
						<visible>![ Integer.IsEqual(Player.Progress,0) + [String.StartsWith(Window(10000).Property(CH.Player.Progress),99.) | String.StartsWith(Window(10000).Property(CH.Player.Progress),100.)] ]</visible>
					</control>
					
				</control>
				
				
				
				
				
				
				<!-- Seek Slider Kodi 18+ LiveTV seek-->
				<include condition="!String.StartsWith(System.BuildVersion,17.) + String.StartsWith(System.BuildVersion,18.)">PVR_SeekSlider_Kodi_18</include>
				
				<!-- Seek Slider Kodi 19+ LiveTV seek-->
				<include condition="!String.StartsWith(System.BuildVersion,17.) + !String.StartsWith(System.BuildVersion,18.)">PVR_SeekSlider_Kodi_19+</include>
				
				
				
				<!-- Seek Slider -->
				<control type="slider"><info>Player.SeekBar</info><!-- formely id="401" -->
					<description>Seek Slider</description>
					<left>149</left>
					<top>10</top>
					<width>1424</width>
					<height>48</height>
					
					<texturesliderbar>osd/progress/seek_bg.png</texturesliderbar>
					<textureslidernib colordiffuse="$VAR[uiColorVariantSliderNibFocus]">osd/progress/seek_marker-neutral.png</textureslidernib>
					<textureslidernibfocus colordiffuse="$VAR[uiColorVariantSliderNibFocus]">osd/progress/seek_marker-neutral.png</textureslidernibfocus>
					
					<!-- Workaround: Reduce visual occurence of very short post seek slider jump (Kodi issue) -->
					<visible>!String.IsEmpty(Player.SeekTime) + !String.IsEqual(Player.SeekTime,Player.Time)</visible>
					
					<visible>![VideoPlayer.Content(LiveTV) + VideoPlayer.HasEpg]</visible>
					<!-- Kodi 18+ changes -->
					
					<visible>Player.Seeking + !String.IsEmpty(Player.SeekStepSize)</visible>
					
					<animation effect="slide" start="0,0" end="-3,0" time="0" condition="!String.IsEmpty(Player.SeekStepSize) + String.StartsWith(Player.SeekStepSize,-)" reversible="false">Conditional</animation>
					<animation effect="slide" start="0,0" end="3,0" time="0" condition="!String.IsEmpty(Player.SeekStepSize) + !String.StartsWith(Player.SeekStepSize,-)" reversible="false">Conditional</animation>
					
				</control>
				
				
				
				
				
				
			</control>
			
			
			
		</control>
		
		
		
	<include condition="Skin.HasSetting(EnableSkinDebugOutput)">DebugOverlay</include><!-- WRAPPER STOP --></control><!-- WRAPPER STOP --></controls>
</window>
