<?xml version="1.0" encoding="UTF-8"?>
<window>
	<defaultcontrol always="true">11</defaultcontrol>
	
	<include>dialogeffect</include>
	
	<controls><!-- WRAPPER START --><control type="group"><centerleft>50%</centerleft><centertop>50%</centertop><width>1920</width><height>1080</height><!-- WRAPPER START -->
		
		<control type="group">
			<left>1155</left>
			<top>0</top>
			<control type="image">
				
				<!-- SkinOutOfBounds -->
				<include condition="Integer.IsLess(Window(Home).Property(CinemaHelper.GetSettingValue.lookandfeel.skinzoom),0) | !String.IsEqual(Skin.AspectRatio,16:9)">SkinOutOfBoundsBgDimensionsPvrChannelsOrGuide</include>
				
				<left>0</left>
				<top>0</top>
				<width>765</width>
				<height>1080</height>
				
				<texture>colors/black.png</texture>
				<animation effect="fade" start="100" end="93" time="0" condition="Window.IsActive(fullscreenvideo) | Window.IsActive(visualisation)">Conditional</animation>
			</control>
			
			<control type="group">
				<left>0</left>
				<top>15</top>
				
				<control type="group">
					<left>-21</left>
					
					<control type="label">
						<description>header label</description>
						<left>64</left>
						<top>15</top>
						<width>630</width>
						<height>60</height>
						<font>Light24</font>
						<label>$LOCALIZE[19222]$INFO[VideoPlayer.ChannelName, - ,]</label>
						<align>left</align>
						<aligny>center</aligny>
						<textcolor>blue</textcolor>
					</control>
					<control type="label">
						<description>Selected item's date</description>
						<left>66</left>
						<top>90</top>
						<width>630</width>
						<height>45</height>
						<font>Regular18</font>
						<textcolor>grey2</textcolor>
						<label>$INFO[Container(11).ListItem.StartDate]</label>
						<align>left</align>
						<aligny>center</aligny>
					</control>
					
				</control>
				
				
				
				<control type="list" id="11">
					<left>45</left>
					<top>150</top>
					<width>639</width>
					<height>848</height>
					<onleft>11</onleft>
					<onright>60</onright>
					<onup>11</onup>
					<ondown>11</ondown>
					<viewtype label="535">list</viewtype>
					<pagecontrol>60</pagecontrol>
					<include>SimpleListViewsScrollTime2</include>
					<itemlayout height="53" width="639">
						<control type="image">
							<left>0</left>
							<top>0</top>
							<width>639</width>
							<height>47</height>
							<texture border="0,3,0,3">MenuItemNF.png</texture>
						</control>
						<control type="label">
							<left>15</left>
							<top>0</top>
							<width>150</width>
							<height>45</height>
							<font>Regular19</font>
							<textcolor>white</textcolor>
							<selectedcolor>selected</selectedcolor>
							<align>left</align>
							<aligny>center</aligny>
							<label>$INFO[ListItem.StartTime]</label>
						</control>
						<control type="image">
							<left>180</left>
							<top>11</top>
							<width>24</width>
							<height>24</height>
							<texture>$VAR[PVRTimerIcon]</texture>
						</control>
						<control type="label">
							<left>225</left>
							<top>0</top>
							<width>390</width>
							<height>45</height>
							<font>Light19</font>
							<textcolor>white</textcolor>
							<selectedcolor>selected</selectedcolor>
							<align>left</align>
							<aligny>center</aligny>
							<label>$INFO[ListItem.Label]</label>
						</control>
					</itemlayout>
					<focusedlayout height="53" width="639">
						<control type="image">
							<left>0</left>
							<top>0</top>
							<width>639</width>
							<height>47</height>
							<texture border="14" colordiffuse="$VAR[accentColorDiffuseForNeutralTextures]">button-focus-neutral.png</texture>
							<visible>Control.HasFocus(11)</visible>
							<include>VisibleFadeEffect</include>
							<include>FocusAnimationType1</include>
						</control>
						<control type="label">
							<left>15</left>
							<top>0</top>
							<width>150</width>
							<height>45</height>
							<font>Regular19</font>
							<textcolor>white</textcolor>
							<selectedcolor>selected</selectedcolor>
							<align>left</align>
							<aligny>center</aligny>
							<label>$INFO[ListItem.StartTime]</label>
						</control>
						<control type="image">
							<left>180</left>
							<top>11</top>
							<width>24</width>
							<height>24</height>
							<texture>$VAR[PVRTimerIcon]</texture>
						</control>
						<control type="label">
							<left>225</left>
							<top>0</top>
							<width>390</width>
							<height>45</height>
							<font>Light19</font>
							<textcolor>grey2</textcolor>
							<selectedcolor>selected</selectedcolor>
							<align>left</align>
							<aligny>center</aligny>
							<label>$INFO[ListItem.Label]</label>
							<scroll>false</scroll>
							<visible>!Control.HasFocus(11)</visible>
						</control>
						<control type="label">
							<left>225</left>
							<top>0</top>
							<width>390</width>
							<height>45</height>
							<font>Light19</font>
							<textcolor>white</textcolor>
							<selectedcolor>selected</selectedcolor>
							<align>left</align>
							<aligny>center</aligny>
							<label>$INFO[ListItem.Label]</label>
							<scroll>false</scroll>
							<visible>Control.HasFocus(11)</visible>
						</control>
					</focusedlayout>
				</control>
				<control type="scrollbar" id="60">
					<left>708</left>
					<top>150</top>
					<include>scrollBarStyleDefaultWidth</include>
					<height>842</height>
					<onleft>11</onleft>
					<onright>60</onright>
					<ondown>61</ondown>
					<onup>61</onup>
					<showonepage>false</showonepage>
					<include>scrollBarStyleDefault</include>
				</control>
			</control>
		</control>
		
		<include>FullScreenClock</include>
		
	<include condition="Skin.HasSetting(EnableSkinDebugOutput)">DebugOverlay</include><!-- WRAPPER STOP --></control><!-- WRAPPER STOP --></controls>
</window>
