<?xml version="1.0" encoding="UTF-8"?>
<window>
	<defaultcontrol always="true">8</defaultcontrol>
	
	
	
	<!--
	<onload condition="Window.IsVisible(1110)">Dialog.Close(1110,true)</onload>
	-->
	
	
	
	<!--<onload>RunScript(script.skin.helper.service,action=similarmovies,imdbid=$INFO[ListItem.IMDBNumber],limit=10,reload=$INFO[ListItem.IMDBNumber])</onload>-->
	
	
	<onload condition="Skin.HasSetting(ExperimentalVideoOsdInfoButton) +    !String.IsEmpty(Window(home).Property(OSDinfodialogButtonActive))">Control.SetFocus(888)</onload>
	
	<!-- DURATION SCRIPT -->
	<onload condition="System.HasAddon(script.duration_axbmcuser)">RunScript(script.duration_axbmcuser,backend=True)</onload>
	
	
	
	
	<onload condition="Skin.HasSetting(ExperimentalVideoOsdInfoButton) +    !String.IsEmpty(Window(home).Property(OSDinfodialogButtonActive)) + String.IsEqual(ListItem.FilenameAndPath,Player.FilenameAndPath)">Control.SetFocus(9000,0)</onload>
	<onload condition="Skin.HasSetting(ExperimentalVideoOsdInfoButton) +    !String.IsEmpty(Window(home).Property(OSDinfodialogButtonActive)) + !String.IsEqual(ListItem.FilenameAndPath,Player.FilenameAndPath)">Dialog.Close(all,true)</onload>
	
	
	
	
	<onunload condition="Skin.HasSetting(ExperimentalVideoOsdInfoButton) +    !String.IsEmpty(Window(home).Property(OSDinfodialogButtonActive))">fullscreen</onunload>
	
	<!--<onunload condition="!String.IsEmpty(Window(home).Property(OSDinfodialogButtonActive))">SetProperty(OSDinfodialogButtonActive,"",home)</onunload>-->
	<onunload condition="Skin.HasSetting(ExperimentalVideoOsdInfoButton) +    !String.IsEmpty(Window(home).Property(OSDinfodialogButtonActive))">ClearProperty(OSDinfodialogButtonActive,home)</onunload>
	<!--<onunload condition="!String.IsEmpty(Window(home).Property(OSDinfodialogButtonActive))">Notification(OSDinfodialogButtonActive CLEAR,$INFO[Window(home).Property(OSDinfodialogButtonActive)],5000)</onunload>-->
	
	
	<controls>
		<control type="group">
			<depth>DepthSideBlade</depth>
			<!--<visible>!Window.IsVisible(FileBrowser)</visible>-->
			

			<animation effect="fade" start="0" end="100" time="1000">WindowOpen</animation><!-- 750 -->
			<animation effect="fade" start="100" end="0" time="600">WindowClose</animation>
			
			<!-- BACKGROUND -->
			<control type="image">
				<left>0</left>
				<top>0</top>
				<width>1280</width>
				<height>720</height>
				<texture>_added_img/1280x720_black.png</texture>
				<!--<texture border="2" colordiffuse="FF1A1A1A">_added_img/main_menu_button-white.png</texture>-->
				<!--<animation effect="fade" end="100" time="0" condition="true">Conditional</animation> 94 -->
			</control>
			
			<!-- BACKGROUND LEFT GREY -->
			<control type="image">
				<left>0</left>
				<top>0</top>
				<width>486</width>
				<height>720</height>
				<texture border="2" colordiffuse="FF0c0c0c">_added_img/main_menu_button-white.png</texture>
			</control>
			
			<!-- CLOSE BUTTON -->
			<control type="button">
				<description>Close Window button</description>
				<left>1216</left>
				<top>0</top>
				<width>64</width>
				<height>32</height>
				<label>-</label>
				<font>-</font>
				<onclick>PreviousMenu</onclick>
				<texturefocus>DialogCloseButton-focus.png</texturefocus>
				<texturenofocus>DialogCloseButton.png</texturenofocus>
				<onleft>9000</onleft>
				<onright>9000</onright>
				<onup>9000</onup>
				<ondown>9000</ondown>
				<visible>System.GetBool(input.enablemouse)</visible>
			</control>
			
			
			<control type="group">

			
			
				<!-- MAIN POSTER -->
				
				
				<!-- scaled: crop -->
				<control type="image">
					<left>0</left>
					<top>0</top>
					<width>486</width>
					<height>720</height>
					<aspectratio aligny="center">scale</aspectratio>
					
					<!--<fadetime>IconCrossfadeTime</fadetime>-->
					
					<texture background="true">$VAR[PosterThumbInfoDialog]</texture>

					<animation effect="slide" start="-486,0" end="0,0" time="750" tween="quadratic" easing="out">WindowOpen</animation>
					<animation effect="slide" start="0,0" end="-486,0" time="300" tween="quadratic" easing="out">WindowClose</animation>
					
					<visible>String.IsEmpty(Container.PluginName) + !String.IsEmpty(ListItem.Art(poster))</visible>
				</control>
				
				<!-- keep: no crop -->
				<control type="image">
					<left>0</left>
					<top>0</top>
					<width>486</width>
					<height>720</height>
					<aspectratio aligny="top">keep</aspectratio>
					
					<!--<fadetime>IconCrossfadeTime</fadetime>-->
					
					<texture background="true">$VAR[PosterThumbInfoDialog]</texture>

					<animation effect="slide" start="-486,0" end="0,0" time="750" tween="quadratic" easing="out">WindowOpen</animation>
					<animation effect="slide" start="0,0" end="-486,0" time="300" tween="quadratic" easing="out">WindowClose</animation>
					
					<visible>!String.IsEmpty(Container.PluginName) | String.IsEmpty(ListItem.Art(poster))</visible>
				</control>
				
				
				
				<!--
				<control type="image">
					<left>360</left>
					<top>0</top>
					<width>126</width>
					<height>720</height>
					<aspectratio aligny="top">keep</aspectratio>

					<texture background="true">$INFO[ListItem.Art(tvshow.poster)]</texture>

					<animation effect="slide" start="-486,0" end="0,0" time="750" tween="quadratic" easing="out">WindowOpen</animation>
					<animation effect="slide" start="0,0" end="-486,0" time="300" tween="quadratic" easing="out">WindowClose</animation>
					
					<visible>String.IsEmpty(Container.PluginName) + !String.IsEmpty(ListItem.Art(tvshow.poster))</visible>
				</control>
				-->
				
				
				
			</control>
			
			
			
			
			
					
			<control type="group">

				<!--
				<animation effect="fade" start="0" end="100" time="500">WindowOpen</animation>
				<animation effect="fade" start="100" end="0" time="500">WindowClose</animation>
				-->

				

				<animation effect="slide" start="794,0" end="0,0" time="750" tween="quadratic" easing="out">WindowOpen</animation>
				<animation effect="slide" start="0,0" end="794,0" time="300" tween="quadratic" easing="out">WindowClose</animation>
	
				
				<left>504</left><!-- 486 -->
				<top>18</top><!-- 0 -->
				<width>794</width>
				<height>720</height>

				
				
				<!-- STANDARD -->
				<control type="label">
					<description>subheader label</description>
					<left>36</left>
					<top>5</top>
					<width>700</width>
					<height>200</height>
					<label>$INFO[ListItem.Year,[COLOR=grey],[/COLOR]    ]$INFO[ListItem.TVShowTitle,[COLOR=grey],[/COLOR]    ]$INFO[ListItem.Studio,, ]</label>
					<textcolor>grey3</textcolor>
					<align>left</align>
					<visible>!Container.Content(TvShows) + !Container.Content(Episodes)</visible>
				</control>
				<!-- TV SHOWS -->
				<control type="label">
					<description>subheader label</description>
					<left>36</left>
					<top>5</top>
					<width>700</width>
					<height>200</height>
					<label>$INFO[ListItem.Year,[COLOR=grey],[/COLOR]    ]$INFO[ListItem.Studio,, ]</label>
					<textcolor>grey3</textcolor>
					<align>left</align>
					<visible>Container.Content(TvShows) + !Container.Content(Episodes)</visible>
				</control>
				<!-- TV SHOW EPISODES -->
				<control type="label">
					<description>subheader label</description>
					<left>36</left>
					<top>5</top>
					<width>700</width>
					<height>200</height>
					<label>$INFO[ListItem.TVShowTitle,[COLOR=grey],[/COLOR]    ]$INFO[ListItem.Year,,    ]$INFO[ListItem.Studio,, ]</label>
					<textcolor>grey3</textcolor>
					<align>left</align>
					<visible>!Container.Content(TvShows) + Container.Content(Episodes)</visible>
				</control>
				
				
				
				<control type="label">
					<description>header label</description>
					<left>36</left><!-- 38 -->
					<top>27</top>
					<width>716</width>
					<height>38</height>
					<font>Regular30</font>
					<label>$INFO[Listitem.Title]</label>
					<align>left</align>
					<textcolor>white</textcolor>
					<scroll>true</scroll>
				</control>
				
				
				<!-- STINGER -->
				<control type="image">
					<left>-6</left>
					<!--<top>344</top>-->
					<!--<top>281</top>-->
					<top>2</top>
					<width>34</width>
					<height>34</height>
					<aspectratio>keep</aspectratio>
					<texture background="true">_added_img/stinger_scene.png</texture>
					<visible>!String.IsEmpty(ListItem.Tag) + [String.Contains(ListItem.Tag,aftercreditsstinger) | String.Contains(ListItem.Tag,duringcreditsstinger)]</visible>
					<animation effect="fade" end="15" time="0" condition="true">Conditional</animation>
				</control>
				
				
				<!-- overlay (watched etc.) -->
				<control type="image">
					<left>0</left>
					<top>38</top>
					<width>26</width>
					<height>26</height>
					<aspectratio>keep</aspectratio>
					<texture background="true">$INFO[ListItem.Overlay]</texture>
					<!--<animation effect="fade" end="100" time="0" condition="true">Conditional</animation>-->
				</control>
				

				
				
		
				<!--
				<control type="image">
					<left>36</left>
					<top>75</top>
					<width>735</width>
					<height>191</height>
					<texture border="4">button-nofocus.png</texture>
				</control>
				-->
				<!-- BACKGROUND RIGHT TOP GREY -->
				<control type="image">
					<left>36</left>
					<top>75</top>
					<width>740</width><!-- 735 717 -->
					<height>191</height>
					<texture border="2" colordiffuse="FF111111">_added_img/main_menu_button-white.png</texture>
				</control>

				<!-- CODEC INFO -->
				<control type="grouplist">
					<description>Media Codec Flagging Images</description>
					<left>32</left><!-- 28 -->
					<top>280</top><!--280 -->
					<width>739</width>
					<align>left</align>
					<itemgap>2</itemgap>
					<orientation>horizontal</orientation>
					<include>VisibleFadeEffect</include>
					<visible>[Container.Content(Movies) | Container.Content(TVShows) | Container.Content(Episodes) | Container.Content(MusicVideos)]</visible>
					

					<include>VideoMPAAFlaggingConditions</include>
					
					<include>VideoRatingStars</include>
					
					<include>VideoCodecFlaggingConditions</include>
					<include>AudioCodecFlaggingConditions</include>
					<include>AudioChannelsFlaggingConditions</include>
					<include>AspectCodecFlaggingConditions</include>
					<include>VideoStereoscopicsFlaggingConditions</include>
					<!--<include>VideoTypeHackFlaggingConditions</include>-->
				</control>
				
				
				
				
				
				<!-- MOVIES etc. -->
				<control type="group">
					<visible>[!Container.Content(TvShows) + !Container.Content(Episodes) + !Container.Content(MusicVideos)]</visible>
					<top>0</top>
					<left>0</left>
					<include>VisibleFadeEffect</include>
					
					<control type="list" id="49">
						<left>51</left>
						<top>80</top><!-- 120 -->
						<width>697</width><!-- 705 -->
						<height>180</height><!-- 170 -->
						
						<onleft>9000</onleft>
						<onright>9000</onright>
						<onup>9000</onup>
						<ondown>9000</ondown>
						
						<pagecontrol>80</pagecontrol>
						<scrolltime>200</scrolltime>
						
						<itemlayout width="697" height="30">
							<control type="label">
								<left>5</left>
								<top>0</top>
								<width>160</width>
								<height>30</height>
								<font>font13</font>
								<align>left</align>
								<aligny>center</aligny>
								<textcolor>blue</textcolor>
								<selectedcolor>selected</selectedcolor>
								<info>ListItem.Label</info>
							</control>
							<control type="label">
								<left>175</left>
								<top>0</top>
								<width>517</width><!-- 525 -->
								<height>30</height>
								<font>font13</font>
								<align>left</align>
								<aligny>center</aligny>
								<textcolor>white</textcolor>
								<selectedcolor>white</selectedcolor>
								<info>ListItem.Label2</info>
							</control>
						</itemlayout>
						<focusedlayout width="697" height="30">
							<control type="image">
								<left>0</left>
								<top>0</top>
								<width>697</width>
								<height>30</height>
								<visible>Control.HasFocus(49)</visible>
								<texture border="4">MenuItemFO.png</texture>
								<include>VisibleFadeEffect</include>
							</control>
							<control type="label">
								<left>5</left>
								<top>0</top>
								<width>160</width>
								<height>30</height>
								<font>font13</font>
								<align>left</align>
								<aligny>center</aligny>
								<textcolor>blue</textcolor>
								<selectedcolor>selected</selectedcolor>
								<info>ListItem.Label</info>
							</control>
							<control type="label">
								<left>175</left>
								<top>0</top>
								<width>517</width><!-- 525 -->
								<height>30</height>
								<font>font13</font>
								<align>left</align>
								<aligny>center</aligny>
								<textcolor>white</textcolor>
								<selectedcolor>white</selectedcolor>
								<info>ListItem.Label2</info>
							</control>
						</focusedlayout>
						<content>
							<item>
								<label>$LOCALIZE[21800]:</label>
								<label2>$INFO[ListItem.Filename]</label2>
								<onclick>noop</onclick>
								<visible>!String.IsEmpty(ListItem.Filename)</visible>
							</item>
							<!--
							<item>
								<label>$LOCALIZE[562]:</label>
								<label2>$INFO[ListItem.Year]</label2>
								<onclick>noop</onclick>
								<visible>!String.IsEmpty(ListItem.Year)</visible>
							</item>
							-->
							<item>
								<label>$LOCALIZE[515]:</label>
								<label2>$INFO[ListItem.Genre]</label2>
								<onclick>noop</onclick>
								<visible>!String.IsEmpty(ListItem.Genre)</visible>
							</item>
							<item>
								<label>$LOCALIZE[2050]:</label>
								<label2>$VAR[ItemDuration]</label2>
								<onclick>noop</onclick>
								<visible>!String.IsEmpty(ListItem.Duration)</visible>
							</item>
							<item>
								<label>$LOCALIZE[563]:</label>
								<label2>$INFO[ListItem.RatingAndVotes]$VAR[ItemRatingExternalOptional]</label2>
								<onclick>noop</onclick>
								<visible>!String.IsEmpty(ListItem.RatingAndVotes)</visible>
							</item>
							<item>
								<label>$LOCALIZE[38018]:</label>
								<label2>$INFO[ListItem.Userrating]</label2>
								<onclick>noop</onclick>
								<visible>!String.IsEmpty(ListItem.Userrating)</visible>
							</item>
							<item>
								<label>$LOCALIZE[20074]:</label>
								<label2>$INFO[ListItem.Mpaa]</label2>
								<onclick>noop</onclick>
								<visible>!String.IsEmpty(ListItem.Mpaa) + [!String.Contains(ListItem.Mpaa,Rated G) + !String.Contains(ListItem.Mpaa,Rated PG-13) + !String.Contains(ListItem.Mpaa,Rated PG) + !String.Contains(ListItem.Mpaa,Rated R) + !String.Contains(ListItem.Mpaa,Rated NC) + !String.Contains(ListItem.Mpaa,US:not rated) + !String.Contains(ListItem.Mpaa,FSK )]</visible>
							</item>
							<item>
								<label>$LOCALIZE[20376]:</label>
								<label2>$INFO[ListItem.OriginalTitle]</label2>
								<onclick>noop</onclick>
								<visible>!String.IsEmpty(ListItem.OriginalTitle) + !String.IsEqual(ListItem.OriginalTitle,Listitem.Title)</visible>
							</item>
							<!--
							<item>
								<label>$LOCALIZE[202]:</label>
								<label2>$INFO[ListItem.TagLine]</label2>
								<onclick>noop</onclick>
								<visible>!String.IsEmpty(ListItem.TagLine)</visible>
							</item>
							-->
							<!--
							<item>
								<label>$LOCALIZE[572]:</label>
								<label2>$INFO[ListItem.Studio]</label2>
								<onclick>noop</onclick>
								<visible>!String.IsEmpty(ListItem.Studio)</visible>
							</item>
							-->
							<item>
								<label>$LOCALIZE[20339]:</label>
								<label2>$INFO[ListItem.Director]</label2>
								<onclick>SendClick(2003,13)</onclick>
								<visible>!String.IsEmpty(ListItem.Director)</visible>
							</item>
							<item>
								<label>$LOCALIZE[20417]:</label>
								<label2>$INFO[ListItem.Writer]</label2>
								<onclick>noop</onclick>
								<visible>!String.IsEmpty(ListItem.Writer)</visible>
							</item>
							<!--
							<item>
								<label>$LOCALIZE[203]:</label>
								<label2>$INFO[ListItem.PlotOutline]</label2>
								<onclick>noop</onclick>
								<visible>!String.IsEmpty(ListItem.PlotOutline)</visible>
							</item>
							-->
							<item>
								<label>$LOCALIZE[15311]</label>
								<label2>$INFO[ListItem.FilenameAndPath]</label2>
								<onclick>noop</onclick>
								<visible>!String.IsEmpty(ListItem.FilenameAndPath)</visible>
							</item>
							
							
							
							<item>
								<label>$LOCALIZE[20416]:</label>
								<label2>$INFO[ListItem.Premiered]</label2>
								<onclick>noop</onclick>
								<visible>!String.IsEmpty(ListItem.Premiered)</visible>
							</item>
							
							
							
						</content>
					</control>
				</control>
				
				
				
				
				<!-- TV SHOWS -->
				<control type="group">
					<visible>Container.Content(TVShows)</visible>
					<top>0</top>
					<left>0</left>
					<include>VisibleFadeEffect</include>
					
					<control type="list" id="49">
						<left>51</left>
						<top>80</top><!-- 120 -->
						<width>697</width><!-- 705 -->
						<height>180</height><!-- 170 -->
						<onleft>9000</onleft>
						<onright>9000</onright>
						<onup>9000</onup>
						<ondown>9000</ondown>
						<pagecontrol>80</pagecontrol>
						<scrolltime>200</scrolltime>
						<itemlayout width="697" height="30">
							<control type="label">
								<left>5</left>
								<top>0</top>
								<width>160</width>
								<height>30</height>
								<font>font13</font>
								<align>left</align>
								<aligny>center</aligny>
								<textcolor>blue</textcolor>
								<selectedcolor>selected</selectedcolor>
								<info>ListItem.Label</info>
							</control>
							<control type="label">
								<left>175</left>
								<top>0</top>
								<width>517</width><!-- 525 -->
								<height>30</height>
								<font>font13</font>
								<align>left</align>
								<aligny>center</aligny>
								<textcolor>white</textcolor>
								<selectedcolor>white</selectedcolor>
								<info>ListItem.Label2</info>
							</control>
						</itemlayout>
						<focusedlayout width="697" height="30">
							<control type="image">
								<left>0</left>
								<top>0</top>
								<width>697</width>
								<height>30</height>
								<visible>Control.HasFocus(49)</visible>
								<texture border="4">MenuItemFO.png</texture>
								<include>VisibleFadeEffect</include>
							</control>
							<control type="label">
								<left>5</left>
								<top>0</top>
								<width>160</width>
								<height>30</height>
								<font>font13</font>
								<align>left</align>
								<aligny>center</aligny>
								<textcolor>blue</textcolor>
								<selectedcolor>selected</selectedcolor>
								<info>ListItem.Label</info>
							</control>
							<control type="label">
								<left>175</left>
								<top>0</top>
								<width>517</width><!-- 525 -->
								<height>30</height>
								<font>font13</font>
								<align>left</align>
								<aligny>center</aligny>
								<textcolor>white</textcolor>
								<selectedcolor>white</selectedcolor>
								<info>ListItem.Label2</info>
							</control>
						</focusedlayout>
						<content>
							<item>
								<label>$LOCALIZE[20360]:</label>
								<label2>$INFO[listitem.episode] [COLOR=grey] ($INFO[ListItem.Property(WatchedEpisodes),, $LOCALIZE[16102]] - $INFO[ListItem.Property(UnWatchedEpisodes), , $LOCALIZE[16101]])[/COLOR]</label2>
								<onclick>noop</onclick>
								<visible>!String.IsEmpty(ListItem.Episode)</visible>
							</item>
							<item>
								<label>$LOCALIZE[20416]:</label>
								<label2>$INFO[ListItem.Premiered]</label2>
								<onclick>noop</onclick>
								<visible>!String.IsEmpty(ListItem.Premiered)</visible>
							</item>
							<item>
								<label>$LOCALIZE[515]:</label>
								<label2>$INFO[ListItem.Genre]</label2>
								<onclick>noop</onclick>
								<visible>!String.IsEmpty(ListItem.Genre)</visible>
							</item>
							<!--
							<item>
								<label>$LOCALIZE[562]:</label>
								<label2>$INFO[ListItem.Year]</label2>
								<onclick>noop</onclick>
								<visible>!String.IsEmpty(ListItem.Year)</visible>
							</item>
							-->
							<item>
								<label>$LOCALIZE[38018]:</label>
								<label2>$INFO[ListItem.Userrating]</label2>
								<onclick>noop</onclick>
								<visible>!String.IsEmpty(ListItem.Userrating)</visible>
							</item>
							<item>
								<label>$LOCALIZE[563]:</label>
								<label2>$INFO[ListItem.RatingAndVotes]$VAR[ItemRatingExternalOptional]</label2>
								<onclick>noop</onclick>
								<visible>!String.IsEmpty(ListItem.RatingAndVotes)</visible>
							</item>
							<item>
								<label>$LOCALIZE[15311]</label>
								<label2>$INFO[ListItem.FilenameAndPath]</label2>
								<onclick>noop</onclick>
								<visible>!String.IsEmpty(ListItem.FilenameAndPath)</visible>
							</item>
						</content>
					</control>
				</control>
				
				
				
				<!-- EPISODES -->
				<control type="group">
					<visible>Container.Content(Episodes)</visible>
					<top>0</top>
					<left>0</left>
					<include>VisibleFadeEffect</include>
					
					<control type="list" id="49">
						<left>51</left>
						<top>80</top><!-- 120 -->
						<width>697</width><!-- 705 -->
						<height>180</height><!-- 170 -->
						<onleft>9000</onleft>
						<onright>9000</onright>
						<onup>9000</onup>
						<ondown>9000</ondown>
						<pagecontrol>80</pagecontrol>
						<scrolltime>200</scrolltime>
						<itemlayout width="697" height="30">
							<control type="label">
								<left>5</left>
								<top>0</top>
								<width>160</width>
								<height>30</height>
								<font>font13</font>
								<align>left</align>
								<aligny>center</aligny>
								<textcolor>blue</textcolor>
								<selectedcolor>selected</selectedcolor>
								<info>ListItem.Label</info>
							</control>
							<control type="label">
								<left>175</left>
								<top>0</top>
								<width>517</width><!-- 525 -->
								<height>30</height>
								<font>font13</font>
								<align>left</align>
								<aligny>center</aligny>
								<textcolor>white</textcolor>
								<selectedcolor>white</selectedcolor>
								<info>ListItem.Label2</info>
							</control>
						</itemlayout>
						<focusedlayout width="697" height="30">
							<control type="image">
								<left>0</left>
								<top>0</top>
								<width>697</width>
								<height>30</height>
								<visible>Control.HasFocus(49)</visible>
								<texture border="4">MenuItemFO.png</texture>
								<include>VisibleFadeEffect</include>
							</control>
							<control type="label">
								<left>5</left>
								<top>0</top>
								<width>160</width>
								<height>30</height>
								<font>font13</font>
								<align>left</align>
								<aligny>center</aligny>
								<textcolor>blue</textcolor>
								<selectedcolor>selected</selectedcolor>
								<info>ListItem.Label</info>
							</control>
							<control type="label">
								<left>175</left>
								<top>0</top>
								<width>517</width><!-- 525 -->
								<height>30</height>
								<font>font13</font>
								<align>left</align>
								<aligny>center</aligny>
								<textcolor>white</textcolor>
								<selectedcolor>white</selectedcolor>
								<info>ListItem.Label2</info>
							</control>
						</focusedlayout>
						<content>
							<!--
							<item>
								<label>$LOCALIZE[20364]:</label>
								<label2>$INFO[ListItem.TVShowTitle]</label2>
								<onclick>noop</onclick>
								<visible>!String.IsEmpty(ListItem.TVShowTitle)</visible>
							</item>
							-->
							<item>
								<label>$LOCALIZE[20373]:</label>
								<label2>$INFO[ListItem.Season]</label2>
								<onclick>noop</onclick>
								<visible>!String.IsEmpty(ListItem.Season)</visible>
							</item>
							<item>
								<label>$LOCALIZE[20359]:</label>
								<label2>$INFO[ListItem.Episode]</label2>
								<onclick>noop</onclick>
								<visible>!String.IsEmpty(ListItem.Episode)</visible>
							</item>
							<item>
								<label>$LOCALIZE[20416]:</label>
								<label2>$INFO[ListItem.Premiered]</label2>
								<onclick>noop</onclick>
								<visible>!String.IsEmpty(ListItem.Premiered)</visible>
							</item>
							<item>
								<label>$LOCALIZE[515]:</label>
								<label2>$INFO[ListItem.Genre]</label2>
								<onclick>noop</onclick>
								<visible>!String.IsEmpty(ListItem.Genre)</visible>
							</item>
							<item>
								<label>$LOCALIZE[2050]:</label>
								<label2>$INFO[ListItem.Duration] $LOCALIZE[12391]</label2>
								<onclick>noop</onclick>
								<visible>!String.IsEmpty(ListItem.Duration)</visible>
							</item>
							<item>
								<label>$LOCALIZE[38018]:</label>
								<label2>$INFO[ListItem.Userrating]</label2>
								<onclick>noop</onclick>
								<visible>!String.IsEmpty(ListItem.Userrating)</visible>
							</item>
							<item>
								<label>$LOCALIZE[563]:</label>
								<label2>$INFO[ListItem.RatingAndVotes]$VAR[ItemRatingExternalOptional]</label2>
								<onclick>noop</onclick>
								<visible>!String.IsEmpty(ListItem.RatingAndVotes)</visible>
							</item>
							<item>
								<label>$LOCALIZE[20339]:</label>
								<label2>$INFO[ListItem.Director]</label2>
								<onclick>SendClick(2003,13)</onclick>
								<visible>!String.IsEmpty(ListItem.Director)</visible>
							</item>
							<item>
								<label>$LOCALIZE[20417]:</label>
								<label2>$INFO[ListItem.Writer]</label2>
								<onclick>noop</onclick>
								<visible>!String.IsEmpty(ListItem.Writer)</visible>
							</item>
							<!--
							<item>
								<label>$LOCALIZE[562]:</label>
								<label2>$INFO[ListItem.Year]</label2>
								<onclick>noop</onclick>
								<visible>!String.IsEmpty(ListItem.Year)</visible>
							</item>
							-->
							<item>
								<label>$LOCALIZE[15311]</label>
								<label2>$INFO[ListItem.FilenameAndPath]</label2>
								<onclick>noop</onclick>
								<visible>!String.IsEmpty(ListItem.FilenameAndPath)</visible>
							</item>
						</content>
					</control>
				</control>
				
				
				
				<!-- MUSIC VIDEOS (INCLUDING YT ADDON) -->
				<control type="group">
					<visible>Container.Content(MusicVideos)</visible>
					<top>0</top>
					<left>0</left>
					<include>VisibleFadeEffect</include>
					
					<control type="list" id="49">
						<left>51</left>
						<top>80</top><!-- 120 -->
						<width>697</width><!-- 705 -->
						<height>180</height><!-- 170 -->
						<onleft>9000</onleft>
						<onright>9000</onright>
						<onup>9000</onup>
						<ondown>9000</ondown>
						<pagecontrol>80</pagecontrol>
						<scrolltime>200</scrolltime>
						<itemlayout width="697" height="30">
							<control type="label">
								<left>5</left>
								<top>0</top>
								<width>160</width>
								<height>30</height>
								<font>font13</font>
								<align>left</align>
								<aligny>center</aligny>
								<textcolor>blue</textcolor>
								<selectedcolor>selected</selectedcolor>
								<info>ListItem.Label</info>
							</control>
							<control type="label">
								<left>175</left>
								<top>0</top>
								<width>517</width><!-- 525 -->
								<height>30</height>
								<font>font13</font>
								<align>left</align>
								<aligny>center</aligny>
								<textcolor>white</textcolor>
								<selectedcolor>white</selectedcolor>
								<info>ListItem.Label2</info>
							</control>
						</itemlayout>
						<focusedlayout width="697" height="30">
							<control type="image">
								<left>0</left>
								<top>0</top>
								<width>697</width>
								<height>30</height>
								<visible>Control.HasFocus(49)</visible>
								<texture border="4">MenuItemFO.png</texture>
								<include>VisibleFadeEffect</include>
							</control>
							<control type="label">
								<left>5</left>
								<top>0</top>
								<width>160</width>
								<height>30</height>
								<font>font13</font>
								<align>left</align>
								<aligny>center</aligny>
								<textcolor>blue</textcolor>
								<selectedcolor>selected</selectedcolor>
								<info>ListItem.Label</info>
							</control>
							<control type="label">
								<left>175</left>
								<top>0</top>
								<width>517</width><!-- 525 -->
								<height>30</height>
								<font>font13</font>
								<align>left</align>
								<aligny>center</aligny>
								<textcolor>white</textcolor>
								<selectedcolor>white</selectedcolor>
								<info>ListItem.Label2</info>
							</control>
						</focusedlayout>
						<content>
							<item>
								<label>$LOCALIZE[557]:</label>
								<label2>$INFO[ListItem.Artist]</label2>
								<onclick>noop</onclick>
								<visible>!String.IsEmpty(ListItem.Artist)</visible>
							</item>
							<item>
								<label>$LOCALIZE[558]:</label>
								<label2>$INFO[ListItem.Album]</label2>
								<onclick>noop</onclick>
								<visible>!String.IsEmpty(ListItem.Album)</visible>
							</item>
							<item>
								<label>$LOCALIZE[515]:</label>
								<label2>$INFO[ListItem.Genre]</label2>
								<onclick>noop</onclick>
								<visible>!String.IsEmpty(ListItem.Genre)</visible>
							</item>
							<item>
								<label>$LOCALIZE[572]:</label>
								<label2>$INFO[ListItem.Studio]</label2>
								<onclick>noop</onclick>
								<visible>!String.IsEmpty(ListItem.Studio)</visible>
							</item>
							<item>
								<label>$LOCALIZE[20417]:</label>
								<label2>$INFO[ListItem.Writer]</label2>
								<onclick>noop</onclick>
								<visible>!String.IsEmpty(ListItem.Writer)</visible>
							</item>
							<item>
								<label>$LOCALIZE[20339]:</label>
								<label2>$INFO[ListItem.Director]</label2>
								<onclick>noop</onclick>
								<visible>!String.IsEmpty(ListItem.Director)</visible>
							</item>
							<!--
							<item>
								<label>$LOCALIZE[562]:</label>
								<label2>$INFO[ListItem.Year]</label2>
								<onclick>noop</onclick>
								<visible>!String.IsEmpty(ListItem.Year)</visible>
							</item>
							-->
							<item>
								<label>$LOCALIZE[2050]:</label>
								<label2>$INFO[ListItem.Duration] $LOCALIZE[12391]</label2>
								<onclick>noop</onclick>
								<visible>!String.IsEmpty(ListItem.Duration)</visible>
							</item>
							<item>
								<label>$LOCALIZE[38018]:</label>
								<label2>$INFO[ListItem.Userrating]</label2>
								<onclick>noop</onclick>
								<visible>!String.IsEmpty(ListItem.Userrating)</visible>
							</item>
							<item>
								<label>$LOCALIZE[15311]</label>
								<label2>$INFO[ListItem.FilenameAndPath]</label2>
								<onclick>noop</onclick>
								<visible>!String.IsEmpty(ListItem.FilenameAndPath)</visible>
							</item>
						</content>
					</control>
				</control>
				
				
				
				<control type="scrollbar" id="80">
					<left>754</left>
					<top>72</top>
					<width>24</width>
					<height>196</height>
					<texturesliderbackground border="10">_added_img/scrollbars/ScrollBarUni-bg.png</texturesliderbackground>
					<texturesliderbar border="10">_added_img/scrollbars/ScrollBarUni-bar.png</texturesliderbar>
					<texturesliderbarfocus border="10">_added_img/scrollbars/ScrollBarUni-bar-focus.png</texturesliderbarfocus>
					<textureslidernib>_added_img/scrollbars/ScrollBarUni-nib.png</textureslidernib>
					<textureslidernibfocus>_added_img/scrollbars/ScrollBarUni-nib.png</textureslidernibfocus>
					<showonepage>false</showonepage>
					<orientation>vertical</orientation>
					<visible>Control.HasFocus(49)</visible>
					<animation effect="fade" start="100" end="25" time="0" condition="true">Conditional</animation>
					<enable>false</enable>
					<include>VisibleFadeEffect</include>
				</control>
				
				
				
				
				
				<!--
				<control type="list" id="9888">
					<enable>false</enable>
					<left>-20</left>
					<top>395</top>
					<width>100</width>
					<height>100</height>
					<viewtype label="535">list</viewtype>
					<pagecontrol>80</pagecontrol>
					<scrolltime>200</scrolltime>
					<orientation>Horizontal</orientation>
					<include content="HomeItemsWidgetLayoutType1">
						<param name="list_id" value="9888"/>
					</include>
					<content sortby="" sortorder="" target="videos" limit="10">plugin://script.skin.helper.service/?action=similarmovies&amp;imdbid=$INFO[ListItem.IMDBNumber]&amp;limit=10&amp;reload=$INFO[ListItem.IMDBNumber]</content>
				</control>
				-->
				
				
				
				
				
				<control type="button" id="499">
					<description>Plot Text Viewer button</description>
					<left>28</left>
					<top>395</top>
					<width>694</width>
					<height>274</height>
					<visible>!Control.IsVisible(50)</visible>
					<texturefocus border="4">button-focus-nobase.png</texturefocus>
					<texturenofocus border="4"></texturenofocus>
					<onclick condition="!String.IsEmpty(ListItem.Plot)">SetProperty(TextViewer_Header,$ESCINFO[ListItem.Title,, - $LOCALIZE[207]],home)</onclick>
					<onclick condition="!String.IsEmpty(ListItem.Plot)">SetProperty(TextViewer_Text_Pre,$ESCINFO[ListItem.TagLine],home)</onclick>
					<onclick condition="!String.IsEmpty(ListItem.Plot)">SetProperty(TextViewer_Text,$ESCINFO[ListItem.Plot],home)</onclick>
					<onclick condition="!String.IsEmpty(ListItem.Plot)">ActivateWindow(1102)</onclick>
					<visible>!String.IsEmpty(ListItem.Plot) + System.GetBool(videolibrary.showunwatchedplots)</visible>
					<onup>9000</onup>
				</control>
				
				<control type="group">
					<animation effect="fade" start="0" end="100" time="1500" delay="0">WindowOpen</animation>
					
					<control type="label">
						<description>...</description>
						<left>36</left>
						<top>520</top>
						<width>100</width>
						<height>40</height>
						
						<font>Light20</font>
						<align>left</align>
						<textcolor>white</textcolor>
						<label>...</label>
						
						<visible>!Control.IsVisible(50) + !Control.HasFocus(499) + Skin.HasSetting(VideoInfoDialogShortenPlotInfo) + System.GetBool(videolibrary.showunwatchedplots)</visible>
						
					</control>
					
					<control type="textbox">
						<description>Plot Text</description>
						<left>36</left>
						<top>400</top>
						<width>682</width>
						<height>120</height>
						
						<font>Light20</font>
						<align>left</align>
						<textcolor>white</textcolor>
						<pagecontrol></pagecontrol>
						<label>$INFO[ListItem.TagLine,,[CR]]$INFO[ListItem.Plot]</label>
						
						<visible>!Control.IsVisible(50) + !Control.HasFocus(499) + Skin.HasSetting(VideoInfoDialogShortenPlotInfo) + System.GetBool(videolibrary.showunwatchedplots)</visible>
						
						<animation effect="fade" start="0" end="99" time="0" condition="true">Conditional</animation>
					</control>
					
					<control type="textbox">
						<description>Plot Text</description>
						<left>36</left>
						<top>400</top>
						<width>682</width>
						<height>260</height>
						
						<font>Light20</font>
						<align>left</align>
						<textcolor>white</textcolor>
						<pagecontrol></pagecontrol>
						<label>$INFO[ListItem.TagLine,,[CR]]$INFO[ListItem.Plot]</label>
						
						<autoscroll time="2000" delay="10000" repeat="10000">Skin.HasSetting(AutoScroll)</autoscroll>
						
						<visible>!Control.IsVisible(50) + [Control.HasFocus(499) | !Skin.HasSetting(VideoInfoDialogShortenPlotInfo)] + System.GetBool(videolibrary.showunwatchedplots)</visible>
						<!--
						<animation effect="slide" end="0,1000" time="0" condition="![!Control.IsVisible(50) + [Control.HasFocus(499) | !Skin.HasSetting(VideoInfoDialogShortenPlotInfo)] + System.GetBool(videolibrary.showunwatchedplots)]">Conditional</animation>
						<animation effect="fade" start="100" end="0" time="0" delay="0" condition="![!Control.IsVisible(50) + [Control.HasFocus(499) | !Skin.HasSetting(VideoInfoDialogShortenPlotInfo)] + System.GetBool(videolibrary.showunwatchedplots)]">Conditional</animation>
						-->
					</control>
				
				</control>
				

				

				
				
				<!-- ACTORS -->
				<control type="panel" id="50">
					<left>27</left>
					<top>400</top><!-- 330 -->
					<width>747</width><!-- 765 -->
					<height>350</height>
					<ondown condition="System.hasAddon(script.extendedinfo) + Control.HasFocus(50) + !String.IsEmpty(Container(50).ListItem.Label)">RunScript(script.extendedinfo,info=extendedactorinfo,name=$INFO[Container(50).ListItem.Label])</ondown>
					<ondown condition="!System.hasAddon(script.extendedinfo)">InstallAddon(script.extendedinfo)</ondown>
					<onup>9000</onup>
					
					<viewtype label="">list</viewtype>
					<pagecontrol></pagecontrol>
					<scrolltime>200</scrolltime>
					<orientation>horizontal</orientation>
					
					<itemlayout height="350" width="180">
						<control type="image">
							<left>9</left>
							<top>0</top>
							<width>162</width>
							<height>228</height>
							<texture border="4">button-nofocus.png</texture>
						</control>
						
						<control type="image">
							<left>11</left>
							<top>2</top>
							<width>158</width>
							<height>224</height>
							<aspectratio>scale</aspectratio>
							<texture>$INFO[Listitem.Icon]</texture>
							<animation effect="fade" end="70" time="0" condition="true">Conditional</animation>
						</control>
						
						<control type="textbox">
							<description>Actor and Role</description>
							<left>9</left>
							<top>235</top>
							<width>162</width>
							<height>60</height>
							<font>Regular16</font>
							<align>center</align>
							<selectedcolor>white</selectedcolor>
							<label>$INFO[ListItem.Label]$INFO[ListItem.Label2,[COLOR FF999999][CR] $LOCALIZE[20347] ,[/COLOR]]</label>
							<animation effect="fade" end="65" time="0" condition="true">Conditional</animation>
						</control>
					</itemlayout>

					
					<focusedlayout height="350" width="180">
						<control type="image">
							<left>9</left>
							<top>0</top>
							<width>162</width>
							<height>228</height>
							<visible>!Control.HasFocus(50)</visible>
							<texture border="4">button-nofocus.png</texture>
						</control>
						<control type="image">
							<left>9</left>
							<top>0</top>
							<width>162</width>
							<height>228</height>
							<visible>Control.HasFocus(50)</visible>
							<texture border="4">button-focus2.png</texture>
						</control>
						
						<control type="image">
							<left>11</left>
							<top>2</top>
							<width>158</width>
							<height>224</height>
							<aspectratio>scale</aspectratio>
							<texture>$INFO[Listitem.Icon]</texture>
						</control>
						
						<control type="textbox">
							<description>Actor and Role</description>
							<left>9</left>
							<top>235</top>
							<width>162</width>
							<height>60</height>
							<font>Regular16</font>
							<align>center</align>
							<selectedcolor>white</selectedcolor>
							<label>$INFO[ListItem.Label]$INFO[ListItem.Label2,[COLOR FF999999][CR] $LOCALIZE[20347] ,[/COLOR]]</label>
						</control>
					</focusedlayout>

					
				</control>
				
				
				
				<!--
				<control type="image">
					<left>-486</left>
					<top>640</top>
					<width>1280</width>
					<height>80</height>
					<texture>_added_img/1280x720_black.png</texture>
					<animation effect="fade" end="50" time="0" condition="true">Conditional</animation>
				</control>
				-->
				
				<control type="grouplist" id="9000">
					<left>36</left>
					<top>336</top><!-- 654 660 -->
					<width>740</width><!-- 758 -->
					<height>120</height>
					<itemgap>2</itemgap>
					<align>left</align>
					<orientation>horizontal</orientation>
					<onleft>9000</onleft>
					<onright>9000</onright>
					<onup>49</onup>
					<ondown condition="Control.IsVisible(50)">50</ondown>
					<ondown condition="!Control.IsVisible(50)">499</ondown>
					
					
					
					<control type="button" id="888">
						<description>Close Info</description>
						<width>144</width>
						<height>50</height>
						<include>ButtonInfoDialogsCommonValues</include>
						<label>$LOCALIZE[15067]</label>
						<onclick>Dialog.Close(all,true)</onclick>
						<visible>Skin.HasSetting(ExperimentalVideoOsdInfoButton) +    !String.IsEmpty(Window(home).Property(OSDinfodialogButtonActive))</visible>
					</control>
					
					
					
					<control type="togglebutton" id="8">
						<description>Play/browse to Show</description>
						<width>144</width>
						<height>50</height>
						<include>ButtonInfoDialogsCommonValues</include>
						<label>208</label>
						<alttexturefocus border="2">button-focus.png</alttexturefocus>
						<alttexturenofocus border="2">button-nofocus.png</alttexturenofocus>
						<altlabel>1024</altlabel>
						<usealttexture>Container.Content(TVShows)</usealttexture>
						<visible>!Skin.HasSetting(ExperimentalVideoOsdInfoButton) | String.IsEmpty(Window(home).Property(OSDinfodialogButtonActive))</visible>
					</control>

					<control type="button" id="5">
						<description>Cast/Review</description>
						<width>144</width>
						<height>50</height>
						<include>ButtonInfoDialogsCommonValues</include>
						<label>206</label>
						<!--<enable>!String.IsEmpty(Container(50).ListItem.Label)</enable>-->
						<enable>!String.IsEmpty(ListItem.Cast)</enable>
					</control>
					
					<control type="button" id="11">
						<description>Play Trailer</description>
						<width>144</width>
						<height>50</height>
						<include>ButtonInfoDialogsCommonValues</include>
						<label>20410</label>
						<visible>!String.IsEmpty(ListItem.Trailer)</visible>
					</control>
					
					<control type="button" id="88">
						<description>Extended Info</description>
						<width>144</width>
						<height>50</height>
						<include>ButtonInfoDialogsCommonValues</include>
						<label>Extended Info</label>
						<onclick condition="System.hasAddon(script.extendedinfo)">RunScript(script.extendedinfo,info=openinfodialog)</onclick>
						<onclick condition="!System.hasAddon(script.extendedinfo)">InstallAddon(script.extendedinfo)</onclick>
						<visible>String.IsEmpty(Container.PluginName) + [Container.Content(Movies) | Container.Content(TVShows) | Container.Content(Episodes)]</visible>
					</control>
					
					<control type="button" id="90">
						<description>Similar Movies</description>
						<width>144</width>
						<height>50</height>
						<include>ButtonInfoDialogsCommonValues</include>
						<label>$LOCALIZE[19003]</label>
						<!--
						<onclick>Control.SetFocus(8888)</onclick>
						<ondown>Control.SetFocus(8888)</ondown>
						-->
						<!--<onclick>Dialog.Close(all)</onclick>-->
						<onclick>SetProperty(TextViewer_Header,$ESCINFO[ListItem.Title,$LOCALIZE[19003]: ,],home)</onclick>
						<onclick>SetProperty(TextViewer_Text_Pre,$ESCINFO[ListItem.Title],home)</onclick>
						<onclick>SetProperty(TextViewer_Text,$ESCINFO[ListItem.IMDBNumber],home)</onclick>
						<onclick>ActivateWindow(1110)</onclick>
						<!--<onclick>Notification(!,$INFO[ListItem.IMDBNumber],5000)</onclick>-->
						
						<visible>false + String.IsEmpty(Container.PluginName) + Container.Content(Movies) + !String.IsEmpty(ListItem.IMDBNumber)</visible>
					</control>
					
					<control type="button" id="89">
						<description>Same Director</description>
						<width>144</width>
						<height>50</height>
						<include>ButtonInfoDialogsCommonValues</include>
						<label>$LOCALIZE[20339]</label>
						<onclick>SendClick(2003,13)</onclick>
						<visible>!String.IsEmpty(ListItem.Director)</visible>
					</control>
					
					<control type="button" id="87">
						<description>View Set</description>
						<width>144</width>
						<height>50</height>
						<include>ButtonInfoDialogsCommonValues</include>
						<label>[CAPITALIZE]$LOCALIZE[36910][/CAPITALIZE]</label>
						<onclick>Dialog.Close(12003)</onclick>
						<onclick>ActivateWindow(Videos,videodb://movies/sets/$INFO[ListItem.SetId],return)</onclick>
						<visible>!String.IsEmpty(ListItem.SetId)</visible>
					</control>
					
					<control type="button" id="7">
						<description>Set my rating</description>
						<width>144</width>
						<height>50</height>
						<include>ButtonInfoDialogsCommonValues</include>
						<label>38023</label>
						<visible>Control.IsEnabled(7)</visible>
					</control>
					
					<control type="button" id="10">
						<description>Get Thumb</description>
						<width>144</width>
						<height>50</height>
						<include>ButtonInfoDialogsCommonValues</include>
						<label>13511</label>
					</control>
					
					<control type="button" id="6">
						<description>Refresh</description>
						<width>144</width>
						<height>50</height>
						<include>ButtonInfoDialogsCommonValues</include>
						<label>184</label>
					</control>
					
					<control type="button" id="99">
						<description>Dummy</description>
						<width>10</width>
						<height>50</height>
						<include>ButtonInfoDialogsCommonValues</include>
						<label></label>
						<enable>false</enable>
						<animation effect="fade" end="0" time="0" condition="true">Conditional</animation>
					</control>
					

					
					
				</control>

				
				
				
			</control>
			
			
			
			
			
		</control>
	</controls>
</window>
