<?xml version="1.0" encoding="UTF-8"?>
<window>
	<defaultcontrol always="true">11</defaultcontrol>
	
	<include>dialogeffect</include>
	<controls>
		<control type="group">
			<left>780</left>
			<top>0</top>
			<control type="image">
				<left>0</left>
				<top>0</top>
				<width>500</width>
				<height>720</height>
				<texture>colors/black.png</texture>
				<animation effect="fade" start="0" end="93" time="0" condition="true">Conditional</animation>
			</control>
			
			<control type="group">
				<left>0</left>
				<top>10</top>
				
				<control type="group">
					<left>-14</left>
					
					<control type="label">
						<description>header label</description>
						<left>44</left>
						<top>10</top>
						<width>420</width>
						<height>40</height>
						<font>Light24</font>
						<label>$LOCALIZE[19222] - $INFO[VideoPlayer.ChannelName]</label>
						<align>left</align>
						<aligny>center</aligny>
						<textcolor>blue</textcolor>
					</control>
					<control type="label">
						<description>Selected item's date</description>
						<left>44</left>
						<top>60</top>
						<width>420</width>
						<height>30</height>
						<font>Regular18</font>
						<textcolor>grey2</textcolor>
						<label>$INFO[Container(11).ListItem.StartDate]</label>
						<align>left</align>
						<aligny>center</aligny>
					</control>
				
				</control>
				
				
				
				<control type="list" id="11">
					<left>30</left>
					<top>100</top>
					<width>410</width>
					<height>560</height>
					<onleft>11</onleft>
					<onright>60</onright>
					<onup>11</onup>
					<ondown>11</ondown>
					<viewtype label="535">list</viewtype>
					<pagecontrol>60</pagecontrol>
					<scrolltime>200</scrolltime>
					<itemlayout height="35" width="410">
						<control type="image">
							<left>0</left>
							<top>0</top>
							<width>410</width>
							<height>30</height>
							<texture border="0,2,0,2">MenuItemNF.png</texture>
							<include>VisibleFadeEffect</include>
						</control>
						<control type="label">
							<left>10</left>
							<top>0</top>
							<width>100</width>
							<height>30</height>
							<font>Regular20</font>
							<textcolor>grey2</textcolor>
							<selectedcolor>selected</selectedcolor>
							<align>left</align>
							<aligny>center</aligny>
							<label>$INFO[ListItem.StartTime]</label>
						</control>
						<control type="image">
							<left>120</left>
							<top>7</top>
							<width>16</width>
							<height>16</height>
							<texture>$VAR[PVRTimerIcon]</texture>
						</control>
						<control type="label">
							<left>150</left>
							<top>0</top>
							<width>250</width>
							<height>30</height>
							<font>Regular17</font>
							<textcolor>grey2</textcolor>
							<selectedcolor>selected</selectedcolor>
							<align>right</align>
							<aligny>center</aligny>
							<label>$INFO[ListItem.Label]</label>
						</control>
					</itemlayout>
					<focusedlayout height="35" width="410">
						<control type="image">
							<left>0</left>
							<top>0</top>
							<width>410</width>
							<height>30</height>
							<texture border="4">button-focus.png</texture>
							<visible>Control.HasFocus(11)</visible>
							<include>VisibleFadeEffect</include>
						</control>
						<control type="label">
							<left>10</left>
							<top>0</top>
							<width>100</width>
							<height>30</height>
							<font>Regular20</font>
							<textcolor>white</textcolor>
							<selectedcolor>selected</selectedcolor>
							<align>left</align>
							<aligny>center</aligny>
							<label>$INFO[ListItem.StartTime]</label>
						</control>
						<control type="image">
							<left>120</left>
							<top>7</top>
							<width>16</width>
							<height>16</height>
							<texture>$VAR[PVRTimerIcon]</texture>
						</control>
						<control type="label">
							<left>150</left>
							<top>0</top>
							<width>250</width>
							<height>30</height>
							<font>Regular17</font>
							<textcolor>white</textcolor>
							<selectedcolor>selected</selectedcolor>
							<align>right</align>
							<aligny>center</aligny>
							<label>$INFO[ListItem.Label]</label>
						</control>
					</focusedlayout>
				</control>
				<control type="scrollbar" id="60">
					<left>462</left>
					<top>100</top>
					<include>scrollBarStyleDefaultWidth</include>
					<height>555</height>
					<onleft>11</onleft>
					<onright>60</onright>
					<ondown>61</ondown>
					<onup>61</onup>
					<showonepage>false</showonepage>
					
					<include>scrollBarStyleDefault</include>
					
				</control>
			</control>
		</control>
		
		<include>FullScreenClock</include>
		
	</controls>
</window>
