<?xml version="1.0" encoding="UTF-8"?>
<includes>
	
	<include name="PVRHeader">
		
		<control type="group">
			<depth>DepthHeader</depth>
			<control type="grouplist">
				<left>30</left>
				<top>8</top>
				<width>1500</width>
				<height>60</height>
				<orientation>horizontal</orientation>
				<align>left</align>
				<itemgap>8</itemgap>
				<control type="label">
					<include>WindowTitleCommons</include>
					<label>$LOCALIZE[19019]</label>
					<visible>Window.IsActive(TVChannels) | Window.IsActive(RadioChannels)</visible>
				</control>
				<control type="label">
					<include>WindowTitleCommons</include>
					<label>$LOCALIZE[22020]</label>
					<visible>Window.IsActive(TVGuide) | Window.IsActive(RadioGuide)</visible>
				</control>
				<control type="label">
					<include>WindowTitleCommons</include>
					<label>$LOCALIZE[19017]</label>
					<visible>Window.IsActive(TVRecordings) | Window.IsActive(RadioRecordings)</visible>
				</control>
				<control type="label">
					<include>WindowTitleCommons</include>
					<label>$LOCALIZE[19138]</label>
					<visible>Window.IsActive(TVTimerRules) | Window.IsActive(RadioTimerRules)</visible>
				</control>
				<control type="label">
					<include>WindowTitleCommons</include>
					<label>$LOCALIZE[19040]</label>
					<visible>Window.IsActive(TVTimers) | Window.IsActive(RadioTimers)</visible>
				</control>
				<control type="label">
					<include>WindowTitleCommons</include>
					<label>$LOCALIZE[137]</label>
					<visible>Window.IsActive(TVSearch) | Window.IsActive(RadioSearch)</visible>
				</control>
				<control type="label">
					<include>WindowTitleCommons</include>
					<label>$INFO[Control.GetLabel(29),[COLOR=blue] – [/COLOR]]</label>
				</control>
				<control type="label">
					<include>WindowTitleCommons</include>
					<label>$INFO[Control.GetLabel(30),[COLOR=blue] – [/COLOR]]</label>
				</control>
			</control>
			<control type="label" id="29">
				<description>Empty so we can pass the values up one level</description>
				<visible>False</visible>
			</control>
			<control type="label" id="30">
				<description>Empty so we can pass the values up one level</description>
				<visible>False</visible>
			</control>
		</control>
	</include>
	
	<include name="PVRSideBlade">
		
		<control type="group">
			
			<left>-429</left>
			
			<include>SideBladeLeft</include>
			
			<control type="grouplist" id="7000">
				<include>SideBladeLeftFadeInAni</include>
				<left>24</left>
				<top>83</top>
				<width>375</width>
				<onleft>7000</onleft>
				<onright>50</onright>
				<onup>7000</onup>
				<ondown>7000</ondown>
				<itemgap>0</itemgap>
				<control type="label" id="200">
					<width>375</width>
					<height>53</height>
					<font>Light18</font>
					<label>33063</label>
					<textcolor>blue</textcolor>
					<align>center</align>
					<aligny>center</aligny>
				</control>
				<control type="button" id="100">
					<description>Channels</description>
					<textwidth>353</textwidth>
					<include>ButtonCommonValues</include>
					<label>19019</label>
					<onclick condition="Window.IsActive(TVChannels) | Window.IsActive(RadioChannels)">NextChannelGroup</onclick>
					<onclick condition="String.IsEmpty(Window.Property(IsRadio))">ActivateWindow(TVChannels)</onclick>
					<onclick condition="!String.IsEmpty(Window.Property(IsRadio))">ActivateWindow(RadioChannels)</onclick>
				</control>
				<control type="button" id="101">
					<description>TV Guide</description>
					<textwidth>353</textwidth>
					<include>ButtonCommonValues</include>
					<label>22020</label>
					<onclick condition="Window.IsActive(TVGuide) | Window.IsActive(RadioGuide)">NextChannelGroup</onclick>
					<onclick condition="String.IsEmpty(Window.Property(IsRadio))">ActivateWindow(TVGuide)</onclick>
					<onclick condition="!String.IsEmpty(Window.Property(IsRadio))">ActivateWindow(RadioGuide)</onclick>
				</control>
				<control type="button" id="102">
					<description>Recordings</description>
					<textwidth>353</textwidth>
					<include>ButtonCommonValues</include>
					<label>19163</label>
					<onclick condition="String.IsEmpty(Window.Property(IsRadio))">ActivateWindow(TVRecordings)</onclick>
					<onclick condition="!String.IsEmpty(Window.Property(IsRadio))">ActivateWindow(RadioRecordings)</onclick>
				</control>
				<control type="button" id="105">
					<description>Timer Rules</description>
					<textwidth>353</textwidth>
					<include>ButtonCommonValues</include>
					<label>19138</label>
					<onclick condition="String.IsEmpty(Window.Property(IsRadio))">ActivateWindow(TVTimerRules)</onclick>
					<onclick condition="!String.IsEmpty(Window.Property(IsRadio))">ActivateWindow(RadioTimerRules)</onclick>
				</control>
				<control type="button" id="103">
					<description>Timers</description>
					<textwidth>353</textwidth>
					<include>ButtonCommonValues</include>
					<label>19040</label>
					<onclick condition="String.IsEmpty(Window.Property(IsRadio))">ActivateWindow(TVTimers)</onclick>
					<onclick condition="!String.IsEmpty(Window.Property(IsRadio))">ActivateWindow(RadioTimers)</onclick>
				</control>
				<control type="button" id="104">
					<description>Search</description>
					<textwidth>353</textwidth>
					<include>ButtonCommonValues</include>
					<label>137</label>
					<onclick condition="String.IsEmpty(Window.Property(IsRadio))">ActivateWindow(TVSearch)</onclick>
					<onclick condition="!String.IsEmpty(Window.Property(IsRadio))">ActivateWindow(RadioSearch)</onclick>
				</control>
				<control type="label" id="201">
					<width>375</width>
					<height>53</height>
					<font>Light18</font>
					<label>31006</label>
					<textcolor>blue</textcolor>
					<align>center</align>
					<aligny>center</aligny>
				</control>
				<control type="button" id="28">
					<description>Channel Groups</description>
					<textwidth>353</textwidth>
					<include>ButtonCommonValues</include>
					<label></label>
				</control>
				<control type="button" id="3">
					<description>Sort by button</description>
					<include>ButtonCommonValues</include>
					<label>103</label>
					<visible>!Window.IsActive(TVGuide) + !Window.IsActive(RadioGuide)</visible>
				</control>
				<control type="togglebutton" id="4">
					<description>Sort asc</description>
					<include>ButtonCommonValues</include>
					<alttexturefocus border="14" colordiffuse="$VAR[accentColorDiffuseForNeutralTextures]">button-focus-neutral.png</alttexturefocus>
					<alttexturenofocus></alttexturenofocus>
					<label>31051</label>
					<altlabel>31050</altlabel>
					<usealttexture>Container.SortDirection(Ascending)</usealttexture>
					<visible>!Window.IsActive(TVGuide) + !Window.IsActive(RadioGuide)</visible>
				</control>
				<control type="radiobutton" id="31">
					<description>Filter</description>
					<textwidth>353</textwidth>
					<include>ButtonCommonValues</include>
					<label>587</label>
					<selected>Container.Filtered</selected>
					<onclick>right</onclick>
					<visible>Window.IsActive(TVChannels) | Window.IsActive(RadioChannels)</visible>
				</control>
				<!-- Misc Options (ID is completely arbitrary) -->
				<control type="label" id="205">
					<width>375</width>
					<height>53</height>
					<font>Light18</font>
					<label>31026</label>
					<textcolor>blue</textcolor>
					<align>center</align>
					<aligny>center</aligny>
					<visible>Control.IsVisible(5) | Control.IsVisible(6) | Control.IsVisible(7) | Control.IsVisible(8)</visible>
				</control>
				<control type="radiobutton" id="5">
					<description>Group recording items by folder structure</description>
					<textwidth>353</textwidth>
					<include>ButtonCommonValues</include>
					<label>19270</label>
					<visible>Window.IsActive(TVRecordings) | Window.IsActive(RadioRecordings)</visible>
				</control>
				<control type="radiobutton" id="6">
					<description>Show hidden channels</description>
					<textwidth>353</textwidth>
					<include>ButtonCommonValues</include>
					<label>19051</label>
					<visible>Window.IsActive(TVChannels) | Window.IsActive(RadioChannels)</visible>
				</control>
				<control type="radiobutton" id="7">
					<description>Show deleted recordings</description>
					<textwidth>353</textwidth>
					<include>ButtonCommonValues</include>
					<label>19184</label>
					<visible>Window.IsActive(TVRecordings) | Window.IsActive(RadioRecordings)</visible>
				</control>
				<control type="radiobutton" id="8">
					<description>Hide disabled timers</description>
					<textwidth>353</textwidth>
					<include>ButtonCommonValues</include>
					<label>19077</label>
					<visible>Window.IsActive(TVTimers) | Window.IsActive(RadioTimers) | Window.IsActive(TVTimerRules) | Window.IsActive(RadioTimerRules)</visible>
				</control>
				<!-- Playback controls -->
				<include>CommonNowPlaying_Controls</include>
			</control>
		</control>
		
	</include>
	
</includes>
