<?xml version="1.0" encoding="UTF-8"?>
<includes>
	
	<include name="Transparency50">
		<animation effect="fade" end="50" time="0" condition="true">Conditional</animation>
	</include>
	
	<include name="WallViewOverlayTexture">
		<texture background="true">$INFO[ListItem.Overlay]</texture>
	</include>
	<include name="WallViewOverlayVisible">
		<visible>!String.IsEmpty(ListItem.Overlay) + !String.IsEqual(ListItem.Overlay,OverlayUnwatched.png) + !String.IsEqual(ListItem.Overlay,OverlayHD.png) + !Container.Content(Albums) + !Container.Content(MusicVideos)</visible>
	</include>
	
	<include name="WallViewsHigherDensitySidebarButton">
		<control type="radiobutton" id="99">
			<textwidth>255</textwidth>
			<include>ButtonCommonValues</include>
			<label>– Wall Density ++</label>
			<onclick>Skin.ToggleSetting(WallViewsHigherDensity)</onclick>
			<selected>Skin.HasSetting(WallViewsHigherDensity)</selected>
			<visible>[Container.Content(Movies) | Container.Content(Sets) | Container.Content(TvShows) | Container.Content(Seasons)] + [Control.IsVisible(500) | Control.IsVisible(908) | Control.IsVisible(909)]</visible>
		</control>
	</include>
	
	<include name="MoveUpOverlayIconsIfSquaredVariant2X">
		<animation effect="slide" start="0,0" end="0,-57" delay="0" time="0" condition="![Container.Content(Movies) | Container.Content(Sets) | Container.Content(TvShows) | Container.Content(Seasons) | Container.Content(Actors)]">conditional</animation>
	</include>
	<include name="MoveUpOverlayIconsIfSquaredVariant3X">
		<animation effect="slide" start="0,0" end="0,-43" delay="0" time="0" condition="![Container.Content(Movies) | Container.Content(Sets) | Container.Content(TvShows) | Container.Content(Seasons) | Container.Content(Actors)]">conditional</animation>
	</include>
	<include name="MoveUpOverlayIconsIfSquaredVariant4X">
		<animation effect="slide" start="0,0" end="0,-32" delay="0" time="0" condition="![Container.Content(Movies) | Container.Content(Sets) | Container.Content(TvShows) | Container.Content(Seasons) | Container.Content(Actors)]">conditional</animation>
	</include>
	
	<include name="WallViewImageVisiblePosterVariantArScale">
		<visible>[Container.Content(Movies) | Container.Content(Sets) | Container.Content(TvShows) | Container.Content(Seasons) | Container.Content(Actors)] + [!String.IsEmpty(ListItem.Art(poster)) | [Container.Content(Seasons) + String.IsEqual(ListItem.Label,$LOCALIZE[20366]) + !String.IsEmpty(ListItem.Art(tvshow.poster))] | Container.Content(Actors) | ListItem.IsParentFolder]</visible>
	</include>
	<include name="WallViewImageVisiblePosterVariantArKeep">
		<visible>[Container.Content(Movies) | Container.Content(Sets) | Container.Content(TvShows) | Container.Content(Seasons)] + String.IsEmpty(ListItem.Art(poster)) + ![Container.Content(Seasons) + String.IsEqual(ListItem.Label,$LOCALIZE[20366]) + !String.IsEmpty(ListItem.Art(tvshow.poster))] + !ListItem.IsParentFolder</visible>
	</include>
	
	<include name="WallViewImageVisiblePosterVariant">
		<visible>[Container.Content(Movies) | Container.Content(Sets) | Container.Content(TvShows) | Container.Content(Seasons) | Container.Content(Actors)]</visible>
	</include>
	<include name="WallViewImageVisibleSquaredVariant">
		<visible>![Container.Content(Movies) | Container.Content(Sets) | Container.Content(TvShows) | Container.Content(Seasons) | Container.Content(Actors)]</visible>
	</include>
	
	<include name="WallViewImageVisibleSquaredVariantArScale">
		<visible>![Container.Content(Movies) | Container.Content(Sets) | Container.Content(TvShows) | Container.Content(Seasons) | Container.Content(Actors)] + [[!Container.Content(Addons) + !Container.Content(Files) + !Container.Content(Images) + !Container.Content(Videos) + !String.IsEmpty(Container.Content)] | ListItem.IsParentFolder]</visible>
	</include>
	<include name="WallViewImageVisibleSquaredVariantArScaleAddonsFallbackImage">
		<visible>![Container.Content(Movies) | Container.Content(Sets) | Container.Content(TvShows) | Container.Content(Seasons) | Container.Content(Actors)] + [Container.Content(Addons) + !Container.Content(Files) + !Container.Content(Images) + !Container.Content(Videos) + !String.IsEmpty(Container.Content)] + !ListItem.IsParentFolder</visible>
	</include>
	<include name="WallViewImageVisibleSquaredVariantArKeep">
		<visible>![Container.Content(Movies) | Container.Content(Sets) | Container.Content(TvShows) | Container.Content(Seasons) | Container.Content(Actors)] + [Container.Content(Files) | Container.Content(Images) | Container.Content(Videos) | String.IsEmpty(Container.Content)] + !ListItem.IsParentFolder</visible>
	</include>
	
	
	
	<include name="WallViewFlagUHDVisible">
		<visible>[String.IsEqual(ListItem.VideoResolution,4K) | String.IsEqual(ListItem.VideoResolution,8K) | String.Contains(ListItem.FileName,"(UHD)") | String.Contains(ListItem.FileName,"(UHD-2)") | String.Contains(ListItem.FileName,2160p) | String.Contains(ListItem.FileName,4320p)]</visible>
	</include>
	<include name="WallViewFlagHFRVisible">
		<visible>[String.IsEqual(ListItem.VideoResolution,4K) | String.IsEqual(ListItem.VideoResolution,8K) | String.Contains(ListItem.FileName,"(UHD)") | String.Contains(ListItem.FileName,"(UHD-2)") | String.Contains(ListItem.FileName,2160p) | String.Contains(ListItem.FileName,4320p)] 
									+ [String.Contains(ListItem.FileName,"(HFR)") | String.Contains(ListItem.FileName,.HFR.)]</visible>
	</include>
	<include name="WallViewFlag3DVisible">
		<visible>[ListItem.IsStereoscopic | String.Contains(ListItem.FileName,.3D.)] + ![String.IsEqual(ListItem.VideoResolution,4K) | String.IsEqual(ListItem.VideoResolution,8K) | String.Contains(ListItem.FileName,"(UHD)") | String.Contains(ListItem.FileName,"(UHD-2)") | String.Contains(ListItem.FileName,2160p) | String.Contains(ListItem.FileName,4320p)] + !ListItem.IsCollection</visible>
	</include>
	
	
	
	
	
	
	
	<include name="OverlayFlagsVisible">
		<visible>String.IsEqual(Skin.String(OverlayFlagsShowType),1)</visible>
	</include>
	<include name="OverlayFlagsFocusVisible">
		<visible>!String.IsEqual(Skin.String(OverlayFlagsShowType),2)</visible>
	</include>
	
	<include name="OverlayWatchedFlagsVisible">
		<visible>String.IsEqual(Skin.String(OverlayWatchedFlagsShowType),1) | Container.Content(Files)</visible>
	</include>
	<include name="OverlayWatchedFlagsFocusVisible">
		<visible>!String.IsEqual(Skin.String(OverlayWatchedFlagsShowType),2) + !Container.Content(Files)</visible>
	</include>
	<include name="OverlayWatchedFlagsFocusVisibleSpecial">
		<visible>Container.Content(Files)</visible>
	</include>
	
	
	
	<include name="OverlayFlagsFocusAni">
		<animation effect="fade" time="750" easing="out">Focus</animation>
		<animation effect="fade" time="500" easing="out">UnFocus</animation>
	</include>
	<include name="OverlayFlagsFocusAniWithPixelMover">
		<animation type="Focus">
			<effect type="slide" start="0,0"   end="0,-1" time="750" tween="sine" easing="inout" />
			<effect type="fade" time="750" easing="out" />
		</animation>
		<animation type="UnFocus">
			<effect type="slide"   end="0,0" start="0,-1" time="500" tween="sine" easing="inout" />
			<effect type="fade" time="500" easing="out" />
		</animation>
	</include>
	<include name="OverlayFlagsFocusAniInclude">
		<include condition="String.IsEqual(Skin.String(OverlayFlagsShowType),0) | String.IsEmpty(Skin.String(OverlayFlagsShowType))">OverlayFlagsFocusAni</include>
	</include>
	<include name="OverlayFlagsFocusAniIncludeAndPixelMover">
		<include condition="String.IsEqual(Skin.String(OverlayFlagsShowType),0) | String.IsEmpty(Skin.String(OverlayFlagsShowType))">OverlayFlagsFocusAniWithPixelMover</include>
		<include condition="![String.IsEqual(Skin.String(OverlayFlagsShowType),0) | String.IsEmpty(Skin.String(OverlayFlagsShowType))]">OverlayFlagsFocusAniPixelMover</include>
	</include>
	
	<include name="OverlayFlagsFocusAniPixelMover">
		<animation effect="slide" start="0,0"   end="0,-1" time="750" tween="sine" easing="inout">Focus</animation>
		<animation effect="slide"   end="0,0" start="0,-1" time="500" tween="sine" easing="inout">UnFocus</animation>
	</include>
	
	<include name="OverlayWatchedFlagsFocusAni">
		<animation effect="fade" time="750" easing="out">Focus</animation>
		<animation effect="fade" time="500" easing="out">UnFocus</animation>
	</include>
	<include name="OverlayWatchedFlagsFocusAniInclude">
		<include condition="String.IsEqual(Skin.String(OverlayWatchedFlagsShowType),0) | String.IsEmpty(Skin.String(OverlayWatchedFlagsShowType))">OverlayWatchedFlagsFocusAni</include>
	</include>
	<include name="OverlayWatchedFlagsFocusAniIncludeSpecial">
		<animation effect="fade" start="50" end="100" time="750" easing="out">Focus</animation>
		<animation effect="fade" start="100" end="50" time="500" easing="out">UnFocus</animation>
	</include>
	
	
	
	
	
	
	
	
	<include name="WallViewFlagDiscVisible">
		<visible>String.IsEqual(ListItem.FileExtension,iso) | String.IsEqual(ListItem.FileExtension,ifo)</visible>
	</include>
	<include name="WallViewFlagIsCollection">
		<visible>ListItem.IsCollection</visible>
	</include>
	<include name="WallViewProgressBarVisible">
		<visible>Container.Content(Files) + ListItem.IsResumable</visible>
	</include>
	
	
	
	<include name="WallViewItemLayoutLabelVisible">
		<visible>[!Container.Content(Albums) | [Container.Content(Albums) + [String.IsEqual(Container.FolderPath,library://video/musicvideos/albums/) | String.IsEqual(Container.FolderPath,videodb://musicvideos/albums/) | String.IsEqual(ListItem.Label,$LOCALIZE[15102])]]] + [ ListItem.IsPlaying | [[String.IsEmpty(ListItem.Art(poster)) + !ListItem.IsParentFolder] | [!Container.Content(Movies) + !Container.Content(TvShows)]] ]</visible>
	</include>
	
	
	<include name="scrollBarStyleTransparent">
		<animation effect="fade" end="60" time="0" condition="true">Conditional</animation>
	</include>
	<include name="scrollBarDimensions">
		<left>1905</left>
		<top>5</top>
		<include>scrollBarStyleDefaultWidth</include>
		<height>1070</height>
	</include>
	
	<include name="itemFocusFadeInAnimation">
		<animation effect="fade" time="475" easing="out" reversible="true">Focus</animation>
		<animation effect="fade" time="350" easing="out" reversible="true">UnFocus</animation>
	</include>
	<include name="itemFocusFadeInAnimationHide">
		<animation effect="fade" start="100" end="0" time="475" easing="out" reversible="true">Focus</animation>
	</include>
	
	<include name="wallScrollStyle2X">
		<scrolltime tween="sine" easing="inout">475</scrolltime>
	</include>
	<include name="wallScrollStyle3X">
		<scrolltime tween="sine" easing="inout">450</scrolltime>
	</include>
	<include name="wallScrollStyle4X">
		<scrolltime tween="sine" easing="inout">425</scrolltime>
	</include>
	
	
	
	
	
	<include name="WallViewAddonFlags">
		<control type="image">
			<left>15</left>
			<top>3</top>
			<width>40</width>
			<height>40</height>
			<aspectratio>scale</aspectratio>
			<texture background="true">DefaultIconInfo-flag.png</texture>
			<visible>String.IsEqual(ListItem.Property(Addon.Status),$LOCALIZE[24995])</visible>
		</control>
		<control type="image">
			<left>15</left>
			<top>3</top>
			<width>40</width>
			<height>40</height>
			<aspectratio>scale</aspectratio>
			<texture background="true">DefaultIconError-flag.png</texture>
			<visible>!String.IsEmpty(ListItem.AddonBroken) | !String.IsEmpty(ListItem.AddonLifecycleDesc)</visible>
		</control>
		<control type="image">
			<left>15</left>
			<top>3</top>
			<width>40</width>
			<height>40</height>
			<aspectratio>scale</aspectratio>
			<texture background="true">DefaultAddonsUpdates-flag.png</texture>
			<visible>String.IsEqual(ListItem.Property(Addon.Status),$LOCALIZE[24068])</visible>
		</control>
		<control type="image">
			<left>15</left>
			<top>3</top>
			<width>40</width>
			<height>40</height>
			<aspectratio>scale</aspectratio>
			<texture background="true">DefaultAddonsRepo-flag.png</texture>
			<visible>!String.StartsWith(Container.FolderPath,addons://user/) + !String.StartsWith(Container.FolderPath,addons://sources/) + !String.StartsWith(Container.FolderPath,addons://outdated/) + !String.IsEqual(Container.FolderPath,addons://repos/) + String.IsEmpty(ListItem.Property(Addon.Status))</visible>
		</control>
		<control type="image">
			<left>0</left>
			<top>7</top>
			<width>60</width>
			<height>36</height>
			<aspectratio>scale</aspectratio>
			<texture background="true" colordiffuse="ffd2d2d2">radiobutton.png</texture>
			<visible>String.IsEqual(ListItem.Property(Addon.Status),$LOCALIZE[13106])</visible>
		</control>
	</include>
	
	<include name="WallViewAddonFlagsVisible">
		<visible>Container.Content(Addons) + !ListItem.IsParentFolder</visible>
	</include>
	
	
	
	
	
	
	<include name="WallView2X_itemLayout">
		
		<control type="group">
			<left>22</left><!-- move right a bit to avoid focus zoom cut-off at the left -->
			<top>11</top>
			<width>246</width>
			<height>360</height>
			
			
			
			
			<!-- poster image option a: scaled (if poster IS available) -->
			<control type="image">
				<left>0</left>
				<top>0</top>
				<width>246</width>
				<height>360</height>
				<texture background="true" diffuse="colors/diffuse/246x360-rounded.png">$VAR[PosterThumbWallViews]</texture>
				<aspectratio scalediffuse="false">scale</aspectratio>
				<include>WallViewImageVisiblePosterVariantArScale</include>
			</control>
			<!-- poster image option b: keep (if poster is NOT available) -->
			<control type="image">
				<left>0</left>
				<top>0</top>
				<width>246</width>
				<height>360</height>
				<texture background="true">$VAR[PosterThumbWallViews]</texture>
				<aspectratio>keep</aspectratio>
				<include>WallViewImageVisiblePosterVariantArKeep</include>
			</control>
			<!-- squared with rounded corners for addons and possibly more -->
			<control type="image">
				<left>0</left>
				<top>57</top>
				<width>246</width>
				<height>246</height>
				<texture background="true" diffuse="colors/diffuse/246x246-rounded.png">$VAR[PosterThumbWallViews]</texture>
				<aspectratio scalediffuse="false">scale</aspectratio>
				<include>WallViewImageVisibleSquaredVariantArScale</include>
			</control>
			<!-- addons variant with fallback image -->
			<control type="image">
				<left>0</left>
				<top>57</top>
				<width>246</width>
				<height>246</height>
				<texture background="true" diffuse="colors/diffuse/246x246-rounded.png" fallback="DefaultAddon_solid.png">$VAR[PosterThumbWallViews]</texture>
				<aspectratio scalediffuse="false">scale</aspectratio>
				<include>WallViewImageVisibleSquaredVariantArScaleAddonsFallbackImage</include>
			</control>
			<!-- squared for pictures with kept aspect ratio -->
			<control type="image">
				<left>0</left>
				<top>57</top>
				<width>246</width>
				<height>246</height>
				<texture background="true">$VAR[PosterThumbWallViews]</texture>
				<aspectratio>keep</aspectratio>
				<include>WallViewImageVisibleSquaredVariantArKeep</include>
			</control>
			
			<!-- ADDON FLAGS -->
			<control type="group">
				<left>184</left>
				<top>252</top>
				<include>WallViewAddonFlags</include>
				<include>WallViewAddonFlagsVisible</include>
			</control>
			
			<!-- 4K BANNER -->
			<control type="image">
				<left>5</left>
				<top>337</top>
				<width>32</width>
				<height>18</height>
				<texture background="true">$VAR[OverlayUHDTexture]</texture>
				<include>WallViewFlagUHDVisible</include>
				<include>MoveUpOverlayIconsIfSquaredVariant2X</include>
				
				<include>OverlayFlagsVisible</include>
			</control>
			<!-- HFR BANNER -->
			<control type="image">
				<left>40</left>
				<top>337</top>
				<width>32</width>
				<height>18</height>
				<texture background="true">_added_img/OverlayHFR.png</texture>
				<include>WallViewFlagHFRVisible</include>
				<include>MoveUpOverlayIconsIfSquaredVariant2X</include>
				
				<include>OverlayFlagsVisible</include>
			</control>
			<!-- ISO / DVD IMAGE OVERLAY -->
			<control type="image">
				<left>109</left>
				<top>345</top>
				<width>27</width>
				<height>16</height>
				<aspectratio scalediffuse="false" aligny="top">stretch</aspectratio>
				<texture background="true" diffuse="colors/diffuse/27x16.png">_added_img/OverlayDiscImage.png</texture>
				<include>WallViewFlagDiscVisible</include>
				<include>MoveUpOverlayIconsIfSquaredVariant2X</include>
				
				<include>OverlayFlagsVisible</include>
			</control>
			<!-- MOVIE SET OVERLAY -->
			<control type="image">
				<left>-3</left>
				<top>329</top>
				<width>40</width>
				<height>30</height>
				<texture background="true">_added_img/OverlaySet.png</texture>
				<include>WallViewFlagIsCollection</include>
				<include>MoveUpOverlayIconsIfSquaredVariant2X</include>
				
				<include>OverlayFlagsVisible</include>
			</control>
			<!-- 3D OVERLAY -->
			<control type="image">
				<left>2</left>
				<top>329</top>
				<width>40</width>
				<height>30</height>
				<texture background="true">_added_img/Overlay3D.png</texture>
				<include>WallViewFlag3DVisible</include>
				<include>MoveUpOverlayIconsIfSquaredVariant2X</include>
				
				<include>OverlayFlagsVisible</include>
			</control>
			
			<!-- progress bar for non-db files mode -->
			<control type="group">
				<left>67</left>
				<top>333</top>
				<include>WatchedProgressGeneric1</include>
				<include>WallViewProgressBarVisible</include>
				<include>MoveUpOverlayIconsIfSquaredVariant2X</include>
			</control>
			
			<!-- overlay (watched etc.) -->
			<control type="image">
				<left>213</left>
				<top>325</top>
				<width>32</width>
				<height>32</height>
				<aspectratio>keep</aspectratio>
				<include>WallViewOverlayTexture</include>
				<include>Transparency50</include>
				<include>MoveUpOverlayIconsIfSquaredVariant2X</include>
				<include>WallViewOverlayVisible</include>
				
				<include>OverlayWatchedFlagsVisible</include>
			</control>
			
		</control>
		
		<!-- FOCUS BORDER OR LABEL -->
		
		<control type="group">
			
			
			
			<!-- label text -->
			<control type="label">
				<left>21</left>
				<top>370</top>
				<width>249</width>
				<height>38</height>
				<font>Regular14</font>
				<textcolor>grey2</textcolor>
				<selectedcolor>selected</selectedcolor>
				<align>center</align>
				<aligny>center</aligny>
				<label>$VAR[WallViewLabel]</label>
				<include>WallViewItemLayoutLabelVisible</include>
				<animation effect="slide" start="0,0" end="0,-50" delay="0" time="0" condition="![Container.Content(Movies) | Container.Content(Sets) | Container.Content(TvShows) | Container.Content(Seasons) | Container.Content(Actors)]">conditional</animation>
			</control>
			
			
			
			
		</control>
		
		
		
	</include>

	
	<include name="WallView2X_focusedLayout">
		
		<control type="group">
			<left>22</left><!-- move right a bit to avoid focus zoom cut-off at the left -->
			<top>11</top>
			<width>246</width>
			<height>360</height>
			
			<animation effect="zoom" start="22,11,246,360"   end="15,1,260,380" time="750" tween="sine" easing="inout">Focus</animation>
			<animation effect="zoom"   end="22,11,246,360" start="15,1,260,380" time="500" tween="sine" easing="inout">UnFocus</animation>
			
			<!-- poster image option a: scaled (if poster IS available) -->
			<control type="image">
				<left>0</left>
				<top>0</top>
				<width>246</width>
				<height>360</height>
				<texture background="true" diffuse="colors/diffuse/246x360-rounded.png">$VAR[PosterThumbWallViews]</texture>
				<aspectratio scalediffuse="false">scale</aspectratio>
				<include>WallViewImageVisiblePosterVariantArScale</include>
			</control>
			<!-- poster image option b: keep (if poster is NOT available) -->
			<control type="image">
				<left>0</left>
				<top>0</top>
				<width>246</width>
				<height>360</height>
				<texture background="true">$VAR[PosterThumbWallViews]</texture>
				<aspectratio>keep</aspectratio>
				<include>WallViewImageVisiblePosterVariantArKeep</include>
			</control>
			<!-- squared with rounded corners for addons and possibly more -->
			<control type="image">
				<left>0</left>
				<top>57</top>
				<width>246</width>
				<height>246</height>
				<texture background="true" diffuse="colors/diffuse/246x246-rounded.png">$VAR[PosterThumbWallViews]</texture>
				<aspectratio scalediffuse="false">scale</aspectratio>
				<include>WallViewImageVisibleSquaredVariantArScale</include>
			</control>
			<!-- addons variant with fallback image -->
			<control type="image">
				<left>0</left>
				<top>57</top>
				<width>246</width>
				<height>246</height>
				<texture diffuse="colors/diffuse/246x246-rounded.png" fallback="DefaultAddon_solid.png">$VAR[PosterThumbWallViews]</texture>
				<!-- don't use background="true" background loader to avoid loading flicker bug for fallback image -->
				<aspectratio scalediffuse="false">scale</aspectratio>
				<include>WallViewImageVisibleSquaredVariantArScaleAddonsFallbackImage</include>
			</control>
			<!-- squared for pictures with kept aspect ratio -->
			<control type="image">
				<left>0</left>
				<top>57</top>
				<width>246</width>
				<height>246</height>
				<texture background="true">$VAR[PosterThumbWallViews]</texture>
				<aspectratio>keep</aspectratio>
				<include>WallViewImageVisibleSquaredVariantArKeep</include>
			</control>
			
			<!-- ADDON FLAGS -->
			<control type="group">
				<left>184</left>
				<top>252</top>
				<include>WallViewAddonFlags</include>
				<include>WallViewAddonFlagsVisible</include>
			</control>
			
			<!-- 4K BANNER -->
			<control type="image">
				<left>5</left>
				<top>337</top>
				<width>32</width>
				<height>18</height>
				<texture background="true">$VAR[OverlayUHDTexture]</texture>
				<include>WallViewFlagUHDVisible</include>
				<include>MoveUpOverlayIconsIfSquaredVariant2X</include>
				
				<include>OverlayFlagsFocusVisible</include>
				<include>OverlayFlagsFocusAniIncludeAndPixelMover</include>
				
			</control>
			<!-- HFR BANNER -->
			<control type="image">
				<left>40</left>
				<top>337</top>
				<width>32</width>
				<height>18</height>
				<texture background="true">_added_img/OverlayHFR.png</texture>
				<include>WallViewFlagHFRVisible</include>
				<include>MoveUpOverlayIconsIfSquaredVariant2X</include>
				
				<include>OverlayFlagsFocusVisible</include>
				<include>OverlayFlagsFocusAniIncludeAndPixelMover</include>
				
			</control>
			<!-- ISO / DVD IMAGE OVERLAY -->
			<control type="image">
				<left>109</left>
				<top>345</top>
				<width>27</width>
				<height>16</height>
				<texture background="true">_added_img/OverlayDiscImage.png</texture>
				<include>WallViewFlagDiscVisible</include>
				<include>MoveUpOverlayIconsIfSquaredVariant2X</include>
				
				<include>OverlayFlagsFocusVisible</include>
				<include>OverlayFlagsFocusAniIncludeAndPixelMover</include>
				
			</control>
			<!-- MOVIE SET OVERLAY -->
			<control type="image">
				<left>-3</left>
				<top>329</top>
				<width>40</width>
				<height>30</height>
				<texture background="true">_added_img/OverlaySet.png</texture>
				<include>WallViewFlagIsCollection</include>
				<include>MoveUpOverlayIconsIfSquaredVariant2X</include>
				
				<include>OverlayFlagsFocusVisible</include>
				<include>OverlayFlagsFocusAniInclude</include>
			</control>
			<!-- 3D OVERLAY -->
			<control type="image">
				<left>2</left>
				<top>329</top>
				<width>40</width>
				<height>30</height>
				<texture background="true">_added_img/Overlay3D.png</texture>
				<include>WallViewFlag3DVisible</include>
				<include>MoveUpOverlayIconsIfSquaredVariant2X</include>
				
				<include>OverlayFlagsFocusVisible</include>
				<include>OverlayFlagsFocusAniInclude</include>
			</control>
			
			
			<!-- overlay (watched etc.) -->
			<control type="image">
				<left>213</left>
				<top>325</top>
				<width>32</width>
				<height>32</height>
				<aspectratio>keep</aspectratio>
				<include>WallViewOverlayTexture</include>
				<include>MoveUpOverlayIconsIfSquaredVariant2X</include>
				<include>WallViewOverlayVisible</include>
				
				<include>OverlayWatchedFlagsFocusVisible</include>
				<include>OverlayWatchedFlagsFocusAniInclude</include>
			</control>
			<control type="image">
				<left>213</left>
				<top>325</top>
				<width>32</width>
				<height>32</height>
				<aspectratio>keep</aspectratio>
				<include>WallViewOverlayTexture</include>
				<include>MoveUpOverlayIconsIfSquaredVariant2X</include>
				<include>WallViewOverlayVisible</include>
				
				<include>OverlayWatchedFlagsFocusVisibleSpecial</include>
				<include>OverlayWatchedFlagsFocusAniIncludeSpecial</include>
			</control>
			
		</control>
		
		
		
		
		
		
		<control type="group">
			<left>25</left><!-- move right a bit to avoid focus zoom cut-off at the left -->
			<top>11</top>
			
			<!-- progress bar for non-db files mode -->
			<control type="group">
				<left>64</left>
				<top>333</top>
				
				<width>112</width>
				<height>5</height>
				
				<include>WatchedProgressGeneric1</include>
				<include>WallViewProgressBarVisible</include>
				<include>MoveUpOverlayIconsIfSquaredVariant2X</include>
				
				<include>WallViewImageVisiblePosterVariant</include>
				
				<animation type="Focus">
					<effect type="zoom" start="100,100" end="106,100" time="750" tween="sine" easing="inout" center="auto" />
					<effect type="slide" start="0,0" end="0,8" time="750" tween="sine" easing="inout" />
				</animation>
				<animation type="UnFocus">
					<effect type="zoom" start="106,100" end="100,100" time="500" tween="sine" easing="inout" center="auto" />
					<effect type="slide" start="0,8" end="0,0" time="500" tween="sine" easing="inout" />
				</animation>
				
			</control>
			
			<!-- progress bar for non-db files mode -->
			<control type="group">
				<left>64</left>
				<top>333</top>
				
				<width>112</width>
				<height>5</height>
				
				<include>WatchedProgressGeneric1</include>
				<include>WallViewProgressBarVisible</include>
				<include>MoveUpOverlayIconsIfSquaredVariant2X</include>
				
				<include>WallViewImageVisibleSquaredVariant</include>
				
				<animation type="Focus">
					<effect type="zoom" start="100,100" end="106,100" time="750" tween="sine" easing="inout" center="auto" />
					<effect type="slide" start="0,0" end="0,5" time="750" tween="sine" easing="inout" />
				</animation>
				<animation type="UnFocus">
					<effect type="zoom" start="106,100" end="100,100" time="500" tween="sine" easing="inout" center="auto" />
					<effect type="slide" start="0,5" end="0,0" time="500" tween="sine" easing="inout" />
				</animation>
				
			</control>
			
		</control>
		
		
		
		
		
		
		<!-- FOCUS BORDER OR LABEL -->
		
		<control type="group">
			<left>4</left>
			<top>-9</top>
			<width>282</width>
			<height>429</height>
			
			<animation effect="zoom" start="12,1,266,409"   end="4,-9,282,429" time="750" tween="sine" easing="inout">Focus</animation>
			<animation effect="zoom"   end="12,1,266,409" start="4,-9,282,429" time="500" tween="sine" easing="inout">UnFocus</animation>
			
			<!-- border texture only: poster variant -->
			<control type="image">
				<left>0</left>
				<top>0</top>
				<width>282</width>
				<height>429</height>
				<texture background="true" border="20,20,20,48" colordiffuse="$VAR[accentColorDiffuse]">_added_img/poster_border_7px-label.png</texture>
				<aspectratio>stretch</aspectratio>
				<include>itemFocusFadeInAnimation</include>
				<visible>Container.Content(Movies) | Container.Content(Sets) | Container.Content(TvShows) | Container.Content(Seasons) | Container.Content(Actors)</visible>
			</control>
			<!-- border texture only: squared variant -->
			<control type="image">
				<left>0</left>
				<top>60</top>
				<width>282</width>
				<height>323</height>
				<texture background="true" border="22,22,22,64" colordiffuse="$VAR[accentColorDiffuse]">_added_img/poster_border_7px-moreround-largelabel.png</texture>
				<aspectratio>stretch</aspectratio>
				<include>itemFocusFadeInAnimation</include>
				<visible>![Container.Content(Movies) | Container.Content(Sets) | Container.Content(TvShows) | Container.Content(Seasons) | Container.Content(Actors)]</visible>
			</control>
			
			<!-- label text -->
			<control type="label">
				<left>13</left>
				<top>390</top>
				<width>256</width>
				<height>38</height>
				<font>Regular14.5</font>
				<textcolor>white</textcolor>
				<selectedcolor>white</selectedcolor>
				<align>center</align>
				<aligny>center</aligny>
				<label>$VAR[WallViewLabel]</label>
				<animation effect="slide" start="0,0" end="0,-53" delay="0" time="0" condition="![Container.Content(Movies) | Container.Content(Sets) | Container.Content(TvShows) | Container.Content(Seasons) | Container.Content(Actors)]">conditional</animation>
			</control>
			
		</control>
		
	</include>


	
	
	
	
	
	
	
	
	
	
	
	
	
	
	<include name="WallView3X_itemLayout">
		
		<control type="group">
			<left>22</left><!-- move right a bit to avoid focus zoom cut-off at the left -->
			<top>9</top>
			<width>189</width>
			<height>276</height>
			
			
			
			
			<!-- poster image option a: scaled (if poster IS available) -->
			<control type="image">
				<left>0</left>
				<top>0</top>
				<width>189</width>
				<height>276</height>
				<texture background="true" diffuse="colors/diffuse/189x276-rounded.png">$VAR[PosterThumbWallViews]</texture>
				<aspectratio scalediffuse="false">scale</aspectratio>
				<include>WallViewImageVisiblePosterVariantArScale</include>
			</control>
			<!-- poster image option b: keep (if poster is NOT available) -->
			<control type="image">
				<left>0</left>
				<top>0</top>
				<width>189</width>
				<height>276</height>
				<texture background="true">$VAR[PosterThumbWallViews]</texture>
				<aspectratio>keep</aspectratio>
				<include>WallViewImageVisiblePosterVariantArKeep</include>
			</control>
			<!-- squared with rounded corners for addons and possibly more -->
			<control type="image">
				<left>0</left>
				<top>44</top>
				<width>189</width>
				<height>189</height>
				<texture background="true" diffuse="colors/diffuse/189x189-rounded.png">$VAR[PosterThumbWallViews]</texture>
				<aspectratio scalediffuse="false">scale</aspectratio>
				<include>WallViewImageVisibleSquaredVariantArScale</include>
			</control>
			<!-- addons variant with fallback image -->
			<control type="image">
				<left>0</left>
				<top>44</top>
				<width>189</width>
				<height>189</height>
				<texture background="true" diffuse="colors/diffuse/189x189-rounded.png" fallback="DefaultAddon_solid.png">$VAR[PosterThumbWallViews]</texture>
				<aspectratio scalediffuse="false">scale</aspectratio>
				<include>WallViewImageVisibleSquaredVariantArScaleAddonsFallbackImage</include>
			</control>
			<!-- squared for pictures with kept aspect ratio -->
			<control type="image">
				<left>0</left>
				<top>44</top>
				<width>189</width>
				<height>189</height>
				<texture background="true">$VAR[PosterThumbWallViews]</texture>
				<aspectratio>keep</aspectratio>
				<include>WallViewImageVisibleSquaredVariantArKeep</include>
			</control>
			
			<!-- ADDON FLAGS -->
			<control type="group">
				<left>136</left>
				<top>188</top>
				<width>60</width>
				<height>60</height>
				<include>WallViewAddonFlags</include>
				<animation effect="zoom" start="100" end="73" time="0" center="auto" condition="true">Conditional</animation>
				<include>WallViewAddonFlagsVisible</include>
			</control>
			
			<!-- 4K BANNER -->
			<control type="image">
				<left>4</left>
				<top>254</top>
				<width>32</width>
				<height>18</height>
				<texture background="true">$VAR[OverlayUHDTexture]</texture>
				<include>WallViewFlagUHDVisible</include>
				<include>MoveUpOverlayIconsIfSquaredVariant3X</include>
				
				<include>OverlayFlagsVisible</include>
			</control>
			<!-- HFR BANNER -->
			<control type="image">
				<left>39</left>
				<top>254</top>
				<width>32</width>
				<height>18</height>
				<texture background="true">_added_img/OverlayHFR.png</texture>
				<include>WallViewFlagHFRVisible</include>
				<include>MoveUpOverlayIconsIfSquaredVariant3X</include>
				
				<include>OverlayFlagsVisible</include>
			</control>
			<!-- ISO / DVD IMAGE OVERLAY -->
			<control type="image">
				<left>81</left>
				<top>261</top>
				<width>27</width>
				<height>16</height>
				<aspectratio scalediffuse="false" aligny="top">stretch</aspectratio>
				<texture background="true" diffuse="colors/diffuse/27x16.png">_added_img/OverlayDiscImage.png</texture>
				<include>WallViewFlagDiscVisible</include>
				<include>MoveUpOverlayIconsIfSquaredVariant3X</include>
				
				<include>OverlayFlagsVisible</include>
			</control>
			<!-- MOVIE SET OVERLAY -->
			<control type="image">
				<left>-3</left>
				<top>245</top>
				<width>40</width>
				<height>30</height>
				<texture background="true">_added_img/OverlaySet.png</texture>
				<include>WallViewFlagIsCollection</include>
				<include>MoveUpOverlayIconsIfSquaredVariant3X</include>
				
				<include>OverlayFlagsVisible</include>
			</control>
			<!-- 3D OVERLAY -->
			<control type="image">
				<left>2</left>
				<top>245</top>
				<width>40</width>
				<height>30</height>
				<texture background="true">_added_img/Overlay3D.png</texture>
				<include>WallViewFlag3DVisible</include>
				<include>MoveUpOverlayIconsIfSquaredVariant3X</include>
				
				<include>OverlayFlagsVisible</include>
			</control>
			
			<!-- progress bar for non-db files mode -->
			<control type="group">
				<left>51</left>
				<top>251</top>
				<include>WatchedProgressGeneric2</include>
				<include>WallViewProgressBarVisible</include>
				<include>MoveUpOverlayIconsIfSquaredVariant3X</include>
			</control>
			
			<!-- overlay (watched etc.) -->
			<control type="image">
				<left>157</left>
				<top>240</top>
				<width>32</width>
				<height>32</height>
				<aspectratio>keep</aspectratio>
				<include>WallViewOverlayTexture</include>
				<include>Transparency50</include>
				<include>MoveUpOverlayIconsIfSquaredVariant3X</include>
				<include>WallViewOverlayVisible</include>
				
				<include>OverlayWatchedFlagsVisible</include>
			</control>
			
		</control>
		
		
		
		<!-- FOCUS BORDER OR LABEL -->
		
		<control type="group">
			
			
			<!-- label text -->
			<control type="label">
				<left>22</left>
				<top>280</top>
				<width>189</width>
				<height>36</height>
				<font>Regular11</font>
				<textcolor>grey2</textcolor>
				<selectedcolor>selected</selectedcolor>
				<align>center</align>
				<aligny>center</aligny>
				<info>ListItem.Label</info>
				<include>WallViewItemLayoutLabelVisible</include>
				<animation effect="slide" start="0,0" end="0,-37" delay="0" time="0" condition="![Container.Content(Movies) | Container.Content(Sets) | Container.Content(TvShows) | Container.Content(Seasons) | Container.Content(Actors)]">conditional</animation>
			</control>
			
			
			
			
		</control>
		
		
		
	</include>

	
	
	
	<include name="WallView3X_focusedLayout">
		
		<control type="group">
			<left>22</left><!-- move right a bit to avoid focus zoom cut-off at the left -->
			<top>9</top>
			<width>189</width>
			<height>276</height>
			
			<animation effect="zoom" start="22,9,189,276"   end="14,-5,205,299" time="750" tween="sine" easing="inout">Focus</animation>
			<animation effect="zoom"   end="22,9,189,276" start="14,-5,205,299" time="500" tween="sine" easing="inout">UnFocus</animation>
			
			<!-- poster image option a: scaled (if poster IS available) -->
			<control type="image">
				<left>0</left>
				<top>0</top>
				<width>189</width>
				<height>276</height>
				<texture background="true" diffuse="colors/diffuse/189x276-rounded.png">$VAR[PosterThumbWallViews]</texture>
				<aspectratio scalediffuse="false">scale</aspectratio>
				<include>WallViewImageVisiblePosterVariantArScale</include>
			</control>
			<!-- poster image option b: keep (if poster is NOT available) -->
			<control type="image">
				<left>0</left>
				<top>0</top>
				<width>189</width>
				<height>276</height>
				<texture background="true">$VAR[PosterThumbWallViews]</texture>
				<aspectratio>keep</aspectratio>
				<include>WallViewImageVisiblePosterVariantArKeep</include>
			</control>
			<!-- squared with rounded corners for addons and possibly more -->
			<control type="image">
				<left>0</left>
				<top>44</top>
				<width>189</width>
				<height>189</height>
				<texture background="true" diffuse="colors/diffuse/189x189-rounded.png">$VAR[PosterThumbWallViews]</texture>
				<aspectratio scalediffuse="false">scale</aspectratio>
				<include>WallViewImageVisibleSquaredVariantArScale</include>
			</control>
			<!-- addons variant with fallback image -->
			<control type="image">
				<left>0</left>
				<top>44</top>
				<width>189</width>
				<height>189</height>
				<texture diffuse="colors/diffuse/189x189-rounded.png" fallback="DefaultAddon_solid.png">$VAR[PosterThumbWallViews]</texture>
				<!-- don't use background="true" background loader to avoid loading flicker bug for fallback image -->
				<aspectratio scalediffuse="false">scale</aspectratio>
				<include>WallViewImageVisibleSquaredVariantArScaleAddonsFallbackImage</include>
			</control>
			<!-- squared for pictures with kept aspect ratio -->
			<control type="image">
				<left>0</left>
				<top>44</top>
				<width>189</width>
				<height>189</height>
				<texture background="true">$VAR[PosterThumbWallViews]</texture>
				<aspectratio>keep</aspectratio>
				<include>WallViewImageVisibleSquaredVariantArKeep</include>
			</control>
			
			<!-- ADDON FLAGS -->
			<control type="group">
				<left>136</left>
				<top>188</top>
				<width>60</width>
				<height>60</height>
				<include>WallViewAddonFlags</include>
				<animation effect="zoom" start="100" end="73" time="0" center="auto" condition="true">Conditional</animation>
				<include>WallViewAddonFlagsVisible</include>
			</control>
			
			<!-- 4K BANNER -->
			<control type="image">
				<left>4</left>
				<top>254</top>
				<width>32</width>
				<height>18</height>
				<texture background="true">$VAR[OverlayUHDTexture]</texture>
				<include>WallViewFlagUHDVisible</include>
				<include>MoveUpOverlayIconsIfSquaredVariant3X</include>
				
				<include>OverlayFlagsFocusVisible</include>
				<include>OverlayFlagsFocusAniIncludeAndPixelMover</include>
			</control>
			<!-- HFR BANNER -->
			<control type="image">
				<left>39</left>
				<top>254</top>
				<width>32</width>
				<height>18</height>
				<texture background="true">_added_img/OverlayHFR.png</texture>
				<include>WallViewFlagHFRVisible</include>
				<include>MoveUpOverlayIconsIfSquaredVariant3X</include>
				
				<include>OverlayFlagsFocusVisible</include>
				<include>OverlayFlagsFocusAniIncludeAndPixelMover</include>
			</control>
			<!-- ISO / DVD IMAGE OVERLAY -->
			<control type="image">
				<left>81</left>
				<top>260</top>
				<width>27</width>
				<height>16</height>
				<texture background="true">_added_img/OverlayDiscImage.png</texture>
				<include>WallViewFlagDiscVisible</include>
				<include>MoveUpOverlayIconsIfSquaredVariant3X</include>
				
				<include>OverlayFlagsFocusVisible</include>
				<include>OverlayFlagsFocusAniIncludeAndPixelMover</include>
			</control>
			<!-- MOVIE SET OVERLAY -->
			<control type="image">
				<left>-3</left>
				<top>245</top>
				<width>40</width>
				<height>30</height>
				<texture background="true">_added_img/OverlaySet.png</texture>
				<include>WallViewFlagIsCollection</include>
				<include>MoveUpOverlayIconsIfSquaredVariant3X</include>
				
				<include>OverlayFlagsFocusVisible</include>
				<include>OverlayFlagsFocusAniInclude</include>
			</control>
			<!-- 3D OVERLAY -->
			<control type="image">
				<left>2</left>
				<top>245</top>
				<width>40</width>
				<height>30</height>
				<texture background="true">_added_img/Overlay3D.png</texture>
				<include>WallViewFlag3DVisible</include>
				<include>MoveUpOverlayIconsIfSquaredVariant3X</include>
				
				<include>OverlayFlagsFocusVisible</include>
				<include>OverlayFlagsFocusAniInclude</include>
			</control>
			
			
			<!-- overlay (watched etc.) -->
			<control type="image">
				<left>157</left>
				<top>240</top>
				<width>32</width>
				<height>32</height>
				<aspectratio>keep</aspectratio>
				<include>WallViewOverlayTexture</include>
				<include>MoveUpOverlayIconsIfSquaredVariant3X</include>
				<include>WallViewOverlayVisible</include>
				
				<include>OverlayWatchedFlagsFocusVisible</include>
				<include>OverlayWatchedFlagsFocusAniInclude</include>
			</control>
			<control type="image">
				<left>157</left>
				<top>240</top>
				<width>32</width>
				<height>32</height>
				<aspectratio>keep</aspectratio>
				<include>WallViewOverlayTexture</include>
				<include>MoveUpOverlayIconsIfSquaredVariant3X</include>
				<include>WallViewOverlayVisible</include>
				
				<include>OverlayWatchedFlagsFocusVisibleSpecial</include>
				<include>OverlayWatchedFlagsFocusAniIncludeSpecial</include>
			</control>
			
		</control>
		
		
		
		
		
		
		<control type="group">
			<left>22</left><!-- move right a bit to avoid focus zoom cut-off at the left -->
			<top>9</top>
			
			<!-- progress bar for non-db files mode -->
			<control type="group">
				<left>51</left>
				<top>251</top>
				
				<width>87</width>
				<height>5</height>
				
				<include>WatchedProgressGeneric2</include>
				<include>WallViewProgressBarVisible</include>
				<include>MoveUpOverlayIconsIfSquaredVariant3X</include>
				
				<include>WallViewImageVisiblePosterVariant</include>
				
				<animation type="Focus">
					<effect type="zoom" start="100,100" end="108,100" time="750" tween="sine" easing="inout" center="auto" />
					<effect type="slide" start="0,0" end="0,7" time="750" tween="sine" easing="inout" />
				</animation>
				<animation type="UnFocus">
					<effect type="zoom" start="108,100" end="100,100" time="500" tween="sine" easing="inout" center="auto" />
					<effect type="slide" start="0,7" end="0,0" time="500" tween="sine" easing="inout" />
				</animation>
				
			</control>
			
			<!-- progress bar for non-db files mode -->
			<control type="group">
				<left>51</left>
				<top>251</top>
				
				<width>87</width>
				<height>5</height>
				
				<include>WatchedProgressGeneric2</include>
				<include>WallViewProgressBarVisible</include>
				<include>MoveUpOverlayIconsIfSquaredVariant3X</include>
				
				<include>WallViewImageVisibleSquaredVariant</include>
				
				<animation type="Focus">
					<effect type="zoom" start="100,100" end="108,100" time="750" tween="sine" easing="inout" center="auto" />
					<effect type="slide" start="0,0" end="0,3" time="750" tween="sine" easing="inout" />
				</animation>
				<animation type="UnFocus">
					<effect type="zoom" start="108,100" end="100,100" time="500" tween="sine" easing="inout" center="auto" />
					<effect type="slide" start="0,3" end="0,0" time="500" tween="sine" easing="inout" />
				</animation>
				
			</control>
			
		</control>
		
		
		
		
		
		
		<!-- FOCUS BORDER OR LABEL -->
		
		<control type="group">
			<left>5</left>
			<top>-13</top>
			<width>223</width>
			<height>333</height>
			
			<animation effect="zoom" start="14,1,205,310"   end="5,-13,223,333" time="750" tween="sine" easing="inout">Focus</animation>
			<animation effect="zoom"   end="14,1,205,310" start="5,-13,223,333" time="500" tween="sine" easing="inout">UnFocus</animation>
			
			<!-- border texture only: poster variant -->
			<control type="image">
				<left>0</left>
				<top>0</top>
				<width>223</width>	
				<height>333</height>
				<texture background="true" border="20,20,20,36" colordiffuse="$VAR[accentColorDiffuse]">_added_img/poster_border_6px-label.png</texture>
				<aspectratio>stretch</aspectratio>
				<include>itemFocusFadeInAnimation</include>
				<visible>[Container.Content(Movies) | Container.Content(Sets) | Container.Content(TvShows) | Container.Content(Seasons) | Container.Content(Actors)]</visible>
			</control>
			
			<!-- border texture only: squared variant -->
			<control type="image">
				<left>0</left>
				<top>48</top>
				<width>223</width>
				<height>252</height>
				<texture background="true" border="20,20,20,52" colordiffuse="$VAR[accentColorDiffuse]">_added_img/poster_border_6px-moreround-largelabel.png</texture>
				<aspectratio>stretch</aspectratio>
				<include>itemFocusFadeInAnimation</include>
				<visible>![Container.Content(Movies) | Container.Content(Sets) | Container.Content(TvShows) | Container.Content(Seasons) | Container.Content(Actors)]</visible>
			</control>
			
			<!-- label text -->
			<control type="label">
				<left>11</left>
				<top>300</top>
				<width>201</width>
				<height>36</height>
				<font>Regular12</font>
				<textcolor>white</textcolor>
				<selectedcolor>white</selectedcolor>
				<align>center</align>
				<aligny>center</aligny>
				<label>$VAR[WallViewLabel]</label>
				<animation effect="slide" start="0,0" end="0,-39" delay="0" time="0" condition="![Container.Content(Movies) | Container.Content(Sets) | Container.Content(TvShows) | Container.Content(Seasons) | Container.Content(Actors)]">conditional</animation>
			</control>
			
		</control>
		
		
		
	</include>

	
	
	
	<include name="WallView4X_itemLayout">
		
		<control type="group">
			<left>24</left><!-- move right a bit to avoid focus zoom cut-off at the left -->
			<top>8</top>
			<width>137</width>
			<height>201</height>
			
			
			
			
			<!-- poster image option a: scaled (if poster IS available) -->
			<control type="image">
				<left>0</left>
				<top>0</top>
				<width>137</width>
				<height>201</height>
				<texture background="true" diffuse="colors/diffuse/137x201-rounded.png">$VAR[PosterThumbWallViews]</texture>
				<aspectratio scalediffuse="false">scale</aspectratio>
				<include>WallViewImageVisiblePosterVariantArScale</include>
			</control>
			<!-- poster image option b: keep (if poster is NOT available) -->
			<control type="image">
				<left>0</left>
				<top>0</top>
				<width>137</width>
				<height>201</height>
				<texture background="true">$VAR[PosterThumbWallViews]</texture>
				<aspectratio>keep</aspectratio>
				<include>WallViewImageVisiblePosterVariantArKeep</include>
			</control>
			<!-- squared with rounded corners for addons and possibly more -->
			<control type="image">
				<left>0</left>
				<top>32</top>
				<width>137</width>
				<height>137</height>
				<texture background="true" diffuse="colors/diffuse/137x137-rounded.png">$VAR[PosterThumbWallViews]</texture>
				<aspectratio scalediffuse="false">scale</aspectratio>
				<include>WallViewImageVisibleSquaredVariantArScale</include>
			</control>
			<!-- addons variant with fallback image -->
			<control type="image">
				<left>0</left>
				<top>32</top>
				<width>137</width>
				<height>137</height>
				<texture background="true" diffuse="colors/diffuse/137x137-rounded.png" fallback="DefaultAddon_solid.png">$VAR[PosterThumbWallViews]</texture>
				<aspectratio scalediffuse="false">scale</aspectratio>
				<include>WallViewImageVisibleSquaredVariantArScaleAddonsFallbackImage</include>
			</control>
			<!-- squared for pictures with kept aspect ratio -->
			<control type="image">
				<left>0</left>
				<top>32</top>
				<width>137</width>
				<height>137</height>
				<texture background="true">$VAR[PosterThumbWallViews]</texture>
				<aspectratio>keep</aspectratio>
				<include>WallViewImageVisibleSquaredVariantArKeep</include>
			</control>
			
			<!-- ADDON FLAGS -->
			<control type="group">
				<left>85</left>
				<top>125</top>
				<width>60</width>
				<height>60</height>
				<include>WallViewAddonFlags</include>
				<animation effect="zoom" start="100" end="70" time="0" center="auto" condition="true">Conditional</animation>
				<include>WallViewAddonFlagsVisible</include>
			</control>
			
			<!-- 4K BANNER -->
			<control type="image">
				<left>3</left>
				<top>180</top>
				<width>32</width>
				<height>18</height>
				<texture background="true">$VAR[OverlayUHDTexture]</texture>
				<include>WallViewFlagUHDVisible</include>
				<include>MoveUpOverlayIconsIfSquaredVariant4X</include>
				
				<include>OverlayFlagsVisible</include>
			</control>
			<!-- HFR BANNER -->
			<control type="image">
				<left>3</left>
				<top>159</top>
				<width>32</width>
				<height>18</height>
				<texture background="true">_added_img/OverlayHFR.png</texture>
				<include>WallViewFlagHFRVisible</include>
				<include>MoveUpOverlayIconsIfSquaredVariant4X</include>
				
				<include>OverlayFlagsVisible</include>
			</control>
			<!-- ISO / DVD IMAGE OVERLAY -->
			<control type="image">
				<left>55</left>
				<top>186</top>
				<width>27</width>
				<height>16</height>
				<aspectratio scalediffuse="false" aligny="top">stretch</aspectratio>
				<texture background="true" diffuse="colors/diffuse/27x16.png">_added_img/OverlayDiscImage.png</texture>
				<include>WallViewFlagDiscVisible</include>
				<include>MoveUpOverlayIconsIfSquaredVariant4X</include>
				
				<include>OverlayFlagsVisible</include>
			</control>
			<!-- MOVIE SET OVERLAY -->
			<control type="image">
				<left>-4</left>
				<top>170</top>
				<width>40</width>
				<height>30</height>
				<texture background="true">_added_img/OverlaySet.png</texture>
				<include>WallViewFlagIsCollection</include>
				<include>MoveUpOverlayIconsIfSquaredVariant4X</include>
				
				<include>OverlayFlagsVisible</include>
			</control>
			<!-- 3D OVERLAY -->
			<control type="image">
				<left>1</left>
				<top>171</top>
				<width>40</width>
				<height>30</height>
				<texture background="true">_added_img/Overlay3D.png</texture>
				<include>WallViewFlag3DVisible</include>
				<include>MoveUpOverlayIconsIfSquaredVariant4X</include>
				
				<include>OverlayFlagsVisible</include>
			</control>
			
			<!-- progress bar for non-db files mode -->
			<control type="group">
				<left>37</left>
				<top>179</top>
				<include>WatchedProgressGeneric3</include>
				<include>WallViewProgressBarVisible</include>
				<include>MoveUpOverlayIconsIfSquaredVariant4X</include>
			</control>
			
			<!-- overlay (watched etc.) -->
			<control type="image">
				<left>109</left>
				<top>171</top>
				<width>29</width>
				<height>29</height>
				<aspectratio>keep</aspectratio>
				<include>WallViewOverlayTexture</include>
				<include>Transparency50</include>
				<include>MoveUpOverlayIconsIfSquaredVariant4X</include>
				<include>WallViewOverlayVisible</include>
				
				<include>OverlayWatchedFlagsVisible</include>
			</control>
			
		</control>
		
		
		
		<!-- FOCUS BORDER OR LABEL -->
		
		<control type="group">
			
			
			
			<!-- label text -->
			<control type="label">
				<left>24</left>
				<top>203</top>
				<width>137</width>
				<height>36</height>
				<font>Regular11</font>
				<textcolor>grey2</textcolor>
				<selectedcolor>selected</selectedcolor>
				<align>center</align>
				<aligny>center</aligny>
				<info>ListItem.Label</info>
				<include>WallViewItemLayoutLabelVisible</include>
				<animation effect="slide" start="0,0" end="0,-26" delay="0" time="0" condition="![Container.Content(Movies) | Container.Content(Sets) | Container.Content(TvShows) | Container.Content(Seasons) | Container.Content(Actors)]">conditional</animation>
			</control>
			
			
			
			
		</control>
		
		
		
	</include>
	
	
	
	<include name="WallView4X_focusedLayout">
		
		<control type="group">
			<left>24</left><!-- move right a bit to avoid focus zoom cut-off at the left -->
			<top>8</top>
			<width>137</width>
			<height>201</height>
			
			<animation effect="zoom" start="24,0,137,201" end="20,-5,144,212" time="750" tween="sine" easing="inout">Focus</animation>
			<animation effect="zoom" end="24,0,137,201" start="20,-5,144,212" time="500" tween="sine" easing="inout">UnFocus</animation>
			
			<!-- poster image option a: scaled (if poster IS available) -->
			<control type="image">
				<left>0</left>
				<top>0</top>
				<width>137</width>
				<height>201</height>
				<texture background="true" diffuse="colors/diffuse/137x201-rounded.png">$VAR[PosterThumbWallViews]</texture>
				<aspectratio scalediffuse="false">scale</aspectratio>
				<include>WallViewImageVisiblePosterVariantArScale</include>
			</control>
			<!-- poster image option b: keep (if poster is NOT available) -->
			<control type="image">
				<left>0</left>
				<top>0</top>
				<width>137</width>
				<height>201</height>
				<texture background="true">$VAR[PosterThumbWallViews]</texture>
				<aspectratio>keep</aspectratio>
				<include>WallViewImageVisiblePosterVariantArKeep</include>
			</control>
			<!-- squared with rounded corners for addons and possibly more -->
			<control type="image">
				<left>0</left>
				<top>32</top>
				<width>137</width>
				<height>137</height>
				<texture background="true" diffuse="colors/diffuse/137x137-rounded.png">$VAR[PosterThumbWallViews]</texture>
				<aspectratio scalediffuse="false">scale</aspectratio>
				<include>WallViewImageVisibleSquaredVariantArScale</include>
			</control>
			<!-- addons variant with fallback image -->
			<control type="image">
				<left>0</left>
				<top>32</top>
				<width>137</width>
				<height>137</height>
				<texture diffuse="colors/diffuse/137x137-rounded.png" fallback="DefaultAddon_solid.png">$VAR[PosterThumbWallViews]</texture>
				<!-- don't use background="true" background loader to avoid loading flicker bug for fallback image -->
				<aspectratio scalediffuse="false">scale</aspectratio>
				<include>WallViewImageVisibleSquaredVariantArScaleAddonsFallbackImage</include>
			</control>
			<!-- squared for pictures with kept aspect ratio -->
			<control type="image">
				<left>0</left>
				<top>32</top>
				<width>137</width>
				<height>137</height>
				<texture background="true">$VAR[PosterThumbWallViews]</texture>
				<aspectratio>keep</aspectratio>
				<include>WallViewImageVisibleSquaredVariantArKeep</include>
			</control>
			
			<!-- ADDON FLAGS -->
			<control type="group">
				<left>85</left>
				<top>125</top>
				<width>60</width>
				<height>60</height>
				<include>WallViewAddonFlags</include>
				<animation effect="zoom" start="100" end="70" time="0" center="auto" condition="true">Conditional</animation>
				<include>WallViewAddonFlagsVisible</include>
			</control>
			
			<!-- 4K BANNER -->
			<control type="image">
				<left>3</left>
				<top>180</top>
				<width>32</width>
				<height>18</height>
				<texture background="true">$VAR[OverlayUHDTexture]</texture>
				<include>WallViewFlagUHDVisible</include>
				<include>MoveUpOverlayIconsIfSquaredVariant4X</include>
				
				<include>OverlayFlagsFocusVisible</include>
				<include>OverlayFlagsFocusAniIncludeAndPixelMover</include>
			</control>
			<!-- HFR BANNER -->
			<control type="image">
				<left>3</left>
				<top>159</top>
				<width>32</width>
				<height>18</height>
				<texture background="true">_added_img/OverlayHFR.png</texture>
				<include>WallViewFlagHFRVisible</include>
				<include>MoveUpOverlayIconsIfSquaredVariant4X</include>
				
				<include>OverlayFlagsFocusVisible</include>
				<include>OverlayFlagsFocusAniIncludeAndPixelMover</include>
			</control>
			<!-- ISO / DVD IMAGE OVERLAY -->
			<control type="image">
				<left>55</left>
				<top>185</top>
				<width>27</width>
				<height>16</height>
				<texture background="true">_added_img/OverlayDiscImage.png</texture>
				<include>WallViewFlagDiscVisible</include>
				<include>MoveUpOverlayIconsIfSquaredVariant4X</include>
				
				<include>OverlayFlagsFocusVisible</include>
				<include>OverlayFlagsFocusAniIncludeAndPixelMover</include>
			</control>
			<!-- MOVIE SET OVERLAY -->
			<control type="image">
				<left>-4</left>
				<top>170</top>
				<width>40</width>
				<height>30</height>
				<texture background="true">_added_img/OverlaySet.png</texture>
				<include>WallViewFlagIsCollection</include>
				<include>MoveUpOverlayIconsIfSquaredVariant4X</include>
				
				<include>OverlayFlagsFocusVisible</include>
				<include>OverlayFlagsFocusAniInclude</include>
			</control>
			<!-- 3D OVERLAY -->
			<control type="image">
				<left>1</left>
				<top>171</top>
				<width>40</width>
				<height>30</height>
				<texture background="true">_added_img/Overlay3D.png</texture>
				<include>WallViewFlag3DVisible</include>
				<include>MoveUpOverlayIconsIfSquaredVariant4X</include>
				
				<include>OverlayFlagsFocusVisible</include>
				<include>OverlayFlagsFocusAniInclude</include>
			</control>
			
			
			<!-- overlay (watched etc.) -->
			<control type="image">
				<left>109</left>
				<top>171</top>
				<width>29</width>
				<height>29</height>
				<aspectratio>keep</aspectratio>
				<include>WallViewOverlayTexture</include>
				<include>MoveUpOverlayIconsIfSquaredVariant4X</include>
				<include>WallViewOverlayVisible</include>
				
				<include>OverlayWatchedFlagsFocusVisible</include>
				<include>OverlayWatchedFlagsFocusAniInclude</include>
			</control>
			<control type="image">
				<left>109</left>
				<top>171</top>
				<width>29</width>
				<height>29</height>
				<aspectratio>keep</aspectratio>
				<include>WallViewOverlayTexture</include>
				<include>MoveUpOverlayIconsIfSquaredVariant4X</include>
				<include>WallViewOverlayVisible</include>
				
				<include>OverlayWatchedFlagsFocusVisibleSpecial</include>
				<include>OverlayWatchedFlagsFocusAniIncludeSpecial</include>
			</control>
			
		</control>
		
		
		
		
		
		
		<control type="group">
			<left>24</left><!-- move right a bit to avoid focus zoom cut-off at the left -->
			<top>8</top>
			
			<!-- progress bar for non-db files mode -->
			<control type="group">
				<left>37</left>
				<top>179</top>
				
				<width>65</width>
				<height>5</height>
				
				<include>WatchedProgressGeneric3</include>
				<include>WallViewProgressBarVisible</include>
				<include>MoveUpOverlayIconsIfSquaredVariant4X</include>
				
				<include>WallViewImageVisiblePosterVariant</include>
				
				<animation type="Focus">
					<effect type="zoom" start="100,100" end="105,100" time="750" tween="sine" easing="inout" center="auto" />
					<effect type="slide" start="0,0" end="0,6" time="750" tween="sine" easing="inout" />
				</animation>
				<animation type="UnFocus">
					<effect type="zoom" start="105,100" end="100,100" time="500" tween="sine" easing="inout" center="auto" />
					<effect type="slide" start="0,6" end="0,0" time="500" tween="sine" easing="inout" />
				</animation>
				
			</control>
			
			<!-- progress bar for non-db files mode -->
			<control type="group">
				<left>37</left>
				<top>179</top>
				
				<width>65</width>
				<height>5</height>
				
				<include>WatchedProgressGeneric3</include>
				<include>WallViewProgressBarVisible</include>
				<include>MoveUpOverlayIconsIfSquaredVariant4X</include>
				
				<include>WallViewImageVisibleSquaredVariant</include>
				
				<animation type="Focus">
					<effect type="zoom" start="100,100" end="105,100" time="750" tween="sine" easing="inout" center="auto" />
					<effect type="slide" start="0,0" end="0,4" time="750" tween="sine" easing="inout" />
				</animation>
				<animation type="UnFocus">
					<effect type="zoom" start="105,100" end="100,100" time="500" tween="sine" easing="inout" center="auto" />
					<effect type="slide" start="0,4" end="0,0" time="500" tween="sine" easing="inout" />
				</animation>
				
			</control>
			
		</control>
		
		
		
		
		
		
		<!-- FOCUS BORDER OR LABEL -->
		
		<control type="group">
			<left>12</left>
			<top>-4</top>
			<width>160</width>
			<height>243</height>
			
			<animation effect="zoom" start="17,0,151,233"   end="12,-4,160,243" time="750" tween="sine" easing="inout">Focus</animation>
			<animation effect="zoom"   end="17,0,151,233" start="12,-4,160,243" time="500" tween="sine" easing="inout">UnFocus</animation>
			
			<!-- border texture only: poster variant -->
			<control type="image">
				<left>0</left>
				<top>0</top>
				<width>160</width>
				<height>243</height>
				<texture background="true" border="16,16,16,34" colordiffuse="$VAR[accentColorDiffuse]">_added_img/poster_border_5px-label.png</texture>
				<aspectratio>stretch</aspectratio>
				<include>itemFocusFadeInAnimation</include>
				<visible>Container.Content(Movies) | Container.Content(Sets) | Container.Content(TvShows) | Container.Content(Seasons) | Container.Content(Actors)</visible>
			</control>
			<!-- border texture only: squared variant -->
			<control type="image">
				<left>0</left>
				<top>34</top>
				<width>160</width>
				<height>190</height>
				<texture background="true" border="20,20,20,50" colordiffuse="$VAR[accentColorDiffuse]">_added_img/poster_border_5px-moreround-largelabel.png</texture>
				<aspectratio>stretch</aspectratio>
				<include>itemFocusFadeInAnimation</include>
				<visible>![Container.Content(Movies) | Container.Content(Sets) | Container.Content(TvShows) | Container.Content(Seasons) | Container.Content(Actors)]</visible>
			</control>
			
			<!-- label text -->
			<control type="label">
				<left>9</left>
				<top>211</top>
				<width>142</width>
				<height>36</height>
				<font>Regular12</font>
				<textcolor>white</textcolor>
				<selectedcolor>white</selectedcolor>
				<align>center</align>
				<aligny>center</aligny>
				<label>$VAR[WallViewLabel]</label>
				<animation effect="slide" start="0,0" end="0,-25" delay="0" time="0" condition="![Container.Content(Movies) | Container.Content(Sets) | Container.Content(TvShows) | Container.Content(Seasons) | Container.Content(Actors)]">conditional</animation>
			</control>
			
		</control>
		
		
		
	</include>




	
	
	
	<!-- WALL VIEW 2X -->
	<include name="WallView1">
		<control type="group">
			<visible>Control.IsVisible(500)</visible>
			<include>VisibleFadeEffect</include>
			
			<control type="panel" id="500">
				<animation effect="slide" start="0,0" end="-32,0" delay="0" time="0" condition="Skin.HasSetting(WallViewsHigherDensity) + [Container.Content(Movies) | Container.Content(Sets) | Container.Content(TvShows) | Container.Content(Seasons) | Container.Content(Actors)]">conditional</animation>
				<visible>!Container.Content(Songs) + !Container.Content(Years) + !Container.Content(Tags) + !Container.Content(Genres) + !Container.Content(Countries) + !Container.Content(Studios) + !Container.Content(Directors) + !Container.Content(Episodes)</visible>
				<left>35</left>
				<top>0</top>
				<width>1905</width>
				<height>1080</height>
				<onleft>2</onleft>
				<onright>noop</onright>
				<onup>500</onup>
				<ondown>500</ondown>
				<viewtype label="Wall 2X">list</viewtype>
				<pagecontrol>60</pagecontrol>
				<include>wallScrollStyle2X</include>
				<include condition="[String.StartsWith(System.BuildVersion,17.7) | String.Contains(System.BuildVersion,BetterGUI) | String.StartsWith(System.BuildAppName,KodiDS)]">preloaditems1</include>
				<include condition="![String.StartsWith(System.BuildVersion,17.7) | String.Contains(System.BuildVersion,BetterGUI) | String.StartsWith(System.BuildAppName,KodiDS)]">preloaditems2</include>
				
				<itemlayout width="309" height="420" condition="!Skin.HasSetting(WallViewsHigherDensity) | ![Container.Content(Movies) | Container.Content(Sets) | Container.Content(TvShows) | Container.Content(Seasons) | Container.Content(Actors)]">
					<control type="group">
						<top>66</top>
						<include>WallView2X_itemLayout</include>
					</control>
				</itemlayout>
				<itemlayout width="269" height="420" condition="Skin.HasSetting(WallViewsHigherDensity) + [Container.Content(Movies) | Container.Content(Sets) | Container.Content(TvShows) | Container.Content(Seasons) | Container.Content(Actors)]">
					<control type="group">
						<top>66</top>
						<include>WallView2X_itemLayout</include>
					</control>
				</itemlayout>
				
				<focusedlayout width="309" height="420" condition="!Skin.HasSetting(WallViewsHigherDensity) | ![Container.Content(Movies) | Container.Content(Sets) | Container.Content(TvShows) | Container.Content(Seasons) | Container.Content(Actors)]">
					<control type="group">
						<top>66</top>
						<include>WallView2X_focusedLayout</include>
					</control>
				</focusedlayout>
				<focusedlayout width="269" height="420" condition="Skin.HasSetting(WallViewsHigherDensity) + [Container.Content(Movies) | Container.Content(Sets) | Container.Content(TvShows) | Container.Content(Seasons) | Container.Content(Actors)]">
					<control type="group">
						<top>66</top>
						<include>WallView2X_focusedLayout</include>
					</control>
				</focusedlayout>
				
			</control>
			<control type="scrollbar" id="60">
				<include>scrollBarDimensions</include>
				<include>scrollBarStyleTransparent</include>
				<onleft>500</onleft>
				<onright>60</onright>
				<showonepage>false</showonepage>
				<visible>Control.IsVisible(500)</visible>
				<include>scrollBarStyleDefault</include>
			</control>
		</control>
	</include>
	
	<!-- WALL VIEW 3X -->
	<include name="WallView2">
		<control type="group">
			<visible>Control.IsVisible(908)</visible>
			<include>VisibleFadeEffect</include>
			
			<control type="panel" id="908">
				<animation effect="slide" start="0,0" end="-17,0" delay="0" time="0" condition="Skin.HasSetting(WallViewsHigherDensity) + [Container.Content(Movies) | Container.Content(Sets) | Container.Content(TvShows) | Container.Content(Seasons) | Container.Content(Actors)]">conditional</animation>
				<visible>!Container.Content(Songs) + !Container.Content(Years) + !Container.Content(Tags) + !Container.Content(Genres) + !Container.Content(Countries) + !Container.Content(Studios) + !Container.Content(Directors) + !Container.Content(Episodes)</visible>
				<left>17</left>
				<top>0</top>
				<width>1903</width>
				<height>1080</height>
				<onleft>2</onleft>
				<onright>noop</onright>
				<onup>908</onup>
				<ondown>908</ondown>
				<viewtype label="Wall 3X">list</viewtype>
				<pagecontrol>60</pagecontrol>
				<include>wallScrollStyle3X</include>
				<include condition="[String.StartsWith(System.BuildVersion,17.7) | String.Contains(System.BuildVersion,BetterGUI) | String.StartsWith(System.BuildAppName,KodiDS)]">preloaditems1</include>
				<include condition="![String.StartsWith(System.BuildVersion,17.7) | String.Contains(System.BuildVersion,BetterGUI) | String.StartsWith(System.BuildAppName,KodiDS)]">preloaditems2</include>
				
				<itemlayout width="234" height="314" condition="!Skin.HasSetting(WallViewsHigherDensity) | ![Container.Content(Movies) | Container.Content(Sets) | Container.Content(TvShows) | Container.Content(Seasons) | Container.Content(Actors)]">
					<control type="group">
						<top>66</top>
						<include>WallView3X_itemLayout</include>
					</control>
				</itemlayout>
				<itemlayout width="209" height="314" condition="Skin.HasSetting(WallViewsHigherDensity) + [Container.Content(Movies) | Container.Content(Sets) | Container.Content(TvShows) | Container.Content(Seasons) | Container.Content(Actors)]">
					<control type="group">
						<top>66</top>
						<include>WallView3X_itemLayout</include>
					</control>
				</itemlayout>
				
				<focusedlayout width="234" height="314" condition="!Skin.HasSetting(WallViewsHigherDensity) | ![Container.Content(Movies) | Container.Content(Sets) | Container.Content(TvShows) | Container.Content(Seasons) | Container.Content(Actors)]">
					<control type="group">
						<top>66</top>
						<include>WallView3X_focusedLayout</include>
					</control>
				</focusedlayout>
				<focusedlayout width="209" height="314" condition="Skin.HasSetting(WallViewsHigherDensity) + [Container.Content(Movies) | Container.Content(Sets) | Container.Content(TvShows) | Container.Content(Seasons) | Container.Content(Actors)]">
					<control type="group">
						<top>66</top>
						<include>WallView3X_focusedLayout</include>
					</control>
				</focusedlayout>
				
			</control>
			<control type="scrollbar" id="60">
				<include>scrollBarDimensions</include>
				<include>scrollBarStyleTransparent</include>
				<onleft>908</onleft>
				<onright>60</onright>
				<showonepage>false</showonepage>
				<visible>Control.IsVisible(908)</visible>
				<include>scrollBarStyleDefault</include>
			</control>
		</control>
	</include>
	
	<!-- WALL VIEW 4X -->
	<include name="WallView3">
		<control type="group">
			<visible>Control.IsVisible(909)</visible>
			<include>VisibleFadeEffect</include>
			
			<control type="panel" id="909">
				<animation effect="slide" start="0,0" end="-3,0" delay="0" time="0" condition="Skin.HasSetting(WallViewsHigherDensity) + [Container.Content(Movies) | Container.Content(Sets) | Container.Content(TvShows) | Container.Content(Seasons) | Container.Content(Actors)]">conditional</animation>
				<visible>!Container.Content(Songs) + !Container.Content(Years) + !Container.Content(Tags) + !Container.Content(Genres) + !Container.Content(Countries) + !Container.Content(Studios) + !Container.Content(Directors) + !Container.Content(Episodes)</visible>
				<left>5</left>
				<top>0</top>
				<width>1894</width>
				<height>1080</height>
				<onleft>2</onleft>
				<onright>noop</onright>
				<onup>909</onup>
				<ondown>909</ondown>
				<viewtype label="Wall 4X">list</viewtype>
				<pagecontrol>60</pagecontrol>
				<include>wallScrollStyle4X</include>
				<include condition="[String.StartsWith(System.BuildVersion,17.7) | String.Contains(System.BuildVersion,BetterGUI) | String.StartsWith(System.BuildAppName,KodiDS)]">preloaditems1</include>
				<include condition="![String.StartsWith(System.BuildVersion,17.7) | String.Contains(System.BuildVersion,BetterGUI) | String.StartsWith(System.BuildAppName,KodiDS)]">preloaditems2</include>
				
				<itemlayout width="171" height="234" condition="!Skin.HasSetting(WallViewsHigherDensity) | ![Container.Content(Movies) | Container.Content(Sets) | Container.Content(TvShows) | Container.Content(Seasons) | Container.Content(Actors)]">
					<control type="group">
						<top>66</top>
						<include>WallView4X_itemLayout</include>
					</control>
				</itemlayout>
				<itemlayout width="156" height="234" condition="Skin.HasSetting(WallViewsHigherDensity) + [Container.Content(Movies) | Container.Content(Sets) | Container.Content(TvShows) | Container.Content(Seasons) | Container.Content(Actors)]">
					<control type="group">
						<top>66</top>
						<include>WallView4X_itemLayout</include>
					</control>
				</itemlayout>
				
				<focusedlayout width="171" height="234" condition="!Skin.HasSetting(WallViewsHigherDensity) | ![Container.Content(Movies) | Container.Content(Sets) | Container.Content(TvShows) | Container.Content(Seasons) | Container.Content(Actors)]">
					<control type="group">
						<top>66</top>
						<include>WallView4X_focusedLayout</include>
					</control>
				</focusedlayout>
				<focusedlayout width="156" height="234" condition="Skin.HasSetting(WallViewsHigherDensity) + [Container.Content(Movies) | Container.Content(Sets) | Container.Content(TvShows) | Container.Content(Seasons) | Container.Content(Actors)]">
					<control type="group">
						<top>66</top>
						<include>WallView4X_focusedLayout</include>
					</control>
				</focusedlayout>
				
			</control>
			<control type="scrollbar" id="60">
				<include>scrollBarDimensions</include>
				<include>scrollBarStyleTransparent</include>
				<onleft>909</onleft>
				<onright>60</onright>
				<showonepage>false</showonepage>
				<visible>Control.IsVisible(909)</visible>
				<include>scrollBarStyleDefault</include>
			</control>
		</control>
	</include>
	
</includes>
