<?xml version="1.0" encoding="UTF-8"?>
<window>
	
	<defaultcontrol always="true">100</defaultcontrol>
	
	<onload condition="!VideoPlayer.Content(LiveTV) + Player.PauseEnabled">SetFocus(202)</onload>
	<onload condition="!VideoPlayer.Content(LiveTV) + !Player.PauseEnabled">SetFocus(203)</onload>
	<onload condition="VideoPlayer.Content(LiveTV)">SetFocus(300)</onload>
	
	<include>dialogeffectSlower</include>
	
	<depth>DepthOSD</depth>
	
	<controls><!-- WRAPPER START --><control type="group"><centerleft>50%</centerleft><centertop>50%</centertop><width>1920</width><height>1080</height><!-- WRAPPER START -->
		
		
		
		<control type="group">
			
			
			<!-- Never show any VideoOSD if a slider is visible -->
			<visible>!Window.IsVisible(SliderDialog)</visible>
			
			
			<animation effect="fade" end="100" time="700">Visible</animation>
			<animation effect="fade" end="0" time="350">Hidden</animation>
			
			
			<control type="image" id="4010">
				<description>Seekbar focus border for mouse</description>
				<left>237</left>
				<top>168r</top>
				<width>1446</width>
				<height>25</height>
				<texture border="14" colordiffuse="$VAR[accentColorDiffuseForNeutralTextures]">_added_img/focus_border_2px-rounded-12px-neutral.png</texture>
				<visible>Control.HasFocus(87) + System.GetBool(input.enablemouse) + ![Window.IsVisible(SliderDialog) | VideoPlayer.Content(LiveTV)] + [Window.IsActive(VideoOSD) | Window.IsActive(MusicOSD)]</visible>
			</control>
			
			
			<control type="slider" id="87">
				<depth>DepthOSD+</depth>
				<description>Seek Slider</description>
				<left>248</left>
				<top>179r</top>
				<width>1424</width>
				<height>45</height>
				<action>seek</action>
				<texturesliderbar></texturesliderbar>
				<textureslidernib></textureslidernib>
				<textureslidernibfocus></textureslidernibfocus>
				
				<visible>System.GetBool(input.enablemouse) + ![Window.IsVisible(SliderDialog) | VideoPlayer.Content(LiveTV)]</visible>
			</control>
			
			
			
			<!-- INVISIBLE LIST FOR INFO BUTTON -->
			<include condition="[ VideoPlayer.Content(Movies) | VideoPlayer.Content(Episodes) ] + !String.IsEmpty(VideoPlayer.DBID) + VideoPlayer.HasInfo + !Player.IsInternetStream + !Pvr.IsPlayingRecording">VideoOsdInfoButtonList</include>
			
			
			
			<!-- OSD buttons | LEFT side -->
			<control type="grouplist" id="100">
				<orientation>horizontal</orientation>
				<itemgap>0</itemgap>
				
				<left>239</left>
				<top>117r</top>
				
				<onleft>10199</onleft>
				<onright>10198</onright>
				
				<control type="button" id="10098">
					<description>Fake Button to fix Navigation</description>
					<visible>false</visible>
				</control>
				
				<control type="button" id="300">
					<width>81</width>
					<height>81</height>
					<label>210</label>
					<font />
					<include content="OSD_Button_Textures"><param name="texture" value="OSDChannelUP" /></include>
					<onclick>ChannelUp</onclick>
					<!-- PlayerControl(Next) -->
					<visible>VideoPlayer.Content(LiveTV)</visible>
				</control>
				<control type="button" id="301">
					<width>81</width>
					<height>81</height>
					<label>209</label>
					<font />
					<include content="OSD_Button_Textures"><param name="texture" value="OSDChannelDown" /></include>
					<onclick>ChannelDown</onclick>
					<!-- PlayerControl(Previous) -->
					<visible>VideoPlayer.Content(LiveTV)</visible>
				</control>
				<control type="button" id="200">
					<width>81</width>
					<height>81</height>
					<label>210</label>
					<font />
					<include content="OSD_Button_Textures"><param name="texture" value="OSDPrevTrack" /></include>
					<onclick>PlayerControl(Previous)</onclick>
					<visible>!VideoPlayer.Content(LiveTV)</visible>
				</control>
				<control type="button" id="201">
					<width>81</width>
					<height>81</height>
					<label>31354</label>
					<font />
					<include content="OSD_Button_Textures"><param name="texture" value="OSDRewind" /></include>
					<onclick>PlayerControl(Rewind)</onclick>
					<visible>Player.SeekEnabled + Skin.HasSetting(DisableFullScreenOsdButtonSimplicity)</visible>
				</control>
				<control type="togglebutton" id="202">
					<width>81</width>
					<height>81</height>
					<label>31351</label>
					<altlabel>208</altlabel>
					<font />
					
					<include content="OSD_Button_Textures"><param name="texture" value="OSDPause" /></include>
					
					<usealttexture>Player.Paused | Player.Forwarding | Player.Rewinding</usealttexture>
					
					<alttexturefocus>osd/buttons/OSDPlayFO.png</alttexturefocus>
					<alttexturenofocus>osd/buttons/OSDPlayNF.png</alttexturenofocus>
					
					<onclick>PlayerControl(Play)</onclick>
					
					<onup condition="Player.Playing">PlayerControl(TempoUp)</onup>
					<ondown condition="Player.Playing">PlayerControl(TempoDown)</ondown>
					
					<visible>Player.PauseEnabled</visible>
				</control>
				<control type="button" id="203">
					<width>81</width>
					<height>81</height>
					<label>31352</label>
					<font />
					<include content="OSD_Button_Textures"><param name="texture" value="OSDStop" /></include>
					<onclick>PlayerControl(Stop)</onclick>
				</control>
				<control type="button" id="204">
					<width>81</width>
					<height>81</height>
					<label>31353</label>
					<font />
					<include content="OSD_Button_Textures"><param name="texture" value="OSDForward" /></include>
					<onclick>PlayerControl(Forward)</onclick>
					<visible>Player.SeekEnabled + Skin.HasSetting(DisableFullScreenOsdButtonSimplicity)</visible>
				</control>
				<control type="button" id="205">
					<width>81</width>
					<height>81</height>
					<label>209</label>
					<font />
					<include content="OSD_Button_Textures"><param name="texture" value="OSDNextTrack" /></include>
					<onclick>PlayerControl(Next)</onclick>
					<visible>!VideoPlayer.Content(LiveTV) + [Skin.HasSetting(DisableFullScreenOsdButtonSimplicity) | Integer.IsGreater(Playlist.Length(video),1)]</visible>
				</control>
				
				<!-- Disc Menu button -->
				<control type="button" id="254">
					<width>81</width>
					<height>81</height>
					<label>31355</label>
					<font />
					<include content="OSD_Button_Textures"><param name="texture" value="OSDDisc" /></include>
					<onclick>PlayerControl(ShowVideoMenu)</onclick>
					<visible>!VideoPlayer.Content(LiveTV) + VideoPlayer.HasMenu</visible>
				</control>
				
				
				<!-- Add a bit of space before subcontextual buttons -->
				<control type="image" id="1001">
					<width>24</width>
					<texture />
				</control>
				
				
				<!-- Live TV related buttons -->
				<control type="button" id="306">
					<width>81</width>
					<height>81</height>
					<label>19019</label>
					<font />
					<include content="OSD_Button_Textures"><param name="texture" value="OSDChannelList" /></include>
					<onclick>Dialog.Close(VideoOSD)</onclick>
					<onclick>ActivateWindow(PVROSDChannels)</onclick>
					<visible>VideoPlayer.Content(LiveTV)</visible>
				</control>
				<control type="button" id="307">
					<width>81</width>
					<height>81</height>
					<label>$LOCALIZE[19029]$INFO[VideoPlayer.ChannelName, – ]</label>
					<font />
					<include content="OSD_Button_Textures"><param name="texture" value="OSDepg" /></include>
					<onclick>Dialog.Close(VideoOSD)</onclick>
					<onclick>ActivateWindow(PVROSDGuide)</onclick>
					<visible>VideoPlayer.Content(LiveTV)</visible>
				</control>
				<control type="button" id="350">
					<width>81</width>
					<height>81</height>
					<label>31356</label>
					<font />
					<include content="OSD_Button_Textures"><param name="texture" value="OSDTeleText" /></include>
					<onclick>Dialog.Close(VideoOSD)</onclick>
					<onclick>ActivateWindow(Teletext)</onclick>
					<visible>VideoPlayer.Content(LiveTV)</visible>
				</control>
				
				<!-- Info button -->
				<control type="button" id="207">
					<width>81</width>
					<height>81</height>
					<label>Info</label>
					<font />
					<include content="OSD_Button_Textures"><param name="texture" value="OSDinfodialog" /></include>
					
					<onclick>SetFocus(43260)</onclick>
					<onclick>SetProperty(OSDinfodialogButtonActive,True,home)</onclick>
					<onclick condition="Skin.HasSetting(FullScreenOsdInfoButtonPauseResume) + !Player.Paused">Pause</onclick>
					<onclick>SetFocus(43260)</onclick>
					<onclick>SetFocus(43260)</onclick>
					<onclick>Action(Info)</onclick>
					<!--<onclick>Dialog.Close(VideoOSD,true)</onclick>-->
					
					<visible>!String.IsEmpty(Container(43260).ListItem.Label) + [ VideoPlayer.Content(Movies) | VideoPlayer.Content(Episodes) ] + !String.IsEmpty(VideoPlayer.DBID) + VideoPlayer.HasInfo + !Player.IsInternetStream + !Pvr.IsPlayingRecording</visible>
				</control>
				
				<control type="button" id="10099">
					<description>Fake Button to fix Navigation</description>
					<visible>false</visible>
				</control>
				
			</control>
			
			
			
			<!-- OSD buttons | RIGHT side -->
			<control type="grouplist" id="101">
				<orientation>horizontal</orientation>
				<itemgap>0</itemgap>
				
				<left>239</left>
				<top>117r</top>
				
				<width>1442</width>
				<align>right</align>
				
				<onleft>10099</onleft>
				<onright>10098</onright>
				
				<control type="button" id="10198">
					<description>Fake Button to fix Navigation</description>
					<visible>false</visible>
				</control>
				
				<control type="button" id="255">
					<enable>VideoPlayer.IsStereoscopic</enable>
					<animation effect="fade" start="100" end="0" time="0" condition="!VideoPlayer.IsStereoscopic">Conditional</animation>
					<width>81</width>
					<height>81</height>
					<label>36501</label>
					<font />
					<include content="OSD_Button_Textures"><param name="texture" value="OSDStereoscopic" /></include>
					<onup>501</onup>
				</control>
				<control type="button" id="250">
					<width>81</width>
					<height>81</height>
					<label>31356</label>
					<font />
					<include content="OSD_Button_Textures"><param name="texture" value="OSDSubtitles" /></include>
					<onup>440</onup>
					<onclick condition="!String.StartsWith(System.BuildAppName,KodiDS)">NextSubtitle</onclick>
					<onclick condition="String.StartsWith(System.BuildAppName,KodiDS)">subtitlesDialogDS</onclick>
					<ondown>NextSubtitle</ondown>
				</control>
				<control type="button" id="252">
					<width>81</width>
					<height>81</height>
					<label>13396</label>
					<font />
					<include content="OSD_Button_Textures"><param name="texture" value="OSDAudio" /></include>
					<onclick>ActivateWindow(OSDAudioSettings)</onclick>
					<ondown condition="!String.IsEmpty(VideoPlayer.AudioLanguage)">AudioNextLanguage</ondown>
				</control>
				<control type="button" id="251">
					<width>81</width>
					<height>81</height>
					<label>13395</label>
					<font />
					<include content="OSD_Button_Textures"><param name="texture" value="OSDVideo" /></include>
					<onclick>ActivateWindow(OSDVideoSettings)</onclick>
				</control>
				<control type="button" id="299">
					<width>48</width>
					<height>81</height>
					<label>298</label>
					<font />
					<include content="OSD_Button_Textures"><param name="texture" value="OSDVADRC" /></include>
					<!-- include onclick actions -->
					<include>VolumeAmplification_Preset_DRC_Toggle</include>
					<visible>Skin.HasSetting(ExperimentalVolumeAmplificationFeaturesEnabled) + !Skin.HasSetting(ExperimentalVolumeAmplificationHideOSDToggle) + !VideoPlayer.Content(LiveTV)</visible>
				</control>
				<control type="button" id="253">
					<width>81</width>
					<height>81</height>
					<label>298</label>
					<font />
					<include content="OSD_Button_Textures"><param name="texture" value="OSDBookmarks" /></include>
					<onclick>Dialog.Close(VideoOSD)</onclick>
					<onclick>ActivateWindow(VideoBookmarks)</onclick>
					<visible>!VideoPlayer.Content(LiveTV)</visible>
				</control>
				<control type="togglebutton" id="353">
					<width>81</width>
					<height>81</height>
					<label>264</label>
					<altlabel>265</altlabel>
					<font />
					
					<include content="OSD_Button_Textures"><param name="texture" value="OSDRecordOff" /></include>
					
					<usealttexture>Player.Recording</usealttexture>
					
					<alttexturefocus>osd/buttons/OSDRecordOnFO.png</alttexturefocus>
					<alttexturenofocus>osd/buttons/OSDRecordOnNF.png</alttexturenofocus>
					
					<onclick>PlayerControl(Record)</onclick>
					<enable>Player.CanRecord</enable>
					<animation effect="fade" start="100" end="20" time="0" condition="!Player.CanRecord">Conditional</animation>
					<visible>VideoPlayer.Content(LiveTV)</visible>
				</control>
				
				<control type="button" id="10199">
					<description>Fake Button to fix Navigation</description>
					<visible>false</visible>
				</control>
				
			</control>
			
			
			
			<!-- SUB MENU 'Subtitles' -->
			<control type="button" id="410">
				<description>Fake button for mouse control</description>
				
				<right>329</right>
				<bottom>108</bottom>
				<width>386</width>
				<height>371</height>
				
				<!-- Move left if DRC toggle visible -->
				<animation effect="slide" start="0,0" end="-48,0" time="0" condition="!VideoPlayer.Content(LiveTV)   + Skin.HasSetting(ExperimentalVolumeAmplificationFeaturesEnabled) + !Skin.HasSetting(ExperimentalVolumeAmplificationHideOSDToggle)">Conditional</animation>
				
				<label />
				<font />
				<texturenofocus></texturenofocus>
				<texturefocus></texturefocus>
				
				<visible>Integer.IsGreater(Container(400).NumItems,0) + ![VideoPlayer.Content(LiveTV) + !VideoPlayer.HasSubtitles] +   [   Control.HasFocus(410) | 
							[ Control.HasFocus(250) + [ Skin.HasSetting(EnableVideoOSDEnableSubtitlesMiniSubMenu) | [ String.StartsWith(System.BuildVersion,17.) + !String.StartsWith(System.BuildVersion,17.7) + !String.StartsWith(System.BuildVersion,17.6 Git:20171126-13194ec) + !String.StartsWith(System.BuildVersion,17.9) ] ] ] 
							| ControlGroup(400).HasFocus | Control.HasFocus(401) | Control.HasFocus(402) | Control.HasFocus(403) | Control.HasFocus(404)   ]</visible>
			</control>
			<control type="grouplist" id="400">
				<depth>DepthOSD+</depth>
				
				<orientation>vertical</orientation>
				<itemgap>0</itemgap>
				
				<right>309</right>
				<bottom>77</bottom>
				<width>426</width>
				<height>402</height>
				
				<animation effect="slide" start="0,0" end="0,60" time="0" condition="VideoPlayer.HasSubtitles + !VideoPlayer.SubtitlesEnabled">Conditional</animation>
				<animation effect="slide" start="0,0" end="0,180" time="0" condition="!VideoPlayer.HasSubtitles">Conditional</animation>
				<animation effect="slide" start="0,0" end="0,60" time="0" condition="![!VideoPlayer.Content(LiveTV) + [String.IsEmpty(Player.PluginName) + !String.StartsWith(Player.FolderPath,plugin://)]]">Conditional</animation>
				<!-- Move left if DRC toggle visible -->
				<animation effect="slide" start="0,0" end="-48,0" time="0" condition="!VideoPlayer.Content(LiveTV)   + Skin.HasSetting(ExperimentalVolumeAmplificationFeaturesEnabled) + !Skin.HasSetting(ExperimentalVolumeAmplificationHideOSDToggle)">Conditional</animation>
				
				<onleft>250</onleft>
				<onright>250</onright>
				<onup>250</onup>
				<ondown>250</ondown>
				
				<visible>Integer.IsGreater(Container(400).NumItems,0) + ![VideoPlayer.Content(LiveTV) + !VideoPlayer.HasSubtitles] +   [   Control.HasFocus(410) | 
							[ Control.HasFocus(250) + [ Skin.HasSetting(EnableVideoOSDEnableSubtitlesMiniSubMenu) | [ String.StartsWith(System.BuildVersion,17.) + !String.StartsWith(System.BuildVersion,17.7) + !String.StartsWith(System.BuildVersion,17.6 Git:20171126-13194ec) + !String.StartsWith(System.BuildVersion,17.9) ] ] ] 
							| ControlGroup(400).HasFocus | Control.HasFocus(401) | Control.HasFocus(402) | Control.HasFocus(403) | Control.HasFocus(404)   ]</visible>
				<!--<include>VisibleFadeEffect</include>-->
				<include>VisibleFadeEffectFullscreenOSDSubMenu</include>
				
				<control type="group">
					<description>Header</description>
					<width>426</width>
					<height>83</height>
					<control type="image">
						<description>Header</description>
						<left>0</left>
						<top>0</top>
						<width>426</width>
						<height>83</height>
						<texture border="51,51,51,0">SubMenuBack-Header.png</texture>
					</control>
					<control type="label">
						<left>66</left>
						<top>48</top>
						<width>294</width>
						<height>24</height>
						<font>Light18</font>
						<label>24012</label>
						<textcolor>blue</textcolor>
						<align>center</align>
						<aligny>center</aligny>
					</control>
				</control>
				<control type="button" id="401">
					<description>Download with Subtitles script</description>
					<height>60</height>
					<width>426</width>
					<font>Regular20</font>
					<label>33003</label>
					<textoffsetx>66</textoffsetx>
					<aligny>top</aligny>
					<textoffsety>9</textoffsety>
					
					<texturenofocus border="51,0,51,0">SubMenuBack-MiddleNF.png</texturenofocus>
					<texturefocus border="51,0,51,0">SubMenuBack-MiddleFO.png</texturefocus>
					
					<onclick>SetFocus(202)</onclick>
					<onclick>Dialog.Close(VideoOSD)</onclick>
					<onclick>ActivateWindow(SubtitleSearch)</onclick>
					<!-- no point in downloading subtitles for live programs -->
					<enable>!VideoPlayer.Content(LiveTV) + [String.IsEmpty(Player.PluginName) + !String.StartsWith(Player.FolderPath,plugin://)]</enable>
					<visible>!VideoPlayer.Content(LiveTV) + [String.IsEmpty(Player.PluginName) + !String.StartsWith(Player.FolderPath,plugin://)]</visible>
				</control>
				<control type="button" id="402">
					<height>60</height>
					<width>426</width>
					<aligny>top</aligny>
					<textoffsety>9</textoffsety>
					<font>Regular20</font>
					<textoffsetx>66</textoffsetx>
					
					<texturenofocus border="51,0,51,0">SubMenuBack-MiddleNF.png</texturenofocus>
					<texturefocus border="51,0,51,0">SubMenuBack-MiddleFO.png</texturefocus>
					
					<label>22006</label>
					<onclick>SubtitleDelay</onclick>
					<visible>VideoPlayer.HasSubtitles + VideoPlayer.SubtitlesEnabled</visible>
				</control>
				<control type="button" id="403">
					<height>60</height>
					<width>426</width>
					<aligny>top</aligny>
					<textoffsety>9</textoffsety>
					<font>Regular20</font>
					<textoffsetx>66</textoffsetx>
					
					<texturenofocus border="51,0,51,0">SubMenuBack-MiddleNF.png</texturenofocus>
					<texturefocus border="51,0,51,0">SubMenuBack-MiddleFO.png</texturefocus>
					
					<label>$VAR[VideoOSDNextSubtitleLabel]</label>
					<!-- 24012=Subtitles 209=Next 462=Subtitle -->
					<onclick>NextSubtitle</onclick>
					<visible>VideoPlayer.HasSubtitles</visible>
				</control>
				<control type="radiobutton" id="404">
					<height>60</height>
					<width>426</width>
					<textoffsetx>66</textoffsetx>
					<aligny>top</aligny>
					<textoffsety>9</textoffsety>
					<font>Regular20</font>
					<label>449</label>
					<radioposx>309</radioposx>
					
					<texturenofocus border="51,0,51,0">SubMenuBack-MiddleNF.png</texturenofocus>
					<texturefocus border="51,0,51,0">SubMenuBack-MiddleFO.png</texturefocus>
					
					<onclick>ShowSubtitles</onclick>
					<selected>VideoPlayer.SubtitlesEnabled</selected>
					<visible>VideoPlayer.HasSubtitles</visible>
				</control>
				<control type="image" id="440">
					<description>Footer</description>
					<width>426</width>
					<height>51</height>
					<texture flipy="true" border="51,0,51,51">SubMenuBack-Header.png</texture>
				</control>
			</control>
			
			
			
			<!-- SUB MENU '3D' -->
			<control type="button" id="520">
				<description>Fake button for mouse control</description>
				
				<right>411</right>
				<bottom>108</bottom>
				<width>386</width>
				<height>311</height>
				
				<!-- Move left if DRC toggle visible -->
				<animation effect="slide" start="0,0" end="-48,0" time="0" condition="!VideoPlayer.Content(LiveTV)   + Skin.HasSetting(ExperimentalVolumeAmplificationFeaturesEnabled) + !Skin.HasSetting(ExperimentalVolumeAmplificationHideOSDToggle)">Conditional</animation>
				
				<label />
				<font />
				<texturenofocus></texturenofocus>
				<texturefocus></texturefocus>
				
				<visible>Control.HasFocus(520) | Control.HasFocus(255) | ControlGroup(500).HasFocus | Control.HasFocus(501) | Control.HasFocus(502) | Control.HasFocus(503)</visible>
			</control>
			<control type="grouplist" id="500">
				<depth>DepthOSD+</depth>
				
				<orientation>vertical</orientation>
				<itemgap>0</itemgap>
				
				<right>391</right>
				<bottom>17</bottom>
				<width>426</width>
				<height>402</height>
				
				<!-- Move left if DRC toggle visible -->
				<animation effect="slide" start="0,0" end="-48,0" time="0" condition="!VideoPlayer.Content(LiveTV)   + Skin.HasSetting(ExperimentalVolumeAmplificationFeaturesEnabled) + !Skin.HasSetting(ExperimentalVolumeAmplificationHideOSDToggle)">Conditional</animation>
				
				<onleft>255</onleft>
				<onright>255</onright>
				<onup>255</onup>
				<ondown>255</ondown>
				
				<visible>VideoPlayer.IsStereoscopic + [Control.HasFocus(520) | Control.HasFocus(255) | ControlGroup(500).HasFocus | Control.HasFocus(501) | Control.HasFocus(502) | Control.HasFocus(503)]</visible>
				<!--<include>VisibleFadeEffect</include>-->
				<include>VisibleFadeEffectFullscreenOSDSubMenu</include>
				
				<control type="group">
					<description>Header</description>
					<width>426</width>
					<height>83</height>
					<control type="image">
						<description>Header</description>
						<left>0</left>
						<top>0</top>
						<width>426</width>
						<height>83</height>
						<texture border="51,51,51,0">SubMenuBack-Header.png</texture>
					</control>
					<control type="label">
						<left>66</left>
						<top>48</top>
						<width>294</width>
						<height>24</height>
						<font>Light18</font>
						<label>36501</label>
						<textcolor>blue</textcolor>
						<align>center</align>
						<aligny>center</aligny>
					</control>
				</control>
				<control type="radiobutton" id="503">
					<height>60</height>
					<width>426</width>
					<textoffsetx>66</textoffsetx>
					<aligny>top</aligny>
					<textoffsety>9</textoffsety>
					<font>Regular20</font>
					<label>31362</label>
					<radioposx>309</radioposx>
					
					<texturenofocus border="51,0,51,0">SubMenuBack-MiddleNF.png</texturenofocus>
					<texturefocus border="51,0,51,0">SubMenuBack-MiddleFO.png</texturefocus>
					
					<onclick>ToggleStereoMode</onclick>
					<selected>Integer.IsGreater(System.StereoscopicMode,0)</selected>
				</control>
				<control type="button" id="502">
					<height>60</height>
					<width>426</width>
					<aligny>top</aligny>
					<textoffsety>9</textoffsety>
					<font>Regular20</font>
					<textoffsetx>66</textoffsetx>
					
					<texturenofocus border="51,0,51,0">SubMenuBack-MiddleNF.png</texturenofocus>
					<texturefocus border="51,0,51,0">SubMenuBack-MiddleFO.png</texturefocus>
					
					<label>31361</label>
					<onclick>StereoMode</onclick>
				</control>
				<control type="radiobutton" id="501">
					<height>60</height>
					<width>426</width>
					<textoffsetx>66</textoffsetx>
					<aligny>top</aligny>
					<textoffsety>9</textoffsety>
					<font>Regular20</font>
					<label>31360</label>
					<radioposx>309</radioposx>
					
					<texturenofocus border="51,0,51,0">SubMenuBack-MiddleNF.png</texturenofocus>
					<texturefocus border="51,0,51,0">SubMenuBack-MiddleFO.png</texturefocus>
					
					<onclick>StereoModeToMono</onclick>
					<selected>String.IsEqual(System.StereoscopicMode,9)</selected>
				</control>
				<control type="image" id="549">
					<description>Footer</description>
					<width>426</width>
					<height>51</height>
					<texture flipy="true" border="51,0,51,51">SubMenuBack-Header.png</texture>
				</control>
			</control>
			
			
			
			<control type="image">
				
				<!-- SkinOutOfBounds -->
				<include condition="Integer.IsLess(Window(Home).Property(CinemaHelper.GetSettingValue.lookandfeel.skinzoom),0) | !String.IsEqual(Skin.AspectRatio,16:9)">SkinOutOfBoundsBgDimensionsStandardVariant2</include>
				
				<left>0</left>
				<top>0</top>
				<width>1920</width>
				<height>1080</height>
				
				<texture>colors/black_70.png</texture>
				<visible>Window.IsVisible(SelectDialog) | Window.IsVisible(OSDVideoSettings) | Window.IsVisible(OSDAudioSettings) | Window.IsVisible(OSDSubtitleSettings)</visible>
				
				<animation effect="fade" time="300">VisibleChange</animation>
				
			</control>
			
		</control>
		
		
	<include condition="Skin.HasSetting(EnableSkinDebugOutput)">DebugOverlay</include><!-- WRAPPER STOP --></control><!-- WRAPPER STOP --></controls>
</window>
