<?xml version="1.0" encoding="UTF-8"?>
<window>
	<defaultcontrol always="true">1001</defaultcontrol>
	<include>dialogeffect</include>
	
	<controls><!-- WRAPPER START --><control type="group"><centerleft>50%</centerleft><centertop>50%</centertop><width>1920</width><height>1080</height><!-- WRAPPER START -->
		
		<control type="group">
			<left>705</left>
			<top>160</top>
			<visible>!Window.IsActive(GameVideoFilter) + !Window.IsActive(GameStretchMode) + !Window.IsActive(GameVideoRotation) + !Window.IsActive(GameControllers) + !Window.IsActive(InGameSaves) + !Window.IsActive(GameVolume)</visible>
			<animation effect="slide" start="0,0" end="0,63" time="0" condition="![String.StartsWith(System.BuildVersion,20.) | String.StartsWith(System.BuildVersion,21.) | String.StartsWith(System.BuildVersion,22.)]">Conditional</animation>
			<control type="image">
				<description>background image</description>
				<left>-21</left>
				<top>-13</top>
				<width>552</width>
				<height>802</height>
				<texture border="54">DialogBack-rounded.png</texture>
				<visible>[String.StartsWith(System.BuildVersion,20.) | String.StartsWith(System.BuildVersion,21.) | String.StartsWith(System.BuildVersion,22.)]</visible>
			</control>
			<control type="image">
				<description>background image</description>
				<left>-21</left>
				<top>-13</top>
				<width>552</width>
				<height>676</height>
				<texture border="54">DialogBack-rounded.png</texture>
				<visible>![String.StartsWith(System.BuildVersion,20.) | String.StartsWith(System.BuildVersion,21.) | String.StartsWith(System.BuildVersion,22.)]</visible>
			</control>
			<control type="grouplist" id="1000">
				<description>grouplist for buttons</description>
				<left>30</left>
				<top>40</top>
				<width>450</width>
				<height>696</height>
				<itemgap>6</itemgap>
				<control type="button" id="1001">
					<description>Resume button</description>
					<width>450</width>
					<height>57</height>
					<font>fontContextMenu</font>
					<textcolor>grey2</textcolor>
					<focusedcolor>white</focusedcolor>
					<texturefocus border="14" colordiffuse="$VAR[accentColorDiffuseForNeutralTextures]">button-focus-neutral.png</texturefocus>
					<label>$LOCALIZE[13404]</label>
					<label2>Select + X</label2>
					<onclick>Play</onclick>
					<texturenofocus></texturenofocus>
				</control>
				<control type="button" id="1002">
					<description>Reset button</description>
					<width>450</width>
					<height>57</height>
					<font>fontContextMenu</font>
					<textcolor>grey2</textcolor>
					<focusedcolor>white</focusedcolor>
					<texturefocus border="14" colordiffuse="$VAR[accentColorDiffuseForNeutralTextures]">button-focus-neutral.png</texturefocus>
					<label>$LOCALIZE[13007]</label>
					<onclick>PlayerControl(Reset)</onclick>
					<texturenofocus></texturenofocus>
				</control>
				<control type="button" id="1003">
					<description>Stop button</description>
					<width>450</width>
					<height>57</height>
					<font>fontContextMenu</font>
					<textcolor>grey2</textcolor>
					<focusedcolor>white</focusedcolor>
					<texturefocus border="14" colordiffuse="$VAR[accentColorDiffuseForNeutralTextures]">button-focus-neutral.png</texturefocus>
					<label>$LOCALIZE[31352]</label>
					<label2>Select + Start</label2>
					<onclick>Stop</onclick>
					<texturenofocus></texturenofocus>
				</control>
				<control type="button" id="1004">
					<description>Volume button</description>
					<width>450</width>
					<height>57</height>
					<font>fontContextMenu</font>
					<textcolor>grey2</textcolor>
					<focusedcolor>white</focusedcolor>
					<texturefocus border="14" colordiffuse="$VAR[accentColorDiffuseForNeutralTextures]">button-focus-neutral.png</texturefocus>
					<label>13376</label>
					<label2>Select + Right Stick</label2>
					<onclick>ActivateWindow(GameVolume)</onclick>
					<texturenofocus></texturenofocus>
				</control>
				<control type="image" id="1005">
					<description>dummy space</description>
					<height>3</height>
				</control>
				<control type="button" id="1011">
					<description>Save states button</description>
					<width>450</width>
					<height>57</height>
					<font>fontContextMenu</font>
					<align>center</align>
					<textcolor>grey2</textcolor>
					<focusedcolor>white</focusedcolor>
					<texturefocus border="14" colordiffuse="$VAR[accentColorDiffuseForNeutralTextures]">button-focus-neutral.png</texturefocus>
					<label>$LOCALIZE[35249]</label>
					<onclick>ActivateWindow(InGameSaves)</onclick>
					<texturenofocus></texturenofocus>
					<visible>[String.StartsWith(System.BuildVersion,20.) | String.StartsWith(System.BuildVersion,21.) | String.StartsWith(System.BuildVersion,22.)]</visible>
				</control>
				<control type="button" id="1006">
					<description>Video filter button</description>
					<width>450</width>
					<height>57</height>
					<font>fontContextMenu</font>
					<align>center</align>
					<textcolor>grey2</textcolor>
					<focusedcolor>white</focusedcolor>
					<texturefocus border="14" colordiffuse="$VAR[accentColorDiffuseForNeutralTextures]">button-focus-neutral.png</texturefocus>
					<label>$LOCALIZE[230]</label>
					<onclick>ActivateWindow(GameVideoFilter)</onclick>
					<texturenofocus></texturenofocus>
				</control>
				<control type="button" id="1007">
					<description>Stretch mode button</description>
					<width>450</width>
					<height>57</height>
					<font>fontContextMenu</font>
					<align>center</align>
					<textcolor>grey2</textcolor>
					<focusedcolor>white</focusedcolor>
					<texturefocus border="14" colordiffuse="$VAR[accentColorDiffuseForNeutralTextures]">button-focus-neutral.png</texturefocus>
					<label>35233</label>
					<onclick>ActivateWindow(GameStretchMode)</onclick>
					<texturenofocus></texturenofocus>
				</control>
				<control type="button" id="1008">
					<description>Rotation button</description>
					<width>450</width>
					<height>57</height>
					<font>fontContextMenu</font>
					<align>center</align>
					<textcolor>grey2</textcolor>
					<focusedcolor>white</focusedcolor>
					<texturefocus border="14" colordiffuse="$VAR[accentColorDiffuseForNeutralTextures]">button-focus-neutral.png</texturefocus>
					<label>35227</label>
					<onclick>ActivateWindow(GameVideoRotation)</onclick>
					<texturenofocus></texturenofocus>
				</control>
				<control type="button" id="1009">
					<description>Controller button</description>
					<width>450</width>
					<height>57</height>
					<font>fontContextMenu</font>
					<align>center</align>
					<textcolor>grey2</textcolor>
					<focusedcolor>white</focusedcolor>
					<texturefocus border="14" colordiffuse="$VAR[accentColorDiffuseForNeutralTextures]">button-focus-neutral.png</texturefocus>
					<label>$LOCALIZE[35234]</label>
					<onclick>ActivateWindow(GameControllers)</onclick>
					<texturenofocus></texturenofocus>
				</control>
				<control type="button" id="1012">
					<description>Ports button</description>
					<width>450</width>
					<height>57</height>
					<font>fontContextMenu</font>
					<align>center</align>
					<textcolor>grey2</textcolor>
					<focusedcolor>white</focusedcolor>
					<texturefocus border="14" colordiffuse="$VAR[accentColorDiffuseForNeutralTextures]">button-focus-neutral.png</texturefocus>
					<label>$LOCALIZE[35234]  |  $LOCALIZE[35110]</label>
					<onclick>ActivateWindow(GamePorts)</onclick>
					<texturenofocus></texturenofocus>
					<visible>[String.StartsWith(System.BuildVersion,20.) | String.StartsWith(System.BuildVersion,21.) | String.StartsWith(System.BuildVersion,22.)]</visible>
				</control>
				<control type="button" id="1010">
					<description>Advanced settings button</description>
					<width>450</width>
					<height>57</height>
					<font>fontContextMenu</font>
					<align>center</align>
					<textcolor>grey2</textcolor>
					<focusedcolor>white</focusedcolor>
					<texturefocus border="14" colordiffuse="$VAR[accentColorDiffuseForNeutralTextures]">button-focus-neutral.png</texturefocus>
					<label>$LOCALIZE[35226]</label>
					<onclick>ActivateWindow(GameAdvancedSettings)</onclick>
					<texturenofocus></texturenofocus>
				</control>
			</control>
		</control>
		
	<include condition="Skin.HasSetting(EnableSkinDebugOutput)">DebugOverlay</include><!-- WRAPPER STOP --></control><!-- WRAPPER STOP --></controls>
</window>
