<?xml version="1.0" encoding="UTF-8"?>
<window>
	<defaultcontrol always="true">11</defaultcontrol>
	<coordinates>
		<left>0</left>
		<top>0</top>
	</coordinates>
	<include>dialogeffect</include>
	<controls>
		<control type="group">
			<left>780</left>
			<top>0</top>
			<control type="image">
				<left>0</left>
				<top>0</top>
				<width>500</width>
				<height>720</height>
				<texture>_added_img/100x100_black.png</texture>
				<animation effect="fade" start="0" end="93" time="0" condition="true">Conditional</animation>
			</control>
			<control type="group">
				<left>0</left>
				<top>10</top>
				<!--
				<control type="image">
					<description>background image</description>
					<left>0</left>
					<top>0</top>
					<width>480</width>
					<height>660</height>
					<texture border="40">DialogBack2.png</texture>
				</control>
				-->
				<control type="button">
					<description>Close Window button</description>
					<left>400</left>
					<top>-10</top>
					<width>64</width>
					<height>32</height>
					<label></label>
					<font></font>
					<onclick>PreviousMenu</onclick>
					<texturefocus>DialogCloseButton-focus.png</texturefocus>
					<texturenofocus>DialogCloseButton.png</texturenofocus>
					<!--
					<onleft>2</onleft>
					<onright>2</onright>
					<onup>2</onup>
					<ondown>2</ondown>
					-->
					<visible>[System.GetBool(input.enablemouse) + Skin.HasSetting(ShowMouseControlButtons)]</visible>
				</control>
				<!--
				<control type="image">
					<description>Dialog Header image</description>
					<left>6</left>
					<top>6</top>
					<width>468</width>
					<height>50</height>
					<texture>dialogheader.png</texture>
				</control>
				-->
				
				
				<control type="group">
					<left>-14</left>
					
					<control type="label">
						<description>header label</description>
						<left>40</left>
						<top>10</top>
						<width>416</width>
						<height>40</height>
						<font>Medium18</font>
						<label>$LOCALIZE[19023] - $INFO[VideoPlayer.ChannelGroup]</label>
						<align>center</align>
						<aligny>center</aligny>
						<textcolor>blue</textcolor>
						<shadowcolor>black</shadowcolor>
						<visible>!pvr.IsPlayingRadio</visible>
					</control>
					<control type="label">
						<description>header label</description>
						<left>40</left>
						<top>10</top>
						<width>416</width>
						<height>40</height>
						<font>Medium18</font>
						<label>$LOCALIZE[19024] - $INFO[MusicPlayer.ChannelGroup]</label>
						<align>center</align>
						<aligny>center</aligny>
						<textcolor>blue</textcolor>
						<shadowcolor>black</shadowcolor>
						<visible>pvr.IsPlayingRadio</visible>
					</control>
					<control type="label">
						<description>header label</description>
						<left>40</left>
						<top>-10</top>
						<width>416</width>
						<height>120</height>
						<font>Bold12</font>
						<label>$INFO[System.Date] • $INFO[System.Time]</label>
						<align>center</align>
						<aligny>center</aligny>
						<textcolor>grey</textcolor>
						<shadowcolor>black</shadowcolor>
					</control>
					
				</control>
				
				
				
				<control type="list" id="11">
					<left>30</left>
					<top>80</top>
					<width>410</width>
					<height>560</height>
					<onleft>PreviousChannelGroup</onleft>
					<onright>60</onright>
					<onup>11</onup>
					<ondown>11</ondown>
					<viewtype label="535">list</viewtype>
					<pagecontrol>60</pagecontrol>
					<scrolltime>200</scrolltime>
					<itemlayout height="70" width="410">
						<control type="image">
							<left>0</left>
							<top>0</top>
							<width>410</width>
							<height>65</height>
							<texture border="2">MenuItemNF666.png</texture>
							<include>VisibleFadeEffect</include>
						</control>
						<control type="label">
							<left>5</left>
							<top>0</top>
							<width>40</width>
							<height>30</height>
							<font>Regular17</font>
							<align>left</align>
							<aligny>center</aligny>
							<textcolor>grey</textcolor>
							<selectedcolor>grey</selectedcolor>
							<info>ListItem.ChannelNumberLabel</info>
						</control>
						<control type="image">
							<left>5</left>
							<top>35</top>
							<width>20</width>
							<height>20</height>
							<texture>PVR-IsRecording.png</texture>
							<visible>ListItem.IsRecording</visible>
						</control>
						<control type="label">
							<left>50</left>
							<top>0</top>
							<width>350</width>
							<height>25</height>
							<font>Regular20</font>
							<textcolor>white</textcolor>
							<selectedcolor>selected</selectedcolor>
							<align>left</align>
							<aligny>center</aligny>
							<label>$INFO[ListItem.Label]</label>
						</control>
						<control type="label">
							<left>50</left>
							<top>25</top>
							<width>350</width>
							<height>20</height>
							<font>Regular17</font>
							<textcolor>grey</textcolor>
							<selectedcolor>grey</selectedcolor>
							<align>left</align>
							<aligny>center</aligny>
							<label>$INFO[ListItem.Title]</label>
							<visible>String.IsEmpty(Listitem.Icon)</visible>
						</control>
						<control type="label">
							<left>50</left>
							<top>25</top>
							<width>300</width>
							<height>20</height>
							<font>Regular17</font>
							<textcolor>grey</textcolor>
							<selectedcolor>grey</selectedcolor>
							<align>left</align>
							<aligny>center</aligny>
							<label>$INFO[ListItem.Title]</label>
							<visible>!String.IsEmpty(Listitem.Icon)</visible>
						</control>
						<control type="label">
							<left>50</left>
							<top>44</top>
							<width>60</width>
							<height>20</height>
							<font>Bold12</font>
							<textcolor>blue</textcolor>
							<selectedcolor>blue</selectedcolor>
							<aligny>center</aligny>
							<label>$INFO[ListItem.StartTime]</label>
							<visible>ListItem.HasEpg</visible>
						</control>
						<control type="progress">
							<description>Progressbar</description>
							<left>110</left>
							<top>53</top>
							<width>230</width>
							<height>6</height>
							<colordiffuse>88FFFFFF</colordiffuse>
							<info>ListItem.Progress</info>
							<visible>ListItem.HasEpg</visible>
						</control>
						<control type="label">
							<left>355</left>
							<top>44</top>
							<width>60</width>
							<height>20</height>
							<font>Bold12</font>
							<textcolor>blue</textcolor>
							<selectedcolor>blue</selectedcolor>
							<aligny>center</aligny>
							<label>$INFO[ListItem.EndTime]</label>
							<visible>ListItem.HasEpg</visible>
						</control>
						<control type="image">
							<left>360</left>
							<top>4</top>
							<width>40</width>
							<height>40</height>
							<texture>$INFO[ListItem.Icon]</texture>
							<aspectratio>keep</aspectratio>
						</control>
					</itemlayout>
					<focusedlayout height="70" width="410">
						<control type="image">
							<left>0</left>
							<top>0</top>
							<width>410</width>
							<height>65</height>
							<texture border="2">MenuItemNF666.png</texture>
							<visible>!Control.HasFocus(11)</visible>
							<include>VisibleFadeEffect</include>
						</control>
						<control type="image">
							<left>0</left>
							<top>0</top>
							<width>410</width>
							<height>65</height>
							<texture border="4">button-focus2.png</texture>
							<visible>Control.HasFocus(11)</visible>
							<include>VisibleFadeEffect</include>
						</control>
						<control type="label">
							<left>5</left>
							<top>0</top>
							<width>40</width>
							<height>30</height>
							<font>Regular17</font>
							<align>left</align>
							<aligny>center</aligny>
							<textcolor>grey</textcolor>
							<selectedcolor>grey</selectedcolor>
							<info>ListItem.ChannelNumberLabel</info>
						</control>
						<control type="image">
							<left>5</left>
							<top>35</top>
							<width>20</width>
							<height>20</height>
							<texture>PVR-IsRecording.png</texture>
							<visible>ListItem.IsRecording</visible>
						</control>
						<control type="label">
							<left>50</left>
							<top>0</top>
							<width>350</width>
							<height>25</height>
							<font>Regular20</font>
							<textcolor>white</textcolor>
							<selectedcolor>selected</selectedcolor>
							<align>left</align>
							<aligny>center</aligny>
							<label>$INFO[ListItem.Label]</label>
						</control>
						<control type="label">
							<left>50</left>
							<top>25</top>
							<width>350</width>
							<height>20</height>
							<font>Regular17</font>
							<textcolor>grey</textcolor>
							<selectedcolor>grey</selectedcolor>
							<align>left</align>
							<aligny>center</aligny>
							<label>$INFO[ListItem.Title]</label>
							<visible>String.IsEmpty(Listitem.Icon)</visible>
						</control>
						<control type="label">
							<left>50</left>
							<top>25</top>
							<width>300</width>
							<height>20</height>
							<font>Regular17</font>
							<textcolor>grey</textcolor>
							<selectedcolor>grey</selectedcolor>
							<align>left</align>
							<aligny>center</aligny>
							<label>$INFO[ListItem.Title]</label>
							<visible>!String.IsEmpty(Listitem.Icon)</visible>
						</control>
						<control type="label">
							<left>50</left>
							<top>44</top>
							<width>60</width>
							<height>20</height>
							<font>Bold12</font>
							<textcolor>blue</textcolor>
							<selectedcolor>blue</selectedcolor>
							<aligny>center</aligny>
							<label>$INFO[ListItem.StartTime]</label>
							<visible>ListItem.HasEpg</visible>
						</control>
						<control type="progress">
							<description>Progressbar</description>
							<left>110</left>
							<top>53</top>
							<width>230</width>
							<height>6</height>
							<colordiffuse>88FFFFFF</colordiffuse>
							<info>ListItem.Progress</info>
							<visible>ListItem.HasEpg</visible>
						</control>
						<control type="label">
							<left>355</left>
							<top>44</top>
							<width>60</width>
							<height>20</height>
							<font>Bold12</font>
							<textcolor>blue</textcolor>
							<selectedcolor>blue</selectedcolor>
							<aligny>center</aligny>
							<label>$INFO[ListItem.EndTime]</label>
							<visible>ListItem.HasEpg</visible>
						</control>
						<control type="image">
							<left>360</left>
							<top>4</top>
							<width>40</width>
							<height>40</height>
							<texture>$INFO[ListItem.Icon]</texture>
							<aspectratio>keep</aspectratio>
						</control>
					</focusedlayout>
				</control>
				<control type="scrollbar" id="60">
					<left>440</left>
					<top>74</top>
					<width>25</width>
					<height>568</height>
					<texturesliderbackground border="10">scrollbars/ScrollBarUni-bg.png</texturesliderbackground>
					<texturesliderbar border="10">scrollbars/ScrollBarUni-bar.png</texturesliderbar>
					<texturesliderbarfocus border="10">scrollbars/ScrollBarUni-bar-focus.png</texturesliderbarfocus>
					<textureslidernib>scrollbars/ScrollBarUni-nib.png</textureslidernib>
					<textureslidernibfocus>scrollbars/ScrollBarUni-nib.png</textureslidernibfocus>
					<onleft>11</onleft>
					<onright>NextChannelGroup</onright>
					<ondown>61</ondown>
					<onup>61</onup>
					<showonepage>false</showonepage>
					<orientation>vertical</orientation>
				</control>
				<!--
				<control type="label">
					<description>Page Count Label</description>
					<left>50</left>
					<top>644</top>
					<width>400</width>
					<height>20</height>
					<font>Regular17</font>
					<textcolor>grey</textcolor>
					<scroll>false</scroll>
					<align>right</align>
					<aligny>center</aligny>
					<label>$INFO[Container(11).NumItems] $LOCALIZE[19019]</label>
					<include>Window_OpenClose_Animation</include>
				</control>
				-->
			</control>
		</control>
	</controls>
</window>
