<?xml version="1.0" encoding="UTF-8"?>
<window type="buttonMenu">
	<defaultcontrol always="true">9001</defaultcontrol>
	<include>dialogeffect</include>
	
	<controls><!-- WRAPPER START --><control type="group"><centerleft>50%</centerleft><centertop>50%</centertop><width>1920</width><height>1080</height><!-- WRAPPER START -->
		
		<control type="button" id="9001">
			<description>Make sure we hit the first button in the group list and not the close window button</description>
			<left>-24</left>
			<top>-24</top>
			<width>6</width>
			<height>6</height>
			<label></label>
			<font></font>
			<onfocus>down</onfocus>
			<texturefocus></texturefocus>
			<texturenofocus></texturenofocus>
			<onleft>9000</onleft>
			<onright>9000</onright>
			<onup>9000</onup>
			<ondown>2</ondown>
		</control>
		
		
		<include>BehindDialogBlackBackground</include>
		
		
		<control type="grouplist" id="9000">
			<left>705</left>
			<top>0</top>
			<width>510</width>
			<height>1080</height>
			<onleft>noop</onleft>
			<onright>noop</onright>
			<onup>noop</onup>
			<ondown>noop</ondown>
			<itemgap>5</itemgap>
			<align>center</align>
			<control type="group" id="1">
				<width>510</width>
				<height>99</height>
				<control type="image">
					<description>Power Icon</description>
					<left>222</left>
					<top>9</top>
					<width>66</width>
					<height>66</height>
					<aspectratio>keep</aspectratio>
					<texture colordiffuse="ff212121">icon_power_uhd.png</texture>
				</control>
			</control>
			<control type="button" id="2"><include>ShutDownButtonsFocusStyle</include>
				<description>Exit button</description>
				<width>510</width>
				<height>75</height>
				<textcolor>grey2</textcolor>
				<focusedcolor>white</focusedcolor>
				<align>center</align>
				<textwidth>435</textwidth>
				<texturefocus border="24" colordiffuse="$VAR[accentColorDiffuse]">colors/white_border24.png</texturefocus>
				<texturenofocus></texturenofocus>
				
				<onclick condition="!Skin.HasSetting(ShutdownScreenDisabled)">SetProperty(ShutdownInProgressText,$LOCALIZE[13012],home)</onclick>
				
				<onclick condition="System.HasAddon(service.openelec.settings) | System.HasAddon(service.libreelec.settings)">RunScript("special://skin/xml/_exit_kodi_helper.py")</onclick>
				
				<onclick condition="!System.HasAddon(service.openelec.settings) + !System.HasAddon(service.libreelec.settings)">Quit()</onclick>
				
				<font>Regular22</font>
				<label>$LOCALIZE[13012]</label>
				<visible>!Skin.HasSetting(ShutdownHideExit)</visible>
			</control>
			<control type="button" id="3"><include>ShutDownButtonsFocusStyle</include>
				<description>Shutdown button</description>
				<width>510</width>
				<height>75</height>
				<textcolor>grey2</textcolor>
				<focusedcolor>white</focusedcolor>
				<align>center</align>
				<textwidth>435</textwidth>
				<texturefocus border="24" colordiffuse="$VAR[accentColorDiffuse]">colors/white_border24.png</texturefocus>
				<texturenofocus></texturenofocus>
				
				<onclick condition="!Skin.HasSetting(ShutdownScreenDisabled)">SetProperty(ShutdownInProgressText,$LOCALIZE[13016],home)</onclick>
				
				<onclick>Powerdown()</onclick>
				
				<visible>!Skin.HasSetting(ShutdownHideShutdown) + System.CanPowerDown</visible>
				
				<font>Regular22</font>
				<label>$LOCALIZE[13016]</label>
			</control>
			<control type="button" id="4"><include>ShutDownButtonsFocusStyle</include>
				<description>Custom Shutdown Timer</description>
				<width>510</width>
				<height>75</height>
				<textcolor>grey2</textcolor>
				<focusedcolor>white</focusedcolor>
				<align>center</align>
				<textwidth>435</textwidth>
				<texturefocus border="24" colordiffuse="$VAR[accentColorDiffuse]">colors/white_border24.png</texturefocus>
				<texturenofocus></texturenofocus>
				
				<onclick>AlarmClock(shutdowntimer,Shutdown())</onclick>
				
				<font>Regular22</font>
				<label>20150</label>
				<visible>!System.HasAlarm(shutdowntimer)</visible>
				<visible>Skin.HasSetting(ShutdownShowShutdownTimer) + [System.CanPowerDown | System.CanSuspend | System.CanHibernate]</visible>
			</control>
			<control type="button" id="5"><include>ShutDownButtonsFocusStyle</include>
				<description>Cancel Shutdown Timer</description>
				<width>510</width>
				<height>75</height>
				<textcolor>selected</textcolor>
				<focusedcolor>white</focusedcolor>
				<align>center</align>
				<textwidth>435</textwidth>
				<texturefocus border="24" colordiffuse="$VAR[accentColorDiffuse]">colors/white_border24.png</texturefocus>
				<texturenofocus></texturenofocus>
				
				<onclick>CancelAlarm(shutdowntimer)</onclick>
				
				<font>Regular22</font>
				<label>20151</label>
				<visible>System.HasAlarm(shutdowntimer)</visible>
			</control>
			<control type="button" id="6"><include>ShutDownButtonsFocusStyle</include>
				<description>Suspend button</description>
				<width>510</width>
				<height>75</height>
				<textcolor>grey2</textcolor>
				<focusedcolor>white</focusedcolor>
				<align>center</align>
				<textwidth>435</textwidth>
				<texturefocus border="24" colordiffuse="$VAR[accentColorDiffuse]">colors/white_border24.png</texturefocus>
				<texturenofocus></texturenofocus>
				
				<onclick>Suspend()</onclick>
				
				<visible>!Skin.HasSetting(ShutdownHideSuspend) + System.CanSuspend</visible>
				
				<font>Regular22</font>
				<label>$LOCALIZE[13011]</label>
			</control>
			<control type="button" id="7"><include>ShutDownButtonsFocusStyle</include>
				<description>Hibernate button</description>
				<width>510</width>
				<height>75</height>
				<textcolor>grey2</textcolor>
				<focusedcolor>white</focusedcolor>
				<align>center</align>
				<textwidth>435</textwidth>
				<texturefocus border="24" colordiffuse="$VAR[accentColorDiffuse]">colors/white_border24.png</texturefocus>
				<texturenofocus></texturenofocus>
				
				<onclick>Hibernate()</onclick>
				
				<visible>Skin.HasSetting(ShutdownShowHibernate) + System.CanHibernate</visible>
				
				<font>Regular22</font>
				<label>$LOCALIZE[13010]</label>
			</control>
			<control type="button" id="8"><include>ShutDownButtonsFocusStyle</include>
				<description>Reboot button</description>
				<width>510</width>
				<height>75</height>
				<textcolor>grey2</textcolor>
				<focusedcolor>white</focusedcolor>
				<align>center</align>
				<textwidth>435</textwidth>
				<texturefocus border="24" colordiffuse="$VAR[accentColorDiffuse]">colors/white_border24.png</texturefocus>
				<texturenofocus></texturenofocus>
				
				<onclick condition="!Skin.HasSetting(ShutdownScreenDisabled)">SetProperty(ShutdownInProgressText,$LOCALIZE[13013],home)</onclick>
				
				<onclick>Reset()</onclick>
				
				<visible>!Skin.HasSetting(ShutdownHideReboot) + System.CanReboot</visible>
				
				<font>Regular22</font>
				<label>$LOCALIZE[13013]</label>
			</control>
			<control type="button" id="14"><include>ShutDownButtonsFocusStyle</include>
				<description>Reboot button</description>
				<width>510</width>
				<height>75</height>
				<textcolor>grey2</textcolor>
				<focusedcolor>white</focusedcolor>
				<align>center</align>
				<textwidth>435</textwidth>
				<texturefocus border="24" colordiffuse="$VAR[accentColorDiffuse]">colors/white_border24.png</texturefocus>
				<texturenofocus></texturenofocus>
				
				<onclick condition="!Skin.HasSetting(ShutdownScreenDisabled)">SetProperty(ShutdownInProgressText,$LOCALIZE[13013],home)</onclick>
				
				<onclick>System.ExecWait("/usr/sbin/rebootfromnand")</onclick>
				<onclick>Reset()</onclick>
				<visible>System.HasAddon(service.coreelec.settings) + !Skin.HasSetting(ShutdownHideRebootNand) + System.CanReboot</visible>
				
				<font>Regular22</font>
				<label>$LOCALIZE[13013] eMMC/NAND</label>
			</control>
			<control type="button" id="16"><include>ShutDownButtonsFocusStyle</include>
				<description>Restart Kodi button</description>
				<width>510</width>
				<height>75</height>
				<textcolor>grey2</textcolor>
				<focusedcolor>white</focusedcolor>
				<align>center</align>
				<textwidth>435</textwidth>
				<texturefocus border="24" colordiffuse="$VAR[accentColorDiffuse]">colors/white_border24.png</texturefocus>
				<texturenofocus></texturenofocus>
				
				<onclick condition="!Skin.HasSetting(ShutdownScreenDisabled)">SetProperty(ShutdownInProgressText,$LOCALIZE[13013],home)</onclick>
				
				<onclick>RestartApp()</onclick>
				
				<visible>System.Platform.Linux + [System.Platform.Android | System.HasAddon(service.coreelec.settings)] + Skin.HasSetting(ShutdownShowRestartApp)</visible>
				
				<font>Regular22</font>
				<label>Kodi $LOCALIZE[13313]</label>
			</control>
			<control type="button" id="9"><include>ShutDownButtonsFocusStyle</include>
				<description>Logoff button</description>
				<width>510</width>
				<height>75</height>
				<textcolor>grey2</textcolor>
				<focusedcolor>white</focusedcolor>
				<align>center</align>
				<textwidth>500</textwidth>
				<texturefocus border="24" colordiffuse="$VAR[accentColorDiffuse]">colors/white_border24.png</texturefocus>
				<texturenofocus></texturenofocus>
				
				<onclick>Dialog.Close(all,true)</onclick>
				
				<onclick condition="!Skin.HasSetting(ShutdownScreenDisabled)">SetProperty(ShutdownInProgressText,$LOCALIZE[20126],home)</onclick>
				
				<!-- workaround for missing shutdown screen when using System.LogOff -->
				<onclick condition="!Skin.HasSetting(ShutdownScreenDisabled)">AlarmClock(DialogButtonMenuAlarmTemp,System.LogOff,00:00:01,silent)</onclick>
				<onclick condition="Skin.HasSetting(ShutdownScreenDisabled)">System.LogOff</onclick>
				
				<font>Regular22</font>
				<label>$LOCALIZE[20126][LIGHT]   $INFO[System.ProfileName][/LIGHT]</label>
				<visible>System.HasLoginScreen | Integer.IsGreater(System.ProfileCount,1) | String.IsEqual(Skin.String(ActiveProfilePictureType),0)</visible>
				<visible>System.Loggedon</visible>
			</control>
			<control type="group" id="15">
				<width>510</width>
				<height>100</height>
				
				<control type="image">
					<left>222</left>
					<top>23</top>
					<width>66</width>
					<height>66</height>
					<texture diffuse="colors/diffuse/66x66.png">$VAR[ActiveProfileIcon]</texture>
					<aspectratio scalediffuse="false">scale</aspectratio>
				</control>
				<control type="label">
					<left>222</left>
					<top>23</top>
					<width>66</width>
					<height>63</height>
					<label>[UPPERCASE]$INFO[Window(home).Property(CinemaHelper.ProfileNameInitial)][/UPPERCASE]</label>
					<align>center</align>
					<aligny>center</aligny>
					<font>Regular31</font>
					<visible>!String.IsEmpty(Window(home).Property(CinemaHelper.ProfileNameInitial)) + String.IsEqual(System.ProfileThumb,DefaultUser.png)</visible>
					<include>VisibleFadeEffect</include>
				</control>
				<visible>System.Loggedon</visible>
				
				<visible>String.IsEqual(Skin.String(ActiveProfilePictureType),0) | 
							[ [String.IsEqual(Skin.String(ActiveProfilePictureType),1) | String.IsEmpty(Skin.String(ActiveProfilePictureType)) | String.IsEqual(Skin.String(ActiveProfilePictureType),2)] + [System.HasLoginScreen | Integer.IsGreater(System.ProfileCount,1)] ]
							</visible>
			</control>
			
			<control type="group" id="11">
				<width>510</width>
				<height>100</height>
				<visible>System.HasAlarm(shutdowntimer)</visible>
				<control type="textbox">
					<left>0</left>
					<top>33</top>
					<width>510</width>
					<height>72</height>
					<font>Light20</font>
					<textcolor>blue</textcolor>
					<align>center</align>
					<label>$INFO[System.Alarmpos]</label>
				</control>
			</control>
			
			<control type="button" id="10"><include>ShutDownButtonsFocusStyle</include>
				<description>Master mode button</description>
				<width>510</width>
				<height>75</height>
				<label>$VAR[masterModeLabel]</label>
				<align>center</align>
				<aligny>center</aligny>
				<textwidth>435</textwidth>
				<textcolor>grey3</textcolor>
				<focusedcolor>white</focusedcolor>
				<texturefocus border="24" colordiffuse="$VAR[accentColorDiffuse]">colors/white_border24.png</texturefocus>
				<texturenofocus></texturenofocus>
				
				<onclick>mastermode</onclick>
				
				<font>Regular22</font>
				<visible>System.HasLocks</visible>
			</control>
			
			<control type="button" id="12"><include>ShutDownButtonsFocusStyle</include>
				<description>Inhibit idle shutdown</description>
				<width>510</width>
				<height>75</height>
				<textcolor>grey3</textcolor>
				<focusedcolor>white</focusedcolor>
				<align>center</align>
				<textwidth>435</textwidth>
				<texturefocus border="24" colordiffuse="$VAR[accentColorDiffuse]">colors/white_border24.png</texturefocus>
				<texturenofocus></texturenofocus>
				
				<onclick>InhibitIdleShutdown(true)</onclick>
				
				<font>Regular22</font>
				<label>13017</label>
				<visible>System.HasShutdown +!System.IsInhibit</visible>
			</control>
			<control type="button" id="13"><include>ShutDownButtonsFocusStyle</include>
				<description>Allow idle shutdown</description>
				<width>510</width>
				<height>75</height>
				<textcolor>grey3</textcolor>
				<focusedcolor>white</focusedcolor>
				<align>center</align>
				<textwidth>435</textwidth>
				<texturefocus border="24" colordiffuse="$VAR[accentColorDiffuse]">colors/white_border24.png</texturefocus>
				<texturenofocus></texturenofocus>
				
				<onclick>InhibitIdleShutdown(false)</onclick>
				
				<font>Regular22</font>
				<label>13018</label>
				<visible>System.HasShutdown + System.IsInhibit</visible>
			</control>
			
		</control>
		
		
		
		<include condition="Integer.IsLess(Window(Home).Property(CinemaHelper.GetSettingValue.lookandfeel.skinzoom),0) | !String.IsEqual(Skin.AspectRatio,16:9)">SkinOutOfBoundsMasks</include>
		
		
		
	<include condition="Skin.HasSetting(EnableSkinDebugOutput)">DebugOverlay</include><!-- WRAPPER STOP --></control><!-- WRAPPER STOP --></controls>
</window>
