<?xml version="1.0" encoding="UTF-8" standalone="yes"?>
<addon id="service.listitem.helper" name="ListItem Helper (KODI 19+20) (axbmcuser)" version="1.3.13" provider-name="axbmcuser">
	<requires>
		<import addon="xbmc.python" version="3.0.0" />
		<import addon="script.module.requests" version="2.3.0" />
		<import addon="script.module.simplejson" version="3.3.0" />
		<import addon="script.module.simplecache" version="1.0.0" />
		<import addon="script.module.arrow" version="0.6.0" />
		<import addon="script.module.pil" version="1.1.7" />
	</requires>
	<extension point="xbmc.service" library="service.py" />
	<extension point="xbmc.python.script" library="default.py" />
	<extension point="xbmc.addon.metadata">
		<summary lang="en">A ListItem Helper</summary>
		<description lang="en">A ListItem Helper service which provides values from OMDb/TMDb.[CR][CR][COLOR=red]![/COLOR] Entering OMDb/TMDb API keys in the configuration dialog is required.[CR][CR]Property names:[CR](home) ListItemHelper.rating.rottentomatoes.percent[CR](home) ListItemHelper.rating.rottentomatoes.image[CR](home) ListItemHelper.rating.rottentomatoes.url[CR](home) ListItemHelper.rating.rottentomatoes.audience[CR](home) ListItemHelper.rating.metacritic.percent[CR](home) ListItemHelper.rating.imdb.percent[CR](home) ListItemHelper.rating.imdb[CR](home) ListItemHelper.rating.imdb.votes[CR](home) ListItemHelper.awards[CR](home) ListItemHelper.budget[CR](home) ListItemHelper.budget.million[CR](home) ListItemHelper.budget.formatted[CR](home) ListItemHelper.revenue[CR](home) ListItemHelper.revenue.million[CR](home) ListItemHelper.revenue.formatted[CR](home) ListItemHelper.revenue.boxoffice[CR](home) ListItemHelper.DBID[CR](home) ListItemHelper.IMDBNumber[CR](home) ListItemHelper.IMDBNumber.isValid[CR](home) ListItemHelper.IMDBNumber.corrected[CR](home) ListItemHelper.IMDBNumber.corrected.isValid[CR](home) ListItemHelper.TMDBID[CR](home) ListItemHelper.TVDBID[CR][CR]For use with other containers like home screen widgets set the following properties when the container is focused:[CR][CR](home) ListItemHelper.WidgetContainerId[CR]to the container ID (Example: 8000)[CR](home) ListItemHelper.WidgetContainerWindowName[CR]to the window name where the container resides (Example: home)[CR][CR]Important remarks:[CR]- Unset the WidgetContainer-properties when leaving focus from the container/widget.[CR][CR]Known supported Skins:[CR]A Confluence ZEITGEIST[CR][CR][CR][COLOR=gray]This addon partly contains forked code of the following addons:[CR]- script.toolbox by phil65[CR]- script.module.metadatautils by marcelveldt and others[CR]- script.embuary.helper by sualfred[CR]which has been changed and massively stripped down for fast execution and minimal functionality.[/COLOR][CR] </description>
		<platform>all</platform>
		<license></license>
		<forum>https://forum.kodi.tv/showthread.php?tid=242892</forum>
		<website></website>
		<email></email>
		<source>https://github.com/axbmcuser/_repo/</source>
		<news>[B]1.3.13[/B] (2022-12-12)

- Improved Addon settings: Added descriptive text and new debug tab+option "Clear image cache"
- Added functionality to force generation of blurimg image even if it exists in the cache (important when image changes in certain situations)

[B]1.3.12[/B] (2022-12-05)

- Added property (home) ListItemHelper.IMDBNumber.isValid
- Added property (home) ListItemHelper.IMDBNumber.corrected
- Added property (home) ListItemHelper.IMDBNumber.corrected.isValid
- Added property (home) ListItemHelper.TMDBID
- Added property (home) ListItemHelper.TVDBID
- Changed addon settings dialog tab name to "API keys"
- Improved data validation
- Expanded Python 2/3 dual code base

[B]1.3.11[/B] (2022-12-05)

- Change addon.xml so that the addon is visibly placed into the "Services" category of the KODI addon manager and the repo
- - Note: In addon.xml, extension point="xbmc.service" tag has to be placed _above_ extension point="xbmc.python.script" tag for this to happen

[B]1.3.10[/B] (2022-12-04)

- Added KODI 19+20 (Python 3) compatibility code basis (Dual-addon: Python 2 still supported)
- - Python 2/3 versions still need separate addon version due to required addon.xml changes
- - Using unified code basis still makes things much easier
- - Exception: lib/img/*.py scripts are Python 3 only

[B]0.3.10[/B] (2022-12-04)

- Improve external ratings (rotten tomatoes, metacritic, ...) processing for wrongly scraped ListItem.IMDBNumber (The "The Movie Database" scraper wrongly puts the tmdb-id into ListItem.IMDBNumber)
(Now "service.listitem.helper" always gets the real imdb-id via a json query)

[B]0.3.9[/B] (2022-03-19)
- Minor performance improvements and optimizations

[B]0.3.8[/B] (2020-02-14)
- Internal improvements

[B]0.3.7[/B] (2019-12-12)
- Internal improvements

[B]0.3.6[/B] (2019-12-05)
- Internal improvements

[B]0.3.5[/B] (2019-12-04)
- Internal improvements

[B]0.3.4[/B] (2019-11-23)
- Other minor improvements

[B]0.3.3[/B] (2019-11-21)
- Other minor improvements

[B]0.3.2[/B] (2019-11-17)
- Other minor improvements

[B]0.3.1[/B] (2019-03-12)
- Ensure unique caching identifier for SimpleCache Addon
- Other minor improvements

[B]0.3.0[/B] (2018-12-03)
- Support for OMDb/TMDb without using "script.module.metadatautils"
- Added settings dialog for required OMDb/TMDb API keys

[B]0.2.5[/B] (2018-08-19)
- Other minor improvements

[B]0.2.4[/B] (2018-08-29)
- Other minor improvements

[B]0.2.3[/B] (2018-08-25)
- Improvements and internal additions

[B]0.2.2[/B] (2018-04-02)
- Other minor improvements

[B]0.2.1[/B] (2018-03-18)
- Other minor improvements

[B]0.2.0[/B] (2018-03-11)
Second Test Release:
- OMDB: Added value "boxoffice"
- TMDB: Added multiple values
- Other minor improvements

[B]0.1.0[/B] (2018-03-06)
- Initial test release
		</news>
		<assets>
			<icon>resources/icon.png</icon>
		</assets>
	</extension>
</addon>
