<?xml version="1.0" encoding="UTF-8" standalone="yes"?>
<addon id="service.cinema.helper" name="Cinema Helper (KODI 17+18) (axbmcuser)" version="1.0.1" provider-name="axbmcuser">
	<requires>
		<import addon="xbmc.python" version="2.25.0"/>
		<import addon="script.module.simplejson" version="3.16.1"/>
	</requires>
	<extension point="xbmc.service" library="service.py" start="login"/>
	<extension point="xbmc.addon.metadata">
		<summary lang="en">Cinema Helper</summary>
		<description lang="en">A Cinema Helper service which provides some lightweight skin functionality</description>
		<platform>all</platform>
		<license></license>
		<forum>https://forum.kodi.tv/showthread.php?tid=242892</forum>
		<website></website>
		<email></email>
		<source>https://github.com/axbmcuser/_repo/</source>
		<news>[B]1.0.1[/B] (2022-04-06)
- Added "ParentFolderItem skip for Fanart view" functionality
- Added "Always force Preset Views" functionality
- Added different code execution intervals for different actions
- Code and performance improvements

[B]1.0.0[/B] (2022-03-29)
- Initial release
		</news>
		<assets>
			<icon>resources/icon.png</icon>
		</assets>
	</extension>
</addon>
