<?xml version="1.0" encoding="UTF-8"?>
<window>
	<defaultcontrol>3</defaultcontrol>
	
	<include>dialogeffect</include>
	<controls>
		<control type="group">
			<include>BehindDialogBlackBackground</include>
		</control>
		<control type="group">
			<include content="DialogBackgroundCommonsNoBackgroundFS">
				<param name="DialogBackgroundWidth" value="1380" />
				<param name="DialogBackgroundHeight" value="959" />
				<param name="DialogHeaderWidth" value="1920" />
				<param name="DialogHeaderLabel" value="35058" />
				<param name="DialogHeaderId" value="2" />
			</include>
		</control>
		<control type="group" id="9000">
			<left>135</left>
			<top>135</top>
			<control type="label">
				<description>Controller types heading</description>
				<top>8</top>
				<left>12</left>
				<width>330</width>
				<height>38</height>
				<font>Regular17</font>
				<label>35050</label>
				<align>center</align>
				<aligny>center</aligny>
				<textcolor>blue</textcolor>
			</control>
			<control type="scrollbar" id="30">
				<left>366</left>
				<top>60</top>
				<include>scrollBarStyleDefaultWidth</include>
				<height>608</height>
				<onleft>3</onleft>
				<onright>5</onright>
				<ondown></ondown>
				<onup></onup>
				<showonepage>false</showonepage>
				<include>scrollBarStyleDefault</include>
			</control>
			<control type="grouplist" id="3">
				<description>Controller types grouplist</description>
				<left>12</left>
				<top>60</top>
				<width>330</width>
				<height>608</height>
				<onleft>noop</onleft>
				<onright>5</onright>
				<onup>noop</onup>
				<ondown>18</ondown>
				<pagecontrol>30</pagecontrol>
			</control>
			<control type="button" id="10">
				<description>Default controller types button</description>
				<height>60</height>
				<width>330</width>
				<align>center</align>
				<aligny>center</aligny>
				<font>Regular21</font>
				<textcolor>white</textcolor>
			</control>
			<control type="gamecontroller" id="31">
				<left>450</left>
				<top>129</top>
				<width>720</width>
				<height>429</height>
				<include>VisibleFadeEffect</include>
			</control>
			<control type="label">
				<description>Feature types heading</description>
				<top>8</top>
				<left>1242</left>
				<width>330</width>
				<height>38</height>
				<font>Regular17</font>
				<label>35059</label>
				<align>center</align>
				<aligny>center</aligny>
				<textcolor>blue</textcolor>
			</control>
			<control type="scrollbar" id="50">
				<left>1596</left>
				<top>60</top>
				<include>scrollBarStyleDefaultWidth</include>
				<height>608</height>
				<onleft>5</onleft>
				<onright></onright>
				<ondown></ondown>
				<onup></onup>
				<showonepage>false</showonepage>
				<include>scrollBarStyleDefault</include>
			</control>
			<control type="grouplist" id="5">
				<description>Feature types grouplist</description>
				<left>1242</left>
				<top>60</top>
				<width>330</width>
				<height>608</height>
				<onleft>3</onleft>
				<onright>noop</onright>
				<onup>noop</onup>
				<ondown>18</ondown>
				<pagecontrol>50</pagecontrol>
			</control>
			<control type="button" id="7">
				<description>Default feature types button</description>
				<height>60</height>
				<width>330</width>
				<align>center</align>
				<aligny>center</aligny>
				<font>Regular21</font>
				<textcolor>white</textcolor>
			</control>
			<control type="label" id="8">
				<description>Default feature types label</description>
				<height>60</height>
				<width>330</width>
				<align>center</align>
				<aligny>center</aligny>
				<font>Regular21</font>
				<textcolor>grey</textcolor>
			</control>
		</control>
		<control type="group" id="9001">
			<left>336</left>
			<top>930</top>
			
			<control type="button" id="18">
				<description>Ok Button</description>
				<left>0</left>
				<top>0</top>
				<width>300</width>
				<height>60</height>
				<label>186</label>
				<font>Regular21</font>
				<onleft>17</onleft>
				<onright>19</onright>
				<onup>9000</onup>
				<ondown></ondown>
				<include>ButtonInfoDialogsCommonValues</include>
			</control>
			<control type="button" id="19">
				<description>Reset Button</description>
				<left>315</left>
				<top>0</top>
				<width>300</width>
				<height>60</height>
				<label>10035</label>
				<font>Regular21</font>
				<onleft>18</onleft>
				<onright>20</onright>
				<onup>9000</onup>
				<ondown></ondown>
				<include>ButtonInfoDialogsCommonValues</include>
			</control>
			<control type="button" id="20">
				<description>Link to install more controllers</description>
				<left>630</left>
				<top>0</top>
				<height>60</height>
				<width>300</width>
				<font>Regular21</font>
				<textcolor>white</textcolor>
				<label>$LOCALIZE[21452]</label>
				<onleft>19</onleft>
				<onright>17</onright>
				<onup>9000</onup>
				<ondown></ondown>
				<include>ButtonInfoDialogsCommonValues</include>
			</control>
			<control type="button" id="17">
				<description>Help button</description>
				<left>945</left>
				<top>0</top>
				<height>60</height>
				<width>300</width>
				<font>Regular21</font>
				<textcolor>white</textcolor>
				<label>$LOCALIZE[10043]</label>
				<onleft>20</onleft>
				<onright>18</onright>
				<onup>9000</onup>
				<ondown></ondown>
				<include>ButtonInfoDialogsCommonValues</include>
			</control>
			
		</control>
	</controls>
</window>
