<?xml version="1.0" encoding="UTF-8"?>
<window>
	<defaultcontrol always="true">8</defaultcontrol>
	<allowoverlay>no</allowoverlay>
	<onload condition="Skin.HasSetting(ActivateTvTunes) + System.HasAddon(script.tvtunes)">RunScript(script.tvtunes,backend=True)</onload>
	
	
	<!-- DURATION SCRIPT -->
	<onload condition="System.HasAddon(script.duration_axbmcuser)">RunScript(script.duration_axbmcuser,backend=True)</onload>
	
	
	<controls>
		<control type="group">
			<visible>!Window.IsVisible(FileBrowser)</visible>
			

			<animation effect="fade" delay="0" start="0" end="100" time="500">WindowOpen</animation>
			<animation effect="fade" delay="0" start="0" end="100" time="300">WindowOpen</animation>
			
			<!-- BACKGROUND -->
			<control type="image">
				<left>0</left>
				<top>0</top>
				<width>1280</width>
				<height>720</height>
				<texture>_added_img/posterwall_1280x720_black.png</texture>
				<animation effect="fade" end="94" time="0" condition="true">Conditional</animation>
			</control>
			
			<!-- CLOSE BUTTON -->
			<control type="button">
				<description>Close Window button</description>
				<left>1216</left>
				<top>0</top>
				<width>64</width>
				<height>32</height>
				<label>-</label>
				<font>-</font>
				<onclick>PreviousMenu</onclick>
				<texturefocus>DialogCloseButton-focus.png</texturefocus>
				<texturenofocus>DialogCloseButton.png</texturenofocus>
				<onleft>9000</onleft>
				<onright>9000</onright>
				<onup>9000</onup>
				<ondown>9000</ondown>
				<visible>system.getbool(input.enablemouse)</visible>
			</control>
			
			
			<control type="group">

			
			
				<!-- MAIN POSTER -->
				<control type="image">
					<left>0</left>
					<top>0</top>
					<width>486</width>
					<height>720</height>
					<aspectratio>scale</aspectratio>

					<texture background="true">$INFO[ListItem.Art(poster)]</texture>

					<animation effect="slide" start="-486,0" end="0,0" time="500" tween="quadratic" easing="out">WindowOpen</animation>
					<animation effect="slide" start="0,0" end="-486,0" time="300" tween="quadratic" easing="out">WindowClose</animation>
					
					<visible>!IsEmpty(ListItem.Art(poster)) + [!container.content(tvshows) + !container.content(episodes) + !container.content(musicvideos)] + ![Control.HasFocus(12) | Control.HasFocus(15)]</visible>
				</control>
				
				<control type="image">
					<left>0</left>
					<top>0</top>
					<width>486</width>
					<height>720</height>
					<aspectratio aligny="top">keep</aspectratio>

					<texture background="true">$INFO[ListItem.Icon]</texture>

					<animation effect="slide" start="-486,0" end="0,0" time="500" tween="quadratic" easing="out">WindowOpen</animation>
					<animation effect="slide" start="0,0" end="-486,0" time="300" tween="quadratic" easing="out">WindowClose</animation>
					
					<visible>IsEmpty(ListItem.Art(poster)) + [!container.content(tvshows) + !container.content(episodes) + !container.content(musicvideos)] + ![Control.HasFocus(12) | Control.HasFocus(15)]</visible>
				</control>
				
				
				<control type="image">
					<left>0</left>
					<top>0</top>
					<width>486</width>
					<height>720</height>
					<aspectratio>scale</aspectratio>

					<texture background="true">$VAR[PosterThumb]</texture>

					<animation effect="slide" start="-486,0" end="0,0" time="500" tween="quadratic" easing="out">WindowOpen</animation>
					<animation effect="slide" start="0,0" end="-486,0" time="300" tween="quadratic" easing="out">WindowClose</animation>
					
					<visible>Container.Content(TVShows) + !Control.HasFocus(12)</visible>
				</control>
				
				<control type="image">
					<left>0</left>
					<top>0</top>
					<width>486</width>
					<height>720</height>
					<aspectratio aligny="top">keep</aspectratio>

					<texture background="true">$INFO[ListItem.Icon]</texture>

					<animation effect="slide" start="-486,0" end="0,0" time="500" tween="quadratic" easing="out">WindowOpen</animation>
					<animation effect="slide" start="0,0" end="-486,0" time="300" tween="quadratic" easing="out">WindowClose</animation>
					
					<visible>container.content(episodes) + !Control.HasFocus(12)</visible>
				</control>
				
				<control type="image">
					<left>0</left>
					<top>0</top>
					<width>486</width>
					<height>720</height>
					<aspectratio aligny="top">keep</aspectratio>

					<texture background="true">$INFO[ListItem.Icon]</texture>

					<animation effect="slide" start="-486,0" end="0,0" time="500" tween="quadratic" easing="out">WindowOpen</animation>
					<animation effect="slide" start="0,0" end="-486,0" time="300" tween="quadratic" easing="out">WindowClose</animation>
					
					<visible>container.content(musicvideos) + !Control.HasFocus(12)</visible>
				</control>
				
				
				
				
					

			</control>
			
			
			
			
			
					
			<control type="group">

				<animation effect="fade" delay="0" start="0" end="100" time="500">WindowOpen</animation>
				<animation effect="fade" start="100" end="0" time="500">WindowClose</animation>
				
				<left>486</left>
				<top>0</top>
				<width>794</width>
				<height>720</height>

				
				
				<control type="label">
					<description>subheader label</description>
					<left>36</left>
					<top>5</top>
					<width>700</width>
					<height>200</height>
					<label>$INFO[ListItem.TVShowTitle,[COLOR=grey],[/COLOR]    ]$INFO[ListItem.Studio,, ]$INFO[ListItem.Year,(,)]</label>
					<textcolor>grey3</textcolor>
					<align>left</align>
					<visible>container.content(episodes)</visible>
				</control>
				<control type="label">
					<description>subheader label</description>
					<left>36</left>
					<top>5</top>
					<width>700</width>
					<height>200</height>
					<label>$INFO[ListItem.Studio,, ]$INFO[ListItem.Year,(,)]</label>
					<textcolor>grey3</textcolor>
					<align>left</align>
					<visible>!container.content(episodes)</visible>
				</control>
				
				<control type="label">
					<description>header label</description>
					<left>38</left>
					<top>27</top>
					<width>756</width>
					<height>38</height>
					<font>font30_title</font>
					<label>$INFO[Listitem.Title]</label>
					<align>left</align>
					<textcolor>white</textcolor>
					<scroll>true</scroll>
				</control>
				
		
		
				<control type="image">
					<left>36</left>
					<top>75</top>
					<width>735</width>
					<height>191</height>
					<texture border="5">button-nofocus.png</texture>
				</control>
				


				<!-- CODEC INFO -->
				<control type="grouplist">
					<description>Media Codec Flagging Images</description>
					<left>32</left><!-- 28 -->
					<top>280</top>
					<width>600</width>
					<align>left</align>
					<itemgap>2</itemgap>
					<orientation>horizontal</orientation>
					<include>VisibleFadeEffect</include>
					<visible>[Container.Content(Movies) | Container.Content(Episodes) | Container.Content(MusicVideos)]</visible>
					

					<include>VideoMPAAFlaggingConditions</include>

					
					<include>VideoCodecFlaggingConditions</include>
					<include>AudioCodecFlaggingConditions</include>
					<include>AudioChannelsFlaggingConditions</include>
					<include>AspectCodecFlaggingConditions</include>
					<include>VideoStereoscopicsFlaggingConditions</include>
					<include>VideoTypeHackFlaggingConditions</include>
				</control>
				
				<!--
				
				?
				
				<control type="group">
					<visible>Control.HasFocus(12)</visible>
					<top>90</top>
					<left>387</left>
					<include>VisibleFadeEffect</include>
					<control type="image">
						<description>Current Fanart image</description>
						<left>0</left>
						<top>0</top>
						<width>675</width>
						<height>380</height>
						<texture background="true">$INFO[ListItem.Art(fanart)]</texture>
						<bordertexture border="5">button-nofocus.png</bordertexture>
						<bordersize>4</bordersize>
						<aspectratio>keep</aspectratio>
						<visible>!IsEmpty(Listitem.Art(fanart))</visible>
					</control>
					<control type="group">
						<visible>IsEmpty(Listitem.Art(fanart))</visible>
						<control type="image">
							<description>No Fanart Back</description>
							<left>0</left>
							<top>0</top>
							<width>675</width>
							<height>380</height>
							<texture>Fanart_Fallback_Small.jpg</texture>
							<bordertexture border="5">button-nofocus.png</bordertexture>
							<bordersize>4</bordersize>
							<aspectratio>stretch</aspectratio>
							<colordiffuse>99FFFFFF</colordiffuse>
						</control>
						<control type="label">
							<left>0</left>
							<top>0</top>
							<width>675</width>
							<height>380</height>
							<font>font30_title</font>
							<textcolor>white</textcolor>
							<shadowcolor>black</shadowcolor>
							<align>center</align>
							<aligny>center</aligny>
							<label>31311</label>
						</control>
					</control>
				</control>
				-->
			
				<!--
				<control type="group">
					<top>90</top>
					<left>387</left>
					<visible>Control.HasFocus(15)</visible>
					<include>VisibleFadeEffect</include>
					<control type="image">
						<description>Border</description>
						<left>0</left>
						<top>0</top>
						<width>675</width>
						<height>380</height>
						<texture border="5">button-nofocus.png</texture>
					</control>
					<control type="image">
						<description>background</description>
						<left>5</left>
						<top>5</top>
						<width>665</width>
						<height>370</height>
						<texture>black-back.png</texture>
					</control>
					<control type="label">
						<left>0</left>
						<top>0</top>
						<width>675</width>
						<height>380</height>
						<font>font30_title</font>
						<textcolor>grey2</textcolor>
						<shadowcolor>black</shadowcolor>
						<align>center</align>
						<aligny>center</aligny>
						<label>31330</label>
						<visible>!Player.HasVideo</visible>
					</control>
					<control type="videowindow">
						<description>No Fanart Back</description>
						<left>5</left>
						<top>5</top>
						<width>665</width>
						<height>370</height>
						<visible>Player.HasVideo</visible>
					</control>
				</control>
				-->
				
				<control type="group">
					<visible>[!container.content(tvshows) + !container.content(episodes) + !container.content(musicvideos)] + ![Control.HasFocus(12) | Control.HasFocus(15)]</visible>
					<top>0</top>
					<left>0</left>
					<include>VisibleFadeEffect</include>
					
					
					
					<control type="list" id="49">
						<left>51</left>
						<top>80</top><!-- 120 -->
						<width>705</width>
						<height>180</height><!-- 170 -->
						<onleft>9000</onleft>
						<onright>9000</onright>
						<onup>9000</onup>
						<ondown>9000</ondown>
						<pagecontrol>-</pagecontrol>
						<scrolltime>200</scrolltime>
						<itemlayout height="30">
							<control type="label">
								<left>5</left>
								<top>0</top>
								<width>160</width>
								<height>30</height>
								<font>font13</font>
								<align>left</align>
								<aligny>center</aligny>
								<textcolor>blue</textcolor>
								<selectedcolor>selected</selectedcolor>
								<info>ListItem.Label</info>
							</control>
							<control type="label">
								<left>175</left>
								<top>0</top>
								<width>525</width>
								<height>30</height>
								<font>font13</font>
								<align>left</align>
								<aligny>center</aligny>
								<textcolor>white</textcolor>
								<selectedcolor>white</selectedcolor>
								<info>ListItem.Label2</info>
							</control>
						</itemlayout>
						<focusedlayout height="30">
							<control type="image">
								<left>0</left>
								<top>0</top>
								<width>705</width>
								<height>30</height>
								<visible>Control.HasFocus(49)</visible>
								<texture>MenuItemFO.png</texture>
								<include>VisibleFadeEffect</include>
							</control>
							<control type="label">
								<left>5</left>
								<top>0</top>
								<width>160</width>
								<height>30</height>
								<font>font13</font>
								<align>left</align>
								<aligny>center</aligny>
								<textcolor>blue</textcolor>
								<selectedcolor>selected</selectedcolor>
								<info>ListItem.Label</info>
							</control>
							<control type="label">
								<left>175</left>
								<top>0</top>
								<width>525</width>
								<height>30</height>
								<font>font13</font>
								<align>left</align>
								<aligny>center</aligny>
								<textcolor>white</textcolor>
								<selectedcolor>white</selectedcolor>
								<info>ListItem.Label2</info>
							</control>
						</focusedlayout>
						<content>
							<item>
								<label>$LOCALIZE[21800]:</label>
								<label2>$INFO[ListItem.Filename]</label2>
								<onclick>noop</onclick>
								<visible>!IsEmpty(ListItem.Filename)</visible>
							</item>
							<!--
							<item>
								<label>$LOCALIZE[562]:</label>
								<label2>$INFO[ListItem.Year]</label2>
								<onclick>noop</onclick>
								<visible>!IsEmpty(ListItem.Year)</visible>
							</item>
							-->
							<item>
								<label>$LOCALIZE[515]:</label>
								<label2>$INFO[ListItem.Genre]</label2>
								<onclick>noop</onclick>
								<visible>!IsEmpty(ListItem.Genre)</visible>
							</item>
							<item>
								<label>$LOCALIZE[2050]:</label>
								<label2>$VAR[ItemDuration]</label2>
								<onclick>noop</onclick>
								<visible>!IsEmpty(ListItem.Duration)</visible>
							</item>
							<item>
								<label>$LOCALIZE[563]:</label>
								<label2>$INFO[ListItem.Rating]                $INFO[ListItem.Votes] $LOCALIZE[20350]</label2>
								<onclick>noop</onclick>
								<visible>!IsEmpty(ListItem.RatingAndVotes)</visible>
							</item>
							<item>
								<label>$LOCALIZE[20074]:</label>
								<label2>$INFO[ListItem.mpaa]</label2>
								<onclick>noop</onclick>
								<visible>!IsEmpty(ListItem.mpaa)</visible>
							</item>
							<item>
								<label>$LOCALIZE[20376]:</label>
								<label2>$INFO[ListItem.OriginalTitle]</label2>
								<onclick>noop</onclick>
								<visible>!IsEmpty(ListItem.OriginalTitle) + !stringcompare(ListItem.OriginalTitle,Listitem.Title)</visible>
							</item>
							<!--
							<item>
								<label>$LOCALIZE[202]:</label>
								<label2>$INFO[ListItem.TagLine]</label2>
								<onclick>noop</onclick>
								<visible>!IsEmpty(ListItem.TagLine)</visible>
							</item>
							-->
							<!--
							<item>
								<label>$LOCALIZE[572]:</label>
								<label2>$INFO[ListItem.Studio]</label2>
								<onclick>noop</onclick>
								<visible>!IsEmpty(ListItem.Studio)</visible>
							</item>
							-->
							<item>
								<label>$LOCALIZE[20339]:</label>
								<label2>$INFO[ListItem.Director]</label2>
								<onclick>SendClick(2003,13)</onclick>
								<visible>!IsEmpty(ListItem.Director)</visible>
							</item>
							<item>
								<label>$LOCALIZE[20417]:</label>
								<label2>$INFO[ListItem.Writer]</label2>
								<onclick>noop</onclick>
								<visible>!IsEmpty(ListItem.Writer)</visible>
							</item>
							<!--
							<item>
								<label>$LOCALIZE[203]:</label>
								<label2>$INFO[ListItem.PlotOutline]</label2>
								<onclick>noop</onclick>
								<visible>!IsEmpty(ListItem.PlotOutline)</visible>
							</item>
							-->
							<item>
								<label>$LOCALIZE[15311]</label>
								<label2>$INFO[ListItem.FilenameAndPath]</label2>
								<onclick>noop</onclick>
								<visible>!IsEmpty(ListItem.FilenameAndPath)</visible>
							</item>
							
						</content>
					</control>
				</control>
				
				
				
				
				<!-- TV SHOWS -->
				<control type="group">
					<visible>Container.Content(TVShows) + !Control.HasFocus(12)</visible>
					<top>0</top>
					<left>0</left>
					<include>VisibleFadeEffect</include>

					<control type="list" id="49">
						<left>51</left>
						<top>80</top><!-- 120 -->
						<width>705</width>
						<height>180</height><!-- 170 -->
						<onleft>9000</onleft>
						<onright>9000</onright>
						<onup>9000</onup>
						<ondown>9000</ondown>
						<pagecontrol>-</pagecontrol>
						<scrolltime>200</scrolltime>
						<itemlayout height="30">
							<control type="label">
								<left>5</left>
								<top>0</top>
								<width>160</width>
								<height>30</height>
								<font>font13</font>
								<align>left</align>
								<aligny>center</aligny>
								<textcolor>blue</textcolor>
								<selectedcolor>selected</selectedcolor>
								<info>ListItem.Label</info>
							</control>
							<control type="label">
								<left>175</left>
								<top>0</top>
								<width>525</width>
								<height>30</height>
								<font>font13</font>
								<align>left</align>
								<aligny>center</aligny>
								<textcolor>white</textcolor>
								<selectedcolor>white</selectedcolor>
								<info>ListItem.Label2</info>
							</control>
						</itemlayout>
						<focusedlayout height="30">
							<control type="image">
								<left>0</left>
								<top>0</top>
								<width>705</width>
								<height>30</height>
								<visible>Control.HasFocus(49)</visible>
								<texture>MenuItemFO.png</texture>
								<include>VisibleFadeEffect</include>
							</control>
							<control type="label">
								<left>5</left>
								<top>0</top>
								<width>160</width>
								<height>30</height>
								<font>font13</font>
								<align>left</align>
								<aligny>center</aligny>
								<textcolor>blue</textcolor>
								<selectedcolor>selected</selectedcolor>
								<info>ListItem.Label</info>
							</control>
							<control type="label">
								<left>175</left>
								<top>0</top>
								<width>525</width>
								<height>30</height>
								<font>font13</font>
								<align>left</align>
								<aligny>center</aligny>
								<textcolor>white</textcolor>
								<selectedcolor>white</selectedcolor>
								<info>ListItem.Label2</info>
							</control>
						</focusedlayout>
						<content>
							<item>
								<label>$LOCALIZE[20360]:</label>
								<label2>$INFO[listitem.episode] [COLOR=grey] ($INFO[ListItem.Property(WatchedEpisodes),, $LOCALIZE[16102]] - $INFO[ListItem.Property(UnWatchedEpisodes), , $LOCALIZE[16101]])[/COLOR]</label2>
								<onclick>noop</onclick>
								<visible>!IsEmpty(ListItem.Episode)</visible>
							</item>
							<item>
								<label>$LOCALIZE[31322]:</label>
								<label2>$INFO[ListItem.Premiered]</label2>
								<onclick>noop</onclick>
								<visible>!IsEmpty(ListItem.Premiered)</visible>
							</item>
							<item>
								<label>$LOCALIZE[515]:</label>
								<label2>$INFO[ListItem.Genre]</label2>
								<onclick>noop</onclick>
								<visible>!IsEmpty(ListItem.Genre)</visible>
							</item>
							<!--
							<item>
								<label>$LOCALIZE[562]:</label>
								<label2>$INFO[ListItem.Year]</label2>
								<onclick>noop</onclick>
								<visible>!IsEmpty(ListItem.Year)</visible>
							</item>
							-->
							<item>
								<label>$LOCALIZE[563]:</label>
								<label2>$INFO[ListItem.RatingAndVotes]</label2>
								<onclick>noop</onclick>
								<visible>!IsEmpty(ListItem.RatingAndVotes)</visible>
							</item>
							<item>
								<label>$LOCALIZE[15311]</label>
								<label2>$INFO[ListItem.FilenameAndPath]</label2>
								<onclick>noop</onclick>
								<visible>!IsEmpty(ListItem.FilenameAndPath)</visible>
							</item>
						</content>
					</control>
				</control>
				<control type="group">
					<visible>container.content(episodes) + !Control.HasFocus(12)</visible>
					<top>0</top>
					<left>0</left>
					<include>VisibleFadeEffect</include>
					
					<control type="list" id="49">
						<left>51</left>
						<top>80</top><!-- 120 -->
						<width>705</width>
						<height>180</height><!-- 170 -->
						<onleft>9000</onleft>
						<onright>9000</onright>
						<onup>9000</onup>
						<ondown>9000</ondown>
						<pagecontrol>-</pagecontrol>
						<scrolltime>200</scrolltime>
						<itemlayout height="30">
							<control type="label">
								<left>5</left>
								<top>0</top>
								<width>160</width>
								<height>30</height>
								<font>font13</font>
								<align>left</align>
								<aligny>center</aligny>
								<textcolor>blue</textcolor>
								<selectedcolor>selected</selectedcolor>
								<info>ListItem.Label</info>
							</control>
							<control type="label">
								<left>175</left>
								<top>0</top>
								<width>525</width>
								<height>30</height>
								<font>font13</font>
								<align>left</align>
								<aligny>center</aligny>
								<textcolor>white</textcolor>
								<selectedcolor>white</selectedcolor>
								<info>ListItem.Label2</info>
							</control>
						</itemlayout>
						<focusedlayout height="30">
							<control type="image">
								<left>0</left>
								<top>0</top>
								<width>705</width>
								<height>30</height>
								<visible>Control.HasFocus(49)</visible>
								<texture>MenuItemFO.png</texture>
								<include>VisibleFadeEffect</include>
							</control>
							<control type="label">
								<left>5</left>
								<top>0</top>
								<width>160</width>
								<height>30</height>
								<font>font13</font>
								<align>left</align>
								<aligny>center</aligny>
								<textcolor>blue</textcolor>
								<selectedcolor>selected</selectedcolor>
								<info>ListItem.Label</info>
							</control>
							<control type="label">
								<left>175</left>
								<top>0</top>
								<width>525</width>
								<height>30</height>
								<font>font13</font>
								<align>left</align>
								<aligny>center</aligny>
								<textcolor>white</textcolor>
								<selectedcolor>white</selectedcolor>
								<info>ListItem.Label2</info>
							</control>
						</focusedlayout>
						<content>
							<!--
							<item>
								<label>$LOCALIZE[20364]:</label>
								<label2>$INFO[ListItem.TVShowTitle]</label2>
								<onclick>noop</onclick>
								<visible>!IsEmpty(ListItem.TVShowTitle)</visible>
							</item>
							-->
							<item>
								<label>$LOCALIZE[20373]:</label>
								<label2>$INFO[ListItem.Season]</label2>
								<onclick>noop</onclick>
								<visible>!IsEmpty(ListItem.Season)</visible>
							</item>
							<item>
								<label>$LOCALIZE[20359]:</label>
								<label2>$INFO[ListItem.Episode]</label2>
								<onclick>noop</onclick>
								<visible>!IsEmpty(ListItem.Episode)</visible>
							</item>
							<item>
								<label>$LOCALIZE[31322]:</label>
								<label2>$INFO[ListItem.Premiered]</label2>
								<onclick>noop</onclick>
								<visible>!IsEmpty(ListItem.Premiered)</visible>
							</item>
							<item>
								<label>$LOCALIZE[515]:</label>
								<label2>$INFO[ListItem.Genre]</label2>
								<onclick>noop</onclick>
								<visible>!IsEmpty(ListItem.Genre)</visible>
							</item>
							<item>
								<label>$LOCALIZE[2050]:</label>
								<label2>$INFO[ListItem.Duration] $LOCALIZE[12391]</label2>
								<onclick>noop</onclick>
								<visible>!IsEmpty(ListItem.Duration)</visible>
							</item>
							<item>
								<label>$LOCALIZE[563]:</label>
								<label2>$INFO[ListItem.RatingAndVotes]</label2>
								<onclick>noop</onclick>
								<visible>!IsEmpty(ListItem.RatingAndVotes)</visible>
							</item>
							<item>
								<label>$LOCALIZE[20339]:</label>
								<label2>$INFO[ListItem.Director]</label2>
								<onclick>SendClick(2003,13)</onclick>
								<visible>!IsEmpty(ListItem.Director)</visible>
							</item>
							<item>
								<label>$LOCALIZE[20417]:</label>
								<label2>$INFO[ListItem.Writer]</label2>
								<onclick>noop</onclick>
								<visible>!IsEmpty(ListItem.Writer)</visible>
							</item>
							<!--
							<item>
								<label>$LOCALIZE[562]:</label>
								<label2>$INFO[ListItem.Year]</label2>
								<onclick>noop</onclick>
								<visible>!IsEmpty(ListItem.Year)</visible>
							</item>
							-->
							<item>
								<label>$LOCALIZE[15311]</label>
								<label2>$INFO[ListItem.FilenameAndPath]</label2>
								<onclick>noop</onclick>
								<visible>!IsEmpty(ListItem.FilenameAndPath)</visible>
							</item>
						</content>
					</control>
				</control>
				
				
				<!-- MUSIC VIDEOS (INCLUDING YT ADDON) -->
				<control type="group">
					<visible>container.content(musicvideos) + !Control.HasFocus(12)</visible>
					<top>0</top>
					<left>0</left>
					<include>VisibleFadeEffect</include>
					
					
					<control type="list" id="49">
						<left>51</left>
						<top>80</top><!-- 120 -->
						<width>705</width>
						<height>180</height><!-- 170 -->
						<onleft>9000</onleft>
						<onright>9000</onright>
						<onup>9000</onup>
						<ondown>9000</ondown>
						<pagecontrol>-</pagecontrol>
						<scrolltime>200</scrolltime>
						<itemlayout height="30">
							<control type="label">
								<left>5</left>
								<top>0</top>
								<width>160</width>
								<height>30</height>
								<font>font13</font>
								<align>left</align>
								<aligny>center</aligny>
								<textcolor>blue</textcolor>
								<selectedcolor>selected</selectedcolor>
								<info>ListItem.Label</info>
							</control>
							<control type="label">
								<left>175</left>
								<top>0</top>
								<width>525</width>
								<height>30</height>
								<font>font13</font>
								<align>left</align>
								<aligny>center</aligny>
								<textcolor>white</textcolor>
								<selectedcolor>white</selectedcolor>
								<info>ListItem.Label2</info>
							</control>
						</itemlayout>
						<focusedlayout height="30">
							<control type="image">
								<left>0</left>
								<top>0</top>
								<width>705</width>
								<height>30</height>
								<visible>Control.HasFocus(49)</visible>
								<texture>MenuItemFO.png</texture>
								<include>VisibleFadeEffect</include>
							</control>
							<control type="label">
								<left>5</left>
								<top>0</top>
								<width>160</width>
								<height>30</height>
								<font>font13</font>
								<align>left</align>
								<aligny>center</aligny>
								<textcolor>blue</textcolor>
								<selectedcolor>selected</selectedcolor>
								<info>ListItem.Label</info>
							</control>
							<control type="label">
								<left>175</left>
								<top>0</top>
								<width>525</width>
								<height>30</height>
								<font>font13</font>
								<align>left</align>
								<aligny>center</aligny>
								<textcolor>white</textcolor>
								<selectedcolor>white</selectedcolor>
								<info>ListItem.Label2</info>
							</control>
						</focusedlayout>
						<content>
							<item>
								<label>$LOCALIZE[557]:</label>
								<label2>$INFO[ListItem.Artist]</label2>
								<onclick>noop</onclick>
								<visible>!IsEmpty(ListItem.Artist)</visible>
							</item>
							<item>
								<label>$LOCALIZE[558]:</label>
								<label2>$INFO[ListItem.Album]</label2>
								<onclick>noop</onclick>
								<visible>!IsEmpty(ListItem.Album)</visible>
							</item>
							<item>
								<label>$LOCALIZE[515]:</label>
								<label2>$INFO[ListItem.Genre]</label2>
								<onclick>noop</onclick>
								<visible>!IsEmpty(ListItem.Genre)</visible>
							</item>
							<item>
								<label>$LOCALIZE[572]:</label>
								<label2>$INFO[ListItem.Studio]</label2>
								<onclick>noop</onclick>
								<visible>!IsEmpty(ListItem.Studio)</visible>
							</item>
							<item>
								<label>$LOCALIZE[20417]:</label>
								<label2>$INFO[ListItem.Writer]</label2>
								<onclick>noop</onclick>
								<visible>!IsEmpty(ListItem.Writer)</visible>
							</item>
							<item>
								<label>$LOCALIZE[20339]:</label>
								<label2>$INFO[ListItem.Director]</label2>
								<onclick>noop</onclick>
								<visible>!IsEmpty(ListItem.Director)</visible>
							</item>
							<!--
							<item>
								<label>$LOCALIZE[562]:</label>
								<label2>$INFO[ListItem.Year]</label2>
								<onclick>noop</onclick>
								<visible>!IsEmpty(ListItem.Year)</visible>
							</item>
							-->
							<item>
								<label>$LOCALIZE[2050]:</label>
								<label2>$INFO[ListItem.Duration] $LOCALIZE[12391]</label2>
								<onclick>noop</onclick>
								<visible>!IsEmpty(ListItem.Duration)</visible>
							</item>
							<item>
								<label>$LOCALIZE[15311]</label>
								<label2>$INFO[ListItem.FilenameAndPath]</label2>
								<onclick>noop</onclick>
								<visible>!IsEmpty(ListItem.FilenameAndPath)</visible>
							</item>
						</content>
					</control>
				</control>
				<!--
				<control type="label">
					<right>130</right>
					<top>480</top>
					<width>400</width>
					<height>30</height>
					<font>font13_title</font>
					<textcolor>grey2</textcolor>
					<shadowcolor>black</shadowcolor>
					<scroll>true</scroll>
					<align>right</align>
					<aligny>center</aligny>
					<label>[COLOR=blue]$LOCALIZE[207][/COLOR]$INFO[Container(400).CurrentPage, ( $LOCALIZE[31024] ]$INFO[Container(400).NumPages,/, )]</label>
					<visible>Control.IsVisible(400)</visible>
				</control>
				-->
				<!--
				<control type="label">
					<right>130</right>
					<top>480</top>
					<width>400</width>
					<height>30</height>
					<font>font13_title</font>
					<textcolor>grey2</textcolor>
					<shadowcolor>black</shadowcolor>
					<scroll>true</scroll>
					<align>right</align>
					<aligny>center</aligny>
					<label>[COLOR=blue]$LOCALIZE[206][/COLOR]$INFO[Container(50).CurrentPage, ( $LOCALIZE[31024] ]$INFO[Container(50).NumPages,/, )]</label>
					<visible>Control.IsVisible(50)</visible>
				</control>
				-->
				<!--
				<control type="spincontrol" id="61">
					<description>Next page button</description>
					<left>120r</left>
					<top>485</top>
					<subtype>page</subtype>
					<font>-</font>
					<onleft>61</onleft>
					<onright>61</onright>
					<ondown>9000</ondown>
					<onup>49</onup>
					<textcolor>-</textcolor>
					<showonepage>true</showonepage>
				</control>
				-->
				
				
				
				<!-- PLOT -->
				<control type="image">
					<left>36</left>
					<top>330</top>
					<width>735</width>
					<height>300</height>
					<texture border="5">button-nofocus.png</texture>
					<visible>!Control.IsVisible(50)</visible>
				</control>
				<control type="textbox" id="400">
					<description>Description Value for Movies</description>
					
					<left>56</left>
					<top>346</top>
					<width>680</width>
					<height>260</height>
					
					<font>font13</font>
					<align>left</align>
					<textcolor>white</textcolor>
					<pagecontrol>61</pagecontrol>
					<label>$INFO[ListItem.TagLine,,[CR]]$INFO[ListItem.Plot]</label>
					<!--<autoscroll time="3000" delay="4000" repeat="5000">!Control.HasFocus(61) + Skin.HasSetting(AutoScroll)</autoscroll>-->
					
					<autoscroll time="2000" delay="10000" repeat="10000">!Control.HasFocus(61) + Skin.HasSetting(AutoScroll)</autoscroll>
					
					
					<visible>!Control.IsVisible(50)</visible>
				</control>
				
				
				<!-- ACTORS -->
				<control type="panel" id="50">
					<left>27</left>
					<top>330</top>
					<width>765</width>
					<height>350</height>
					<ondown>9000</ondown>
					<onup>49</onup>
					
					<viewtype label="">list</viewtype>
					<pagecontrol>61</pagecontrol>
					<scrolltime>200</scrolltime>
					<orientation>horizontal</orientation>
					
					<itemlayout height="350" width="180">
						<control type="image">
							<left>9</left>
							<top>0</top>
							<width>162</width>
							<height>228</height>
							<texture border="5">button-nofocus.png</texture>
						</control>
						
						<control type="image">
							<left>14</left>
							<top>5</top>
							<width>152</width>
							<height>217</height>
							<aspectratio>scale</aspectratio>
							<texture>$INFO[Listitem.Icon]</texture>
							<animation effect="fade" end="70" time="0" condition="true">Conditional</animation>
						</control>
						
						<control type="textbox">
							<description>Actor and Role</description>
							<left>9</left>
							<top>235</top>
							<width>162</width>
							<height>80</height>
							<font>font11</font>
							<align>center</align>
							<selectedcolor>white</selectedcolor>
							<label>$INFO[ListItem.Label]$INFO[ListItem.Label2,[COLOR FF999999][CR] $LOCALIZE[20347] ,[/COLOR]]</label>
							<animation effect="fade" end="65" time="0" condition="true">Conditional</animation>
						</control>
					</itemlayout>

					
					<focusedlayout height="350" width="180">
						<control type="image">
							<left>9</left>
							<top>0</top>
							<width>162</width>
							<height>229</height>
							<visible>!Control.HasFocus(50)</visible>
							<texture border="5">button-nofocus.png</texture>
						</control>
						<control type="image">
							<left>9</left>
							<top>0</top>
							<width>162</width>
							<height>228</height>
							<visible>Control.HasFocus(50)</visible>
							<texture border="5">button-focus2.png</texture>
						</control>
						
						<control type="image">
							<left>14</left>
							<top>5</top>
							<width>152</width>
							<height>217</height>
							<aspectratio>scale</aspectratio>
							<texture>$INFO[Listitem.Icon]</texture>
						</control>
						
						<control type="textbox">
							<description>Actor and Role</description>
							<left>9</left>
							<top>235</top>
							<width>162</width>
							<height>80</height>
							<font>font11</font>
							<align>center</align>
							<selectedcolor>white</selectedcolor>
							<label>$INFO[ListItem.Label]$INFO[ListItem.Label2,[COLOR FF999999][CR] $LOCALIZE[20347] ,[/COLOR]]</label>
						</control>
					</focusedlayout>

					
				</control>
				
				
				
				<!--
				<control type="image">
					<left>-486</left>
					<top>640</top>
					<width>1280</width>
					<height>80</height>
					<texture>_added_img/posterwall_1280x720_black.png</texture>
					<animation effect="fade" end="50" time="0" condition="true">Conditional</animation>
				</control>
				-->
				
				<control type="grouplist" id="9000">
					<left>36</left>
					<top>660</top><!-- 660 -->
					<width>758</width>
					<height>120</height>
					<itemgap>2</itemgap>
					<align>left</align>
					<orientation>horizontal</orientation>
					<onleft>9000</onleft>
					<onright>9000</onright>
					<onup>50</onup>
					<ondown>49</ondown>
					
					<control type="togglebutton" id="8">
						<description>Play/browse to Show</description>
						<width>146</width>
						<include>ButtonInfoDialogsCommonValues</include>
						<label>208</label>
						<alttexturefocus border="2">button-focus.png</alttexturefocus>
						<alttexturenofocus border="2">button-nofocus.png</alttexturenofocus>
						<altlabel>1024</altlabel>
						<usealttexture>Container.Content(TVShows)</usealttexture>
					</control>
					
					<control type="button" id="5">
						<description>Cast/Review</description>
						<width>145</width>
						<include>ButtonInfoDialogsCommonValues</include>
						<label>206</label>
					</control>
					
					<control type="button" id="11">
						<description>Play Trailer</description>
						<width>145</width>
						<include>ButtonInfoDialogsCommonValues</include>
						<label>20410</label>
						<visible>!IsEmpty(ListItem.Trailer)</visible>
					</control>
					
					<control type="button" id="6">
						<description>Refresh</description>
						<width>145</width>
						<include>ButtonInfoDialogsCommonValues</include>
						<label>184</label>
					</control>
					
					<control type="button" id="10">
						<description>Get Thumb</description>
						<width>146</width>
						<include>ButtonInfoDialogsCommonValues</include>
						<label>13511</label>
					</control>
					
					<!--
					<control type="button" id="111">
						<description>Launch script.extendedinfo</description>
						<include>ButtonInfoDialogsCommonValues</include>
						<label>Extended Info</label>
						<onclick>RunScript(script.extendedinfo,info=extendedinfo,dbid=$INFO[ListItem.DBID])</onclick>
						<visible>Container.Content(Movies) + System.HasAddon(script.extendedinfo)</visible>
					</control>
					-->

					
					
				</control>

				
				
				
			</control>
			
			
			
			
			
		</control>
	</controls>
</window>
