<?xml version="1.0" encoding="UTF-8"?>
<window>
	<defaultcontrol always="true">9000</defaultcontrol>
	
	<onload condition="!String.IsEmpty(Window(Home).Property(OSDinfodialogButtonActive))">ClearProperty(OSDinfodialogButtonActive,home)</onload>
	
	
	<include>CommunityUserTexturesCheck</include>
	<include>ExperimentalOptionsCheck</include>
	
	
	
	<onload condition="!Skin.HasSetting(FirstTimeRunHomeSubMenuInfo) + !Skin.HasSetting(HomeScreenHideSubMenus) + !Skin.HasSetting(HomeScreenDontFadeOutSubMenusWhenNotInFocus)">ActivateWindow(1111)</onload>
	
	
	
	<onload condition="Integer.IsGreater(Skin.String(TrailerSearchWebBrowserAndroid),0)">Skin.SetString(TrailerSearchWebBrowserAndroid,)</onload>
	
	
	
	<!-- disable large text feature for deprecated Kodi 17.6 -->
	<onload condition="String.StartsWith(System.BuildVersion,17.) + !String.StartsWith(System.BuildAppName,KodiDS)">Skin.Reset(AccessibilityLargeText)</onload>
	
	
	
	<controls><!-- WRAPPER START --><control type="group"><centerleft>50%</centerleft><centertop>50%</centertop><width>1920</width><height>1080</height><!-- WRAPPER START -->
		
		
		<!-- (Hidden) Custom sub menus lists -->
		<include condition="!Skin.HasSetting(KioskModeEnabled) + !Skin.HasSetting(HomeScreenHideSubMenus) + [Skin.HasSetting(CustomSubMenusMovies) | Skin.HasSetting(CustomSubMenusTvShows) | Skin.HasSetting(CustomSubMenusMusic)]">CustomSubMenusHiddenLists</include>
		
		
		<include>CommonBackground</include>
		
		<control type="group">
			<include>idleFadeOutMinimal</include>
			<control type="image">
				<left>-1</left>
				<top>-1</top>
				<width>1922</width>
				<height>1082</height>
				<texture>colors/black.png</texture>
				<animation effect="fade" end="0" time="0" condition="String.IsEqual(Skin.String(BackgroundDarkenStrength),0)">Conditional</animation>
				
				<animation effect="fade" end="25" time="0" condition="String.IsEqual(Skin.String(BackgroundDarkenStrength),4)">Conditional</animation>
				<animation effect="fade" end="38" time="0" condition="String.IsEqual(Skin.String(BackgroundDarkenStrength),5)">Conditional</animation>
				
				<animation effect="fade" end="50" time="0" condition="String.IsEmpty(Skin.String(BackgroundDarkenStrength)) | String.IsEqual(Skin.String(BackgroundDarkenStrength),1)">Conditional</animation>
				<animation effect="fade" end="62" time="0" condition="String.IsEqual(Skin.String(BackgroundDarkenStrength),2)">Conditional</animation>
				<animation effect="fade" end="75" time="0" condition="String.IsEqual(Skin.String(BackgroundDarkenStrength),3)">Conditional</animation>
			</control>
		</control>
		
		
		
		
		
		
		
		
		
		
		
		
		
		<!-- Sub menus -->
		
		<control type="group">
			
			<include>MainSubMenuDefaultProperties</include>
			
			<control type="group" id="9001">
				
				
				
				<control type="button" id="41450">
					<description>Fake button for mouse control</description>
					<top>4</top>
					<left>0</left>
					<width>1920</width>
					
					<height>92</height>
					<label></label>
					<font></font>
					<texturenofocus />
					<texturefocus />
				</control>
				
				
				
				<include condition="!Skin.HasSetting(HomeScreenDontFadeOutSubMenusWhenNotInFocus)">FadeOutSubMenusWhenNotInFocus</include>
				
				
				
				<depth>DepthMenu-</depth>
				<left>0</left>
				<top>122</top>
				
				
				<include>HomeScreenSubMenuNavigation</include>
				
				
				<visible>!Skin.HasSetting(KioskModeEnabled) + !Skin.HasSetting(HomeScreenHideSubMenus)</visible>
				
				<control type="group">
					<control type="grouplist" id="9019">
						<include>HomeSubMenuCommonValues</include>
						<onleft>9019</onleft>
						<onright>9019</onright>
						<visible>Container(9000).HasFocus(19) | Container(9000).HasFocus(199)</visible>
						<include>HomeSubMenuFavorites</include>
					</control>
				</control>
				
				<control type="group">
					<control type="grouplist" id="9016">
						<include>HomeSubMenuCommonValues</include>
						<onleft>9016</onleft>
						<onright>9016</onright>
						<visible>Container(9000).HasFocus(10)</visible>
						<include condition="!Skin.HasSetting(CustomSubMenusMovies)">HomeSubMenuMovies</include>
						<include condition="Skin.HasSetting(CustomSubMenusMovies)">HomeSubMenuMoviesCustom</include>
					</control>
				</control>
				
				<control type="group">
					<control type="grouplist" id="9017">
						<include>HomeSubMenuCommonValues</include>
						<onleft>9017</onleft>
						<onright>9017</onright>
						<visible>Container(9000).HasFocus(11)</visible>
						<include condition="!Skin.HasSetting(CustomSubMenusTvShows)">HomeSubMenuTVShows</include>
						<include condition="Skin.HasSetting(CustomSubMenusTvShows)">HomeSubMenuTVShowsCustom</include>
					</control>
				</control>
				
				<control type="group">
					<control type="grouplist" id="9010">
						<include>HomeSubMenuCommonValues</include>
						<onleft>9010</onleft>
						<onright>9010</onright>
						<visible>Container(9000).HasFocus(2)</visible>
						<include>HomeSubMenuVideos</include>
					</control>
				</control>
				
				
				<control type="group">
					<control type="grouplist" id="9014">
						<include>HomeSubMenuCommonValues</include>
						<onleft>9014</onleft>
						<onright>9014</onright>
						<visible>Container(9000).HasFocus(12)</visible>
						<include>HomeSubMenuTV</include>
					</control>
				</control>
				
				<control type="group">

					<control type="grouplist" id="9024">
						<include>HomeSubMenuCommonValues</include>
						<onleft>9024</onleft>
						<onright>9024</onright>
						<visible>Container(9000).HasFocus(13)</visible>
						<include>HomeSubMenuRadio</include>
					</control>
				</control>
				
				<control type="group">

					<control type="grouplist" id="9011">
						<include>HomeSubMenuCommonValues</include>
						<onleft>9011</onleft>
						<onright>9011</onright>
						<visible>Container(9000).HasFocus(3)</visible>
						<include condition="!Skin.HasSetting(CustomSubMenusMusic)">HomeSubMenuMusic</include>
						<include condition="Skin.HasSetting(CustomSubMenusMusic)">HomeSubMenuMusicCustom</include>
					</control>
				</control>
				
				<control type="group">
					<control type="grouplist" id="9015">
						<include>HomeSubMenuCommonValues</include>
						<onleft>9015</onleft>
						<onright>9015</onright>
						<visible>Container(9000).HasFocus(4)</visible>
						<include>HomeSubMenuPictures</include>
					</control>
				</control>
				
				<control type="group">

					<control type="grouplist" id="9025">
						<include>HomeSubMenuCommonValues</include>
						<onleft>9025</onleft>
						<onright>9025</onright>
						<visible>Container(9000).HasFocus(7)</visible>
						<include>HomeSubMenuWeather</include>
					</control>
				</control>
				
				<control type="group">
					<control type="grouplist" id="9018">
						<include>HomeSubMenuCommonValues</include>
						<onleft>9018</onleft>
						<onright>9018</onright>
						<visible>Container(9000).HasFocus(1)</visible>
						<include>HomeSubMenuAddons</include>
					</control>
				</control>
				
				<control type="group">
					<control type="grouplist" id="9013">
						<include>HomeSubMenuCommonValues</include>
						<onleft>9013</onleft>
						<onright>9013</onright>
						<visible>Container(9000).HasFocus(6)</visible>
						<include>HomeSubMenuPlayDisc</include>
					</control>
				</control>
				
				<control type="group">
					<control type="grouplist" id="9012">
						<include>HomeSubMenuCommonValues</include>
						<onleft>9012</onleft>
						<onright>9012</onright>
						<visible>Container(9000).HasFocus(5)</visible>
						<include>HomeSubMenuSystem</include>
					</control>
				</control>
				
				
			</control>
			
		</control>
		
		
		
		
		
		
		
		
		
		
		
		
		
		
		
		
		
		<control type="group">
			
			<include>idleFadeOutFull</include>
			<include>Window_OpenClose_Animation_Full</include>
			
			<!-- Home screen styles -->
			
			<control type="group">
				
				
				<!-- 1 top style -->
				<animation effect="slide" start="0,0" end="0,-390" time="0" condition="String.IsEqual(Skin.String(HomeScreenStyle),1)">Conditional</animation>
				<!-- 2 bottom style -->
				<animation effect="slide" start="0,0" end="0,230" time="0" condition="String.IsEqual(Skin.String(HomeScreenStyle),2)">Conditional</animation>
				
				
				<!-- Main menu background style: Standard width -->
				<control type="group">
					
					<visible>String.IsEqual(Skin.String(HomeScreenMainMenuStyle),1)</visible>
					
					<control type="image">
						
						<visible>Integer.IsGreaterOrEqual(Container(9000).NumItems,10)</visible>
						
						<include>MainMenuGenericCode</include>
						
					</control>
					<control type="image">
						
						<visible>Integer.IsLess(Container(9000).NumItems,10)</visible>
						
						<width>1616</width><!-- 1780 1606 1432 1258 1084 910 736 562 388 214 +10 -->
						<left>152</left><!-- 70+87 -5 -->
						
						<include>MainMenuGenericCode</include>
						
					</control>
					
				</control>
				
				<!-- Main menu background style: Reduce to items width -->
				<control type="group">
					
					<visible>String.IsEqual(Skin.String(HomeScreenMainMenuStyle),0) | String.IsEmpty(Skin.String(HomeScreenMainMenuStyle))</visible>
					
					<control type="image">
						<visible>Integer.IsGreater(Container(9000).NumItems,9)</visible>
						<width>1790</width><!-- 1780 1606 1432 1258 1084 910 736 562 388 214 +10 -->
						<include>MainMenuGenericCode</include>
						<include>MainMenuGenericCodeReducedVariant</include>
					</control>
					<control type="image">
						<visible>Integer.IsEqual(Container(9000).NumItems,9)</visible>
						<width>1616</width><!-- 1780 1606 1432 1258 1084 910 736 562 388 214 +10 -->
						<include>MainMenuGenericCode</include>
						<include>MainMenuGenericCodeReducedVariant</include>
					</control>
					<control type="image">
						<visible>Integer.IsEqual(Container(9000).NumItems,8)</visible>
						<width>1442</width><!-- 1780 1606 1432 1258 1084 910 736 562 388 214 +10 -->
						<include>MainMenuGenericCode</include>
						<include>MainMenuGenericCodeReducedVariant</include>
					</control>
					<control type="image">
						<visible>Integer.IsEqual(Container(9000).NumItems,7)</visible>
						<width>1268</width><!-- 1780 1606 1432 1258 1084 910 736 562 388 214 +10 -->
						<include>MainMenuGenericCode</include>
						<include>MainMenuGenericCodeReducedVariant</include>
					</control>
					<control type="image">
						<visible>Integer.IsEqual(Container(9000).NumItems,6)</visible>
						<width>1094</width><!-- 1780 1606 1432 1258 1084 910 736 562 388 214 +10 -->
						<include>MainMenuGenericCode</include>
						<include>MainMenuGenericCodeReducedVariant</include>
					</control>
					<control type="image">
						<visible>Integer.IsEqual(Container(9000).NumItems,5)</visible>
						<width>920</width><!-- 1780 1606 1432 1258 1084 910 736 562 388 214 +10 -->
						<include>MainMenuGenericCode</include>
						<include>MainMenuGenericCodeReducedVariant</include>
					</control>
					<control type="image">
						<visible>Integer.IsEqual(Container(9000).NumItems,4)</visible>
						<width>746</width><!-- 1780 1606 1432 1258 1084 910 736 562 388 214 +10 -->
						<include>MainMenuGenericCode</include>
						<include>MainMenuGenericCodeReducedVariant</include>
					</control>
					<control type="image">
						<visible>Integer.IsEqual(Container(9000).NumItems,3)</visible>
						<width>572</width><!-- 1780 1606 1432 1258 1084 910 736 562 388 214 +10 -->
						<include>MainMenuGenericCode</include>
						<include>MainMenuGenericCodeReducedVariant</include>
					</control>
					<control type="image">
						<visible>Integer.IsEqual(Container(9000).NumItems,2)</visible>
						<width>398</width><!-- 1780 1606 1432 1258 1084 910 736 562 388 214 +10 -->
						<include>MainMenuGenericCode</include>
						<include>MainMenuGenericCodeReducedVariant</include>
					</control>
					<control type="image">
						<visible>Integer.IsEqual(Container(9000).NumItems,1)</visible>
						<width>224</width><!-- 1780 1606 1432 1258 1084 910 736 562 388 214 +10 -->
						<include>MainMenuGenericCode</include>
						<include>MainMenuGenericCodeReducedVariant</include>
					</control>
				</control>
				
				<!-- Main menu background style: Full width stripe -->
				<control type="image">
					
					<visible>String.IsEqual(Skin.String(HomeScreenMainMenuStyle),2)</visible>
					
					<width>2120</width>
					<left>-100</left>
					
					<include>MainMenuGenericCode</include>
					
				</control>
				
				
				
				
				
				<!-- sub menu fade out help elements -->
				<include condition="!Skin.HasSetting(FirstTimeRunHomeSubMenuInfo) + !Skin.HasSetting(HomeScreenHideSubMenus) + !Skin.HasSetting(HomeScreenDontFadeOutSubMenusWhenNotInFocus)">FadeOutSubMenusHelpElements</include>
				
				
				
				
				
				
			</control>
			
			
			
			
			
		</control>
		
		
		
		
		
		
		
		
		
		
		
		
		
		
		
		
		
		
		
		
		
		
		
		
		<!-- LiveTV TIMER RECORDING INFO BLOCK -->
		<control type="group">
			
			
			<include>HomeScreenWidgetsPositioner</include>
			
			
			<depth>DepthMenu</depth>
			<left>735r</left>
			<top>154</top>
			<visible>[PVR.IsRecording | PVR.HasNonRecordingTimer]</visible>
			<include>VisibleFadeEffect</include>
			<include>Window_OpenClose_Animation</include>
			<control type="group">
				<animation effect="slide" start="0,0" end="0,155" time="0" condition="PVR.IsRecording">Conditional</animation>
				<visible>PVR.HasNonRecordingTimer</visible>
				<control type="group">
					<control type="image">
						<left>542</left>
						<top>-8</top>
						<width>750</width>
						<height>135</height>
						<texture border="15" colordiffuse="FF000000">colors/white_border15.png</texture>
						<animation effect="slide" start="0,0" end="-542,0" time="500" tween="quadratic" easing="out" condition="Container(9000).HasFocus(12) | Container(9000).HasFocus(13)">Conditional</animation>
					</control>
					<animation effect="fade" start="0" end="40" time="0" condition="true">Conditional</animation>
				</control>
				<control type="image">
					<left>600</left>
					<top>0</top>
					<width>120</width>
					<height>120</height>
					<aspectratio>keep</aspectratio>
					<texture background="true" fallback="DefaultPVRChannels.png">$INFO[PVR.NextRecordingChannelIcon]</texture>
					<bordersize>6</bordersize>
					<fadetime>125</fadetime>
				</control>
				<control type="image">
					<left>558</left>
					<top>11</top>
					<width>24</width>
					<height>24</height>
					<aspectratio>keep</aspectratio>
					<texture>PVR-HasTimer.png</texture>
					<animation effect="slide" start="0,0" end="-542,0" time="500" tween="quadratic" easing="out" condition="Container(9000).HasFocus(12) | Container(9000).HasFocus(13)">Conditional</animation>
				</control>
				<control type="label">
					<description>Next Timer Header label</description>
					<left>49</left>
					<top>2</top>
					<height>38</height>
					<width>538</width>
					<label>$LOCALIZE[19157]</label>
					<align>left</align>
					<aligny>center</aligny>
					<font>Regular18</font>
					<textcolor>selected</textcolor>
					<visible>Container(9000).HasFocus(12) | Container(9000).HasFocus(13)</visible>
					<animation effect="fade" start="0" end="100" time="500" delay="350">Visible</animation>
				</control>
				
				<control type="label">
					<description>NextRecordingTitle Channel</description>
					<left>17</left>
					<top>42</top>
					<height>36</height>
					<width>570</width>
					<label>$INFO[PVR.NextRecordingChannel]$INFO[PVR.NextRecordingTitle,  [LIGHT],[/LIGHT]]</label>
					<align>left</align>
					<aligny>center</aligny>
					<font>Regular18</font>
					<scroll>false</scroll>
					<visible>Container(9000).HasFocus(12) | Container(9000).HasFocus(13)</visible>
					<animation effect="fade" start="0" end="100" time="500" delay="350">Visible</animation>
				</control>
				<control type="label">
					<description>NextRecordingDateTime</description>
					<left>17</left>
					<top>78</top>
					<height>36</height>
					<width>570</width>
					<label>$INFO[PVR.NextRecordingDateTime,$LOCALIZE[19126]:  ]</label>
					<align>left</align>
					<aligny>center</aligny>
					<font>Light17</font>
					<textcolor>grey</textcolor>
					<scroll>false</scroll>
					<visible>Container(9000).HasFocus(12) | Container(9000).HasFocus(13)</visible>
					<animation effect="fade" start="0" end="100" time="500" delay="350">Visible</animation>
				</control>
				
			</control>
			<control type="group">
				<visible>PVR.IsRecording</visible>
				<control type="group">
					<control type="image">
						<left>542</left>
						<top>-8</top>
						<width>750</width>
						<height>135</height>
						<texture border="15" colordiffuse="FF000000">colors/white_border15.png</texture>
						<animation effect="slide" start="0,0" end="-542,0" time="500" tween="quadratic" easing="out" condition="Container(9000).HasFocus(12) | Container(9000).HasFocus(13)">Conditional</animation>
					</control>
					<animation effect="fade" start="0" end="40" time="0" condition="true">Conditional</animation>
				</control>
				<control type="image">
					<left>600</left>
					<top>0</top>
					<width>120</width>
					<height>120</height>
					<aspectratio>keep</aspectratio>
					<texture background="true" fallback="DefaultPVRChannels.png">$INFO[PVR.NowRecordingChannelIcon]</texture>
					<bordersize>6</bordersize>
					<fadetime>125</fadetime>
				</control>
				<control type="image">
					<left>553</left>
					<top>8</top>
					<width>30</width>
					<height>30</height>
					<aspectratio>keep</aspectratio>
					<texture>PVR-IsRecording.png</texture>
					<animation effect="fade" start="0" end="100" time="3000" pulse="true" reversible="true" condition="true" tween="sine" easing="out">Conditional</animation>
					<animation effect="slide" start="0,0" end="-542,0" time="500" tween="quadratic" easing="out" condition="Container(9000).HasFocus(12) | Container(9000).HasFocus(13)">Conditional</animation>
				</control>
				<control type="label">
					<description>Is Recording Header label</description>
					<left>48</left>
					<top>2</top>
					<height>38</height>
					<width>539</width>
					<label>$LOCALIZE[19158]</label>
					<align>left</align>
					<aligny>center</aligny>
					<font>Regular18</font>
					<textcolor>selected</textcolor>
					<visible>Container(9000).HasFocus(12) | Container(9000).HasFocus(13)</visible>
					<animation effect="fade" start="0" end="100" time="500" delay="350">Visible</animation>
				</control>
				
				<control type="label">
					<description>NextRecordingTitle Channel</description>
					<left>17</left>
					<top>42</top>
					<height>36</height>
					<width>570</width>
					<label>$INFO[PVR.NowRecordingChannel]$INFO[PVR.NowRecordingTitle,  [LIGHT],[/LIGHT]]</label>
					<align>left</align>
					<aligny>center</aligny>
					<font>Regular18</font>
					<scroll>false</scroll>
					<visible>Container(9000).HasFocus(12) | Container(9000).HasFocus(13)</visible>
					<animation effect="fade" start="0" end="100" time="500" delay="350">Visible</animation>
				</control>
				<control type="label">
					<description>NextRecordingDateTime</description>
					<left>17</left>
					<top>78</top>
					<height>36</height>
					<width>570</width>
					<label>$INFO[PVR.NowRecordingDateTime,$LOCALIZE[19126]:  ]</label>
					<align>left</align>
					<aligny>center</aligny>
					<font>Light17</font>
					<textcolor>grey</textcolor>
					<scroll>false</scroll>
					<visible>Container(9000).HasFocus(12) | Container(9000).HasFocus(13)</visible>
					<animation effect="fade" start="0" end="100" time="500" delay="350">Visible</animation>
				</control>
				
			</control>
		</control>
		
		
		
		<!-- Widgets -->
		
		<include>HomeScreenContentWidgets</include>
		
		
		
		<!-- HOME TOP LEFT AREA -->
		<control type="group" id="600">
			<depth>DepthMenu-</depth>
			<description>Controls for currently playing media</description>
			<left>0</left>
			<top>15</top>
			
			<include>Window_OpenClose_Animation_Full</include>
			
			<defaultcontrol always="true">601</defaultcontrol>
			
			<control type="image">
				<include>idleFadeOutMinimal</include>
				<left>18</left>
				<top>-6</top>
				<width>75</width>
				<height>75</height>
				<aspectratio>keep</aspectratio>
				<texture colordiffuse="$VAR[uiColorVariantKodiLogoColor]">kodi-logo$VAR[isUhdScreenStringSuffix].png</texture>
				<include>VisibleFadeEffect</include>
				<include>Window_OpenClose_Animation</include>
				<visible>String.IsEqual(Skin.String(HomeScreenKodiLogo),1)</visible>
			</control>
			<control type="image">
				<include>idleFadeOutMinimal</include>
				<left>18</left>
				<top>-6</top>
				<width>75</width>
				<height>75</height>
				<aspectratio>keep</aspectratio>
				<texture>_added_img/madvr-logo$VAR[isUhdScreenStringSuffix].png</texture>
				<include>VisibleFadeEffect</include>
				<include>Window_OpenClose_Animation</include>
				<visible>String.IsEqual(Skin.String(HomeScreenKodiLogo),2)</visible>
			</control>
			
			<control type="group">
				<include>idleFadeOutFull</include>
				
				<control type="radiobutton" id="601">
					<animation effect="slide" start="0,0" end="-69,0" time="0" condition="String.IsEmpty(Skin.String(HomeScreenKodiLogo)) | String.IsEqual(Skin.String(HomeScreenKodiLogo),0)">Conditional</animation>
					<left>102</left>
					<top>0</top>
					<height>60</height>
					<width>60</width>
					<radioposx>14</radioposx>
					<radioposy>14</radioposy>
					
					<include>radiobuttonQuadraticWidth</include>
					
					<texturefocus colordiffuse="$VAR[accentColorDiffuse]">osd/buttons/_FO-neutral.png</texturefocus>
					<texturenofocus></texturenofocus>
					<label></label>
					
					<onclick condition="String.IsEmpty(Skin.String(HomeScreenSearchButton)) | String.IsEqual(Skin.String(HomeScreenSearchButton),0)">ActivateWindow(1107)</onclick>
					
					<onclick condition="String.IsEqual(Skin.String(HomeScreenSearchButton),2)">SetProperty(SearchOpenedFromHome,true,home)</onclick>
					<onclick condition="String.IsEqual(Skin.String(HomeScreenSearchButton),2)">Dialog.Close(all)</onclick>
					<onclick condition="String.IsEqual(Skin.String(HomeScreenSearchButton),2)">ActivateWindow(Videos,return)</onclick>
					<onclick condition="String.IsEqual(Skin.String(HomeScreenSearchButton),2)">VideoLibrary.Search</onclick>
					
					<onclick condition="String.IsEqual(Skin.String(HomeScreenSearchButton),3) + !System.HasAddon(script.globalsearch)">InstallAddon(script.globalsearch)</onclick>
					<onclick condition="String.IsEqual(Skin.String(HomeScreenSearchButton),3) + System.HasAddon(script.globalsearch)">RunScript(script.globalsearch)</onclick>
					
					<include>IconSearchRadioTextures</include>
					
					<onleft>605</onleft>
					<onright>602</onright>
					
					
					<include>HomeScreenMiniMenuNavigation</include>
					
					
					<visible>String.IsEmpty(Skin.String(HomeScreenSearchButton)) | String.IsEqual(Skin.String(HomeScreenSearchButton),0) | String.IsEqual(Skin.String(HomeScreenSearchButton),2) | String.IsEqual(Skin.String(HomeScreenSearchButton),3)</visible>
				</control>
				
				<control type="radiobutton" id="602">
					<animation effect="slide" start="0,0" end="-66,0" time="0" condition="String.IsEqual(Skin.String(HomeScreenSearchButton),1)">Conditional</animation>
					<animation effect="slide" start="0,0" end="-69,0" time="0" condition="String.IsEmpty(Skin.String(HomeScreenKodiLogo)) | String.IsEqual(Skin.String(HomeScreenKodiLogo),0)">Conditional</animation>
					<left>168</left>
					<top>0</top>
					<height>60</height>
					<width>60</width>
					
					<include>radiobuttonQuadraticWidth</include>
					
					<radioposx>12</radioposx>
					<radioposy>13</radioposy>
					<texturefocus colordiffuse="$VAR[accentColorDiffuse]">osd/buttons/_FO-neutral.png</texturefocus>
					<texturenofocus></texturenofocus>
					<label></label>
					<onclick>ActivateWindow(ShutdownMenu)</onclick>
					
					<include>IconPowerRadioTextures</include>
					
					<onleft>601</onleft>
					<onright>603</onright>
					
					
					<include>HomeScreenMiniMenuNavigation</include>
					
					
				</control>
				
				
				
				<control type="togglebutton" id="603">
					<animation effect="slide" start="0,0" end="-66,0" time="0" condition="String.IsEqual(Skin.String(HomeScreenSearchButton),1)">Conditional</animation>
					<animation effect="slide" start="0,0" end="-69,0" time="0" condition="String.IsEmpty(Skin.String(HomeScreenKodiLogo)) | String.IsEqual(Skin.String(HomeScreenKodiLogo),0)">Conditional</animation>
					<left>255</left>
					<top>0</top>
					<height>60</height>
					<width>60</width>
					<textoffsetx>63</textoffsetx>
					<align>left</align>
					<aligny>center</aligny>
					<texturefocus>osd/buttons/OSDPauseFO-full.png</texturefocus>
					<texturenofocus>osd/buttons/OSDPauseNF-full.png</texturenofocus>
					<usealttexture>Player.Paused | Player.Forwarding | Player.Rewinding</usealttexture>
					<alttexturefocus>osd/buttons/OSDPlayFO-full.png</alttexturefocus>
					<alttexturenofocus>osd/buttons/OSDPlayNF-full.png</alttexturenofocus>
					<onleft>602</onleft>
					<onright>604</onright>
					
					
					<include>HomeScreenMiniMenuNavigation</include>
					
					
					<onclick>PlayerControl(Play)</onclick>
					<label></label>
					<visible>[Player.HasMedia + [Player.HasVideo | Player.HasAudio]] + !VideoPlayer.Content(LiveTV)</visible>
				</control>
				
				<control type="togglebutton" id="604">
					<animation effect="slide" start="0,0" end="-60,0" time="0" condition="VideoPlayer.Content(LiveTV)">Conditional</animation>
					<animation effect="slide" start="0,0" end="-66,0" time="0" condition="String.IsEqual(Skin.String(HomeScreenSearchButton),1)">Conditional</animation>
					<animation effect="slide" start="0,0" end="-69,0" time="0" condition="String.IsEmpty(Skin.String(HomeScreenKodiLogo)) | String.IsEqual(Skin.String(HomeScreenKodiLogo),0)">Conditional</animation>
					<left>315</left>
					<top>0</top>
					<height>60</height>
					<width>60</width>
					<textoffsetx>63</textoffsetx>
					<align>left</align>
					<aligny>center</aligny>
					<texturefocus>osd/buttons/OSDStopFO-full.png</texturefocus>
					<texturenofocus>osd/buttons/OSDStopNF-full.png</texturenofocus>
					<usealttexture>false</usealttexture>
					<alttexturefocus>osd/buttons/OSDStopFO-full.png</alttexturefocus>
					<alttexturenofocus>osd/buttons/OSDStopNF-full.png</alttexturenofocus>
					<onleft>603</onleft>
					<onright>605</onright>
					
					
					<include>HomeScreenMiniMenuNavigation</include>
					
					
					<onclick>PlayerControl(Stop)</onclick>
					<label></label>
					<visible>[Player.HasMedia + [Player.HasVideo | Player.HasAudio]]</visible>
				</control>
				
				<control type="togglebutton" id="605">
					<animation effect="slide" start="0,0" end="-60,0" time="0" condition="VideoPlayer.Content(LiveTV)">Conditional</animation>
					<animation effect="slide" start="0,0" end="-66,0" time="0" condition="String.IsEqual(Skin.String(HomeScreenSearchButton),1)">Conditional</animation>
					<animation effect="slide" start="0,0" end="-69,0" time="0" condition="String.IsEmpty(Skin.String(HomeScreenKodiLogo)) | String.IsEqual(Skin.String(HomeScreenKodiLogo),0)">Conditional</animation>
					<left>375</left>
					<top>0</top>
					<height>60</height>
					<width>60</width>
					<texturefocus>osd/buttons/OSDRecordOffFO-full.png</texturefocus>
					<texturenofocus>osd/buttons/OSDRecordOffNF.png</texturenofocus>
					<usealttexture>Player.Recording</usealttexture>
					<alttexturefocus>osd/buttons/OSDRecordOnFO-full.png</alttexturefocus>
					<alttexturenofocus>osd/buttons/OSDRecordOnNF.png</alttexturenofocus>
					<onleft>604</onleft>
					<onright>601</onright>
					
					
					<include>HomeScreenMiniMenuNavigation</include>
					
					
					<onclick>PlayerControl(Record)</onclick>
					<label></label>
					<visible>[Player.HasMedia + [Player.HasVideo | Player.HasAudio]] + VideoPlayer.Content(LiveTV) + Player.CanRecord</visible>
				</control>
				
				<!-- GLOBAL NOW PLAYING -->
				<control type="group">
					
					<animation effect="slide" start="0,0" end="-66,0" time="0" condition="String.IsEqual(Skin.String(HomeScreenSearchButton),1)">Conditional</animation>
					<animation effect="slide" start="0,0" end="69,0" time="0" condition="![String.IsEmpty(Skin.String(HomeScreenKodiLogo)) | String.IsEqual(Skin.String(HomeScreenKodiLogo),0)]">Conditional</animation>
					
					<include>CommonNowPlaying</include>
				</control>
				
			</control>
			
		</control>
		
		
		
		<!-- Main menu FIXEDLIST -->
		
		<control type="group">
			
			
			
			<!-- sub menu fade out help elements -->
			<include condition="!Skin.HasSetting(FirstTimeRunHomeSubMenuInfo) + !Skin.HasSetting(HomeScreenHideSubMenus) + !Skin.HasSetting(HomeScreenDontFadeOutSubMenusWhenNotInFocus)">FadeOutSubMenusHelpFadeOutSubMenuVisibility</include>
			
			
			
			<include>MainSubMenuDefaultProperties</include>
			
			<control type="fixedlist" id="9000">
				
				<left>91</left>
				<top>-60</top>
				<width>1739</width>
				<height>180</height>
				<onleft>9000</onleft>
				<onright>9000</onright>
				
				<!-- 0 centered style-->
				<onup condition="String.IsEqual(Skin.String(HomeScreenStyle),0) | String.IsEmpty(Skin.String(HomeScreenStyle))">9003</onup>
				<!-- 1 top style -->
				<onup condition="String.IsEqual(Skin.String(HomeScreenStyle),1)">600</onup>
				<!-- 2 bottom style -->
				<onup condition="String.IsEqual(Skin.String(HomeScreenStyle),2)">9003</onup>
				
				<ondown condition="Container(9000).Hasfocus(10)">9016</ondown>
				<ondown condition="Container(9000).Hasfocus(11)">9017</ondown>
				<ondown condition="Container(9000).Hasfocus(2)">9010</ondown>
				<ondown condition="Container(9000).Hasfocus(12)">9014</ondown>
				<ondown condition="Container(9000).Hasfocus(13)">9024</ondown>
				<ondown condition="Container(9000).Hasfocus(3)">9011</ondown>
				<ondown condition="Container(9000).Hasfocus(4)">9015</ondown>
				<ondown condition="Container(9000).Hasfocus(7)">9025</ondown>
				<ondown condition="Container(9000).Hasfocus(1)">9018</ondown>
				<ondown condition="Container(9000).Hasfocus(6)">9013</ondown>
				<ondown condition="Container(9000).Hasfocus(5)">9012</ondown>
				
				<ondown condition="Container(9000).Hasfocus(19) | Container(9000).Hasfocus(199)">9019</ondown><!-- Favorites (1st or 2nd-to-last @ main menu) -->
				
				<ondown>9001</ondown>
				
				<pagecontrol></pagecontrol>
				<scrolltime tween="sine" easing="inout">250</scrolltime>
				<focusposition>4</focusposition>
				<movement>99</movement>
				
				<!--
				
				Home screen main menu default focus code
				Needed for Kodi 17 (not above)
				-->
				<include condition="[!Skin.HasSetting(HomeMenuNoFavoritesButton) + Skin.HasSetting(HomeMenuFavoritesButtonMakeFirstItem)]" 
						content="setDefaultControl">
					<param name="uid" value="19" />
				</include>
				<include condition="![!Skin.HasSetting(HomeMenuNoFavoritesButton) + Skin.HasSetting(HomeMenuFavoritesButtonMakeFirstItem)] + 
									[!Skin.HasSetting(HomeMenuNoMovieButton) + Library.HasContent(Movies)]" 
						content="setDefaultControl">
					<param name="uid" value="10" />
				</include>
				<include condition="![!Skin.HasSetting(HomeMenuNoFavoritesButton) + Skin.HasSetting(HomeMenuFavoritesButtonMakeFirstItem)] + 
									![!Skin.HasSetting(HomeMenuNoMovieButton) + Library.HasContent(Movies)] + 
									[!Skin.HasSetting(HomeMenuNoTVShowButton) + Library.HasContent(TVShows)]" 
						content="setDefaultControl">
					<param name="uid" value="11" />
				</include>
				<include condition="![!Skin.HasSetting(HomeMenuNoFavoritesButton) + Skin.HasSetting(HomeMenuFavoritesButtonMakeFirstItem)] + 
									![!Skin.HasSetting(HomeMenuNoMovieButton) + Library.HasContent(Movies)] + 
									![!Skin.HasSetting(HomeMenuNoTVShowButton) + Library.HasContent(TVShows)] + 
									[!Skin.HasSetting(HomeMenuNoVideosButton)]" 
						content="setDefaultControl">
					<param name="uid" value="2" />
				</include>
				<include condition="![!Skin.HasSetting(HomeMenuNoFavoritesButton) + Skin.HasSetting(HomeMenuFavoritesButtonMakeFirstItem)] + 
									![!Skin.HasSetting(HomeMenuNoMovieButton) + Library.HasContent(Movies)] + 
									![!Skin.HasSetting(HomeMenuNoTVShowButton) + Library.HasContent(TVShows)] + 
									![!Skin.HasSetting(HomeMenuNoVideosButton)] + 
									[!Skin.HasSetting(HomeMenuNoPVRTVButton) + System.HasPVRAddon]" 
						content="setDefaultControl">
					<param name="uid" value="12" />
				</include>
				<include condition="![!Skin.HasSetting(HomeMenuNoFavoritesButton) + Skin.HasSetting(HomeMenuFavoritesButtonMakeFirstItem)] + 
									![!Skin.HasSetting(HomeMenuNoMovieButton) + Library.HasContent(Movies)] + 
									![!Skin.HasSetting(HomeMenuNoTVShowButton) + Library.HasContent(TVShows)] + 
									![!Skin.HasSetting(HomeMenuNoVideosButton)] + 
									![!Skin.HasSetting(HomeMenuNoPVRTVButton) + System.HasPVRAddon] + 
									[!Skin.HasSetting(HomeMenuNoPVRRadioButton) + System.HasPVRAddon]" 
						content="setDefaultControl">
					<param name="uid" value="13" />
				</include>
				<include condition="![!Skin.HasSetting(HomeMenuNoFavoritesButton) + Skin.HasSetting(HomeMenuFavoritesButtonMakeFirstItem)] + 
									![!Skin.HasSetting(HomeMenuNoMovieButton) + Library.HasContent(Movies)] + 
									![!Skin.HasSetting(HomeMenuNoTVShowButton) + Library.HasContent(TVShows)] + 
									![!Skin.HasSetting(HomeMenuNoVideosButton)] + 
									![!Skin.HasSetting(HomeMenuNoPVRTVButton) + System.HasPVRAddon] + 
									![!Skin.HasSetting(HomeMenuNoPVRRadioButton) + System.HasPVRAddon] + 
									[!Skin.HasSetting(HomeMenuNoMusicButton)]" 
						content="setDefaultControl">
					<param name="uid" value="3" />
				</include>
				<include condition="![!Skin.HasSetting(HomeMenuNoFavoritesButton) + Skin.HasSetting(HomeMenuFavoritesButtonMakeFirstItem)] + 
									![!Skin.HasSetting(HomeMenuNoMovieButton) + Library.HasContent(Movies)] + 
									![!Skin.HasSetting(HomeMenuNoTVShowButton) + Library.HasContent(TVShows)] + 
									![!Skin.HasSetting(HomeMenuNoVideosButton)] + 
									![!Skin.HasSetting(HomeMenuNoPVRTVButton) + System.HasPVRAddon] + 
									![!Skin.HasSetting(HomeMenuNoPVRRadioButton) + System.HasPVRAddon] + 
									![!Skin.HasSetting(HomeMenuNoMusicButton)] + 
									[!Skin.HasSetting(HomeMenuNoPicturesButton)]" 
						content="setDefaultControl">
					<param name="uid" value="4" />
				</include>
				<include condition="![!Skin.HasSetting(HomeMenuNoFavoritesButton) + Skin.HasSetting(HomeMenuFavoritesButtonMakeFirstItem)] + 
									![!Skin.HasSetting(HomeMenuNoMovieButton) + Library.HasContent(Movies)] + 
									![!Skin.HasSetting(HomeMenuNoTVShowButton) + Library.HasContent(TVShows)] + 
									![!Skin.HasSetting(HomeMenuNoVideosButton)] + 
									![!Skin.HasSetting(HomeMenuNoPVRTVButton) + System.HasPVRAddon] + 
									![!Skin.HasSetting(HomeMenuNoPVRRadioButton) + System.HasPVRAddon] + 
									![!Skin.HasSetting(HomeMenuNoMusicButton)] + 
									![!Skin.HasSetting(HomeMenuNoPicturesButton)] + 
									[!Skin.HasSetting(HomeMenuNoWeatherButton)]" 
						content="setDefaultControl">
					<param name="uid" value="7" />
				</include>
				<include condition="![!Skin.HasSetting(HomeMenuNoFavoritesButton) + Skin.HasSetting(HomeMenuFavoritesButtonMakeFirstItem)] + 
									![!Skin.HasSetting(HomeMenuNoMovieButton) + Library.HasContent(Movies)] + 
									![!Skin.HasSetting(HomeMenuNoTVShowButton) + Library.HasContent(TVShows)] + 
									![!Skin.HasSetting(HomeMenuNoVideosButton)] + 
									![!Skin.HasSetting(HomeMenuNoPVRTVButton) + System.HasPVRAddon] + 
									![!Skin.HasSetting(HomeMenuNoPVRRadioButton) + System.HasPVRAddon] + 
									![!Skin.HasSetting(HomeMenuNoMusicButton)] + 
									![!Skin.HasSetting(HomeMenuNoPicturesButton)] + 
									![!Skin.HasSetting(HomeMenuNoWeatherButton)] + 
									[!Skin.HasSetting(HomeMenuNoProgramsButton)]" 
						content="setDefaultControl">
					<param name="uid" value="1" />
				</include>
				<include condition="![!Skin.HasSetting(HomeMenuNoFavoritesButton) + Skin.HasSetting(HomeMenuFavoritesButtonMakeFirstItem)] + 
									![!Skin.HasSetting(HomeMenuNoMovieButton) + Library.HasContent(Movies)] + 
									![!Skin.HasSetting(HomeMenuNoTVShowButton) + Library.HasContent(TVShows)] + 
									![!Skin.HasSetting(HomeMenuNoVideosButton)] + 
									![!Skin.HasSetting(HomeMenuNoPVRTVButton) + System.HasPVRAddon] + 
									![!Skin.HasSetting(HomeMenuNoPVRRadioButton) + System.HasPVRAddon] + 
									![!Skin.HasSetting(HomeMenuNoMusicButton)] + 
									![!Skin.HasSetting(HomeMenuNoPicturesButton)] + 
									![!Skin.HasSetting(HomeMenuNoWeatherButton)] + 
									![!Skin.HasSetting(HomeMenuNoProgramsButton)] + 
									[!Skin.HasSetting(HomeMenuNoPlayDiscButton) + System.HasMediaDVD]" 
						content="setDefaultControl">
					<param name="uid" value="6" />
				</include>
				<include condition="![!Skin.HasSetting(HomeMenuNoFavoritesButton) + Skin.HasSetting(HomeMenuFavoritesButtonMakeFirstItem)] + 
									![!Skin.HasSetting(HomeMenuNoMovieButton) + Library.HasContent(Movies)] + 
									![!Skin.HasSetting(HomeMenuNoTVShowButton) + Library.HasContent(TVShows)] + 
									![!Skin.HasSetting(HomeMenuNoVideosButton)] + 
									![!Skin.HasSetting(HomeMenuNoPVRTVButton) + System.HasPVRAddon] + 
									![!Skin.HasSetting(HomeMenuNoPVRRadioButton) + System.HasPVRAddon] + 
									![!Skin.HasSetting(HomeMenuNoMusicButton)] + 
									![!Skin.HasSetting(HomeMenuNoPicturesButton)] + 
									![!Skin.HasSetting(HomeMenuNoWeatherButton)] + 
									![!Skin.HasSetting(HomeMenuNoProgramsButton)] + 
									![!Skin.HasSetting(HomeMenuNoPlayDiscButton) + System.HasMediaDVD]" 
						content="setDefaultControl">
					<param name="uid" value="5" />
				</include>
				
				
				<orientation>Horizontal</orientation>
				
				<animation effect="slide" start="0,0" end="87,0" time="0" condition="Integer.IsEqual(Container(9000).NumItems,1) | Integer.IsEqual(Container(9000).NumItems,3) | Integer.IsEqual(Container(9000).NumItems,5) | Integer.IsEqual(Container(9000).NumItems,7) | Integer.IsEqual(Container(9000).NumItems,9)">Conditional</animation>
				
				<!-- MAIN MENU itemlayout -->
				<itemlayout height="180" width="174">
					<control type="image">
						
						<animation effect="slide" start="0,0" end="-1,0" time="0" condition="String.IsEqual(ListItem.Label,$LOCALIZE[13000])">Conditional</animation>
						
						<left>17</left>
						<top>44</top>
						<width>140</width>
						<height>92</height>
						<aspectratio>scale</aspectratio>
						<texture background="true" colordiffuse="b9848484">$INFO[ListItem.Icon]</texture>
					</control>
				</itemlayout>
				
				<!-- MAIN MENU focusedlayout -->
				<focusedlayout height="180" width="174">
					
					<control type="group">
						
						<control type="image">
							
							<visible>!String.IsEqual(ListItem.Label,$LOCALIZE[13000])</visible>
							
							<left>0</left>
							<top>0</top>
							<width>174</width>
							<height>180</height>
							<texture colordiffuse="$VAR[mainMenuColorDiffuseInActive]" diffuse="colors/diffuse/174x180-rounded.png">_added_img/main_menu-inactive.png</texture>
							<aspectratio scalediffuse="false">stretch</aspectratio>
							<visible>!Control.HasFocus(9000)</visible>
						</control>
						
						<control type="image">
							
							<visible>String.IsEqual(ListItem.Label,$LOCALIZE[13000])</visible>
							
							<animation effect="slide" start="0,0" end="-1,0" time="0" condition="String.IsEqual(ListItem.Label,$LOCALIZE[13000])">Conditional</animation>
							
							<left>0</left>
							<top>0</top>
							<width>173</width>
							<height>180</height>
							<texture colordiffuse="$VAR[mainMenuColorDiffuseInActive]" diffuse="colors/diffuse/173x180-rounded.png">_added_img/main_menu-inactive.png</texture>
							<aspectratio scalediffuse="false">stretch</aspectratio>
							<visible>!Control.HasFocus(9000)</visible>
						</control>
						
					</control>
					
					<control type="image">
						
						<visible>!String.IsEqual(ListItem.Label,$LOCALIZE[13000])</visible>
						
						<left>0</left>
						<top>0</top>
						<width>174</width>
						<height>180</height>
						<texture colordiffuse="$VAR[mainMenuColorDiffuseActive]" diffuse="colors/diffuse/174x180-rounded.png">_added_img/main_menu.png</texture>
						<aspectratio scalediffuse="false">stretch</aspectratio>
						<visible>Control.HasFocus(9000)</visible>
						<animation effect="fade" end="100" time="0">Visible</animation>
						<animation effect="fade" end="0" time="500">Hidden</animation>
						<animation effect="zoom" start="90" end="100" time="500" tween="sine" center="87,90">Focus</animation>
					</control>
					
					<control type="image">
						
						<visible>String.IsEqual(ListItem.Label,$LOCALIZE[13000])</visible>
						
						<animation effect="slide" start="0,0" end="-1,0" time="0" condition="String.IsEqual(ListItem.Label,$LOCALIZE[13000])">Conditional</animation>
						
						<left>0</left>
						<top>0</top>
						<width>173</width>
						<height>180</height>
						<texture colordiffuse="$VAR[mainMenuColorDiffuseActive]" diffuse="colors/diffuse/173x180-rounded.png">_added_img/main_menu.png</texture>
						<aspectratio scalediffuse="false">stretch</aspectratio>
						<visible>Control.HasFocus(9000)</visible>
						<animation effect="fade" end="100" time="0">Visible</animation>
						<animation effect="fade" end="0" time="500">Hidden</animation>
						<animation effect="zoom" start="90" end="100" time="500" tween="sine" center="87,90">Focus</animation>
					</control>
					
					<control type="image">
						
						<animation effect="slide" start="0,0" end="-1,0" time="0" condition="String.IsEqual(ListItem.Label,$LOCALIZE[13000])">Conditional</animation>
						
						<left>9</left>
						<top>39</top>
						<width>156</width>
						<height>102</height>
						<aspectratio>scale</aspectratio>
						<texture>$INFO[ListItem.Icon]</texture>
						<animation effect="slide" start="0,0" end="0,-21" time="500" tween="quadratic" easing="out">Focus</animation>
						<animation effect="slide" start="0,-21" end="0,0" time="200" tween="quadratic" easing="out">UnFocus</animation>
						<animation effect="fade" start="100" end="85" time="500" condition="!Control.HasFocus(9000)">Conditional</animation>
					</control>
					
					<control type="label">
						
						<animation effect="slide" start="0,0" end="-1,0" time="0" condition="String.IsEqual(ListItem.Label,$LOCALIZE[13000])">Conditional</animation>
						
						<left>0</left>
						<top>96</top>
						<width>174</width>
						<height>75</height>
						<font>Regular_Wider+_23</font>
						<textcolor>white</textcolor>
						<align>center</align>
						<aligny>center</aligny>
						<label>$INFO[ListItem.Label]</label>
						<visible>Control.HasFocus(9000)</visible>
						
						<animation effect="fade" end="100" time="500">Visible</animation>
						<animation effect="fade" end="0" time="200">Hidden</animation>
						
						<animation effect="fade" end="100" time="500">Focus</animation>
						<animation effect="fade" end="0" time="200">UnFocus</animation>
					</control>
					
				</focusedlayout>
				
				<!-- MAIN MENU CONTENT -->
				<content>
					
					
					<item id="19">
						<label>$LOCALIZE[1036]</label>
						
						<!-- Kodi 17-20 -->
						<onclick condition="[String.StartsWith(System.BuildVersion,17.) | String.StartsWith(System.BuildVersion,18.) | String.StartsWith(System.BuildVersion,19.) | String.StartsWith(System.BuildVersion,20.)]">ActivateWindow(Favourites)</onclick>
						<!-- Kodi 21+ -->
						<onclick condition="![String.StartsWith(System.BuildVersion,17.) | String.StartsWith(System.BuildVersion,18.) | String.StartsWith(System.BuildVersion,19.) | String.StartsWith(System.BuildVersion,20.)]">ActivateWindow(FavouritesBrowser)</onclick>
						
						<icon>home_icons/uhd/_home_icon_favorites.png</icon>
						<visible>!Skin.HasSetting(HomeMenuNoFavoritesButton) + Skin.HasSetting(HomeMenuFavoritesButtonMakeFirstItem)</visible>
					</item>
					<item id="10">
						<label>342</label>
						<onclick>ActivateWindow(Videos,MovieTitles,return)</onclick>
						<icon>home_icons/uhd/_home_icon_movies.png</icon>
						<visible>!Skin.HasSetting(HomeMenuNoMovieButton) + Library.HasContent(Movies)</visible>
					</item>
					<item id="11">
						<label>20343</label>
						<onclick>ActivateWindow(Videos,TVShowTitles,return)</onclick>
						<icon>home_icons/uhd/_home_icon_tvshows.png</icon>
						<visible>!Skin.HasSetting(HomeMenuNoTVShowButton) + Library.HasContent(TVShows)</visible>
					</item>
					<item id="2">
						<label>3</label>
						<onclick>ActivateWindow(Videos,root)</onclick>
						<icon>home_icons/uhd/_home_icon_videos$VAR[VideosIconAlternativeSuffix].png</icon>
						<visible>!Skin.HasSetting(HomeMenuNoVideosButton)</visible>
					</item>
					<item id="12">
						<label>19020</label>
						<onclick condition="PVR.HasTVChannels">ActivateWindow(TVChannels)</onclick>
						<include>PVRTVNoChannelsOnClickNotify</include>
						<icon>home_icons/uhd/_home_icon_tv.png</icon>
						<visible>!Skin.HasSetting(HomeMenuNoPVRTVButton) + System.HasPVRAddon</visible>
					</item>
					<item id="13">
						<label>19021</label>
						<onclick condition="PVR.HasRadioChannels">ActivateWindow(RadioChannels)</onclick>
						<include>PVRRadioNoChannelsOnClickNotify</include>
						<icon>home_icons/uhd/_home_icon_radio.png</icon>
						<visible>!Skin.HasSetting(HomeMenuNoPVRRadioButton) + System.HasPVRAddon</visible>
					</item>
					<item id="3">
						<label>2</label>
						<onclick>ActivateWindow(Music,root)</onclick>
						<icon>home_icons/uhd/_home_icon_music.png</icon>
						<visible>!Skin.HasSetting(HomeMenuNoMusicButton)</visible>
					</item>
					<item id="4">
						<label>1</label>
						<onclick>ActivateWindow(Pictures)</onclick>
						<icon>home_icons/uhd/_home_icon_pictures.png</icon>
						<visible>!Skin.HasSetting(HomeMenuNoPicturesButton)</visible>
					</item>
					<item id="7">
						<label>8</label>
						<onclick condition="!String.IsEmpty(Weather.Plugin)">ActivateWindow(Weather)</onclick>
						<onclick condition="String.IsEmpty(Weather.Plugin)">ActivateWindow(servicesettings,weather)</onclick>
						<icon>home_icons/uhd/_home_icon_weather.png</icon>
						<visible>!Skin.HasSetting(HomeMenuNoWeatherButton)</visible>
					</item>
					<item id="1">
						<label>24001</label>
						<onclick>ActivateWindow(AddonBrowser)</onclick>
						<icon>home_icons/uhd/_home_icon_addons.png</icon>
						<visible>!Skin.HasSetting(HomeMenuNoProgramsButton)</visible>
					</item>
					<item id="6">
						<label>341</label>
						<onclick>PlayDVD()</onclick>
						<icon>home_icons/uhd/_home_icon_playdvd.png</icon>
						<visible>!Skin.HasSetting(HomeMenuNoPlayDiscButton) + System.HasMediaDVD</visible>
					</item>
					<item id="199">
						<label>$LOCALIZE[1036]</label>
						
						<!-- Kodi 17-20 -->
						<onclick condition="[String.StartsWith(System.BuildVersion,17.) | String.StartsWith(System.BuildVersion,18.) | String.StartsWith(System.BuildVersion,19.) | String.StartsWith(System.BuildVersion,20.)]">ActivateWindow(Favourites)</onclick>
						<!-- Kodi 21+ -->
						<onclick condition="![String.StartsWith(System.BuildVersion,17.) | String.StartsWith(System.BuildVersion,18.) | String.StartsWith(System.BuildVersion,19.) | String.StartsWith(System.BuildVersion,20.)]">ActivateWindow(FavouritesBrowser)</onclick>
						
						<icon>home_icons/uhd/_home_icon_favorites.png</icon>
						<visible>!Skin.HasSetting(HomeMenuNoFavoritesButton) + !Skin.HasSetting(HomeMenuFavoritesButtonMakeFirstItem)</visible>
					</item>
					<item id="5">
						<label>13000</label>
						<onclick>ActivateWindow(Settings)</onclick>
						<icon>home_icons/uhd/_home_icon_settings.png</icon>
					</item>
				</content>
				
				
			</control>
			
			<!-- main menu scrollable items available indicator LEFT -->
			<control type="image">
				<left>84</left>
				<top>-60</top>
				<width>40</width>
				<height>180</height>
				<texture colordiffuse="FF262626">_added_img/mainmenu-scroll-indicator.png</texture>
				<visible>Integer.IsGreater(Container(9000).NumItems,10) + 
						[ Integer.IsGreater(Container(9000).CurrentItem,5) ]</visible>
				<include>VisibleFadeEffect</include>
			</control>
			<!-- main menu scrollable items available indicator RIGHT -->
			<control type="image">
				<left>1796</left>
				<top>-60</top>
				<width>40</width>
				<height>180</height>
				<texture colordiffuse="FF262626" flipx="true">_added_img/mainmenu-scroll-indicator.png</texture>
				<visible>Integer.IsGreater(Container(9000).NumItems,10) + 
						[
						[ Integer.IsEqual(Container(9000).NumItems,11) + Integer.IsLess(Container(9000).Currentitem,6) ] | 
						[ Integer.IsEqual(Container(9000).NumItems,12) + Integer.IsLess(Container(9000).Currentitem,7) ] | 
						[ Integer.IsEqual(Container(9000).NumItems,13) + Integer.IsLess(Container(9000).Currentitem,8) ]
						]</visible>
				<include>VisibleFadeEffect</include>
			</control>
			
		</control>
		
		<!-- Add-on shortcuts -->
		<control type="group" id="9002">
			
			
			<!-- 2 bottom style -->
			<animation effect="slide" start="0,0" end="0,-700" time="0" condition="String.IsEqual(Skin.String(HomeScreenStyle),2)">Conditional</animation>
			
			
			<include>idleFadeOutFull</include>
			<depth>DepthMenu</depth>
			
			
			<include>HomeScreenAddonShortcutsNavigation</include>
			
			
			
			
			<!-- FAVORITES -->
			<control type="fixedlist" id="709">
				<animation effect="slide" start="0,0" end="-137,0" time="0" condition="Integer.IsEqual(Container(709).NumItems,2) | Integer.IsEqual(Container(709).NumItems,4) | Integer.IsEqual(Container(709).NumItems,6)">Conditional</animation>
				<visible>Container(9000).HasFocus(19) | Container(9000).HasFocus(199)</visible>
				<onleft>709</onleft>
				<onright>709</onright>
				
				
				<include>HomeScreenAddonShortcutsNavigation</include>
				
				
				<include condition="[!String.IsEmpty(Skin.String(HomeFavoritesButton1))]" 
						content="setDefaultControlAlways">
					<param name="uid" value="900201" />
				</include>
				<include condition="![!String.IsEmpty(Skin.String(HomeFavoritesButton1))] + 
									[!String.IsEmpty(Skin.String(HomeFavoritesButton2))]" 
						content="setDefaultControlAlways">
					<param name="uid" value="900202" />
				</include>
				<include condition="![!String.IsEmpty(Skin.String(HomeFavoritesButton1))] + 
									![!String.IsEmpty(Skin.String(HomeFavoritesButton2))] + 
									[!String.IsEmpty(Skin.String(HomeFavoritesButton3))]" 
						content="setDefaultControlAlways">
					<param name="uid" value="900203" />
				</include>
				<include condition="![!String.IsEmpty(Skin.String(HomeFavoritesButton1))] + 
									![!String.IsEmpty(Skin.String(HomeFavoritesButton2))] + 
									![!String.IsEmpty(Skin.String(HomeFavoritesButton3))] + 
									[!String.IsEmpty(Skin.String(HomeFavoritesButton4))]" 
						content="setDefaultControlAlways">
					<param name="uid" value="900204" />
				</include>
				<include condition="![!String.IsEmpty(Skin.String(HomeFavoritesButton1))] + 
									![!String.IsEmpty(Skin.String(HomeFavoritesButton2))] + 
									![!String.IsEmpty(Skin.String(HomeFavoritesButton3))] + 
									![!String.IsEmpty(Skin.String(HomeFavoritesButton4))] + 
									[!String.IsEmpty(Skin.String(HomeFavoritesButton5))]" 
						content="setDefaultControlAlways">
					<param name="uid" value="900205" />
				</include>
				<include condition="![!String.IsEmpty(Skin.String(HomeFavoritesButton1))] + 
									![!String.IsEmpty(Skin.String(HomeFavoritesButton2))] + 
									![!String.IsEmpty(Skin.String(HomeFavoritesButton3))] + 
									![!String.IsEmpty(Skin.String(HomeFavoritesButton4))] + 
									![!String.IsEmpty(Skin.String(HomeFavoritesButton5))] + 
									[!String.IsEmpty(Skin.String(HomeFavoritesButton6))]" 
						content="setDefaultControlAlways">
					<param name="uid" value="900206" />
				</include>
				<include condition="![!String.IsEmpty(Skin.String(HomeFavoritesButton1))] + 
									![!String.IsEmpty(Skin.String(HomeFavoritesButton2))] + 
									![!String.IsEmpty(Skin.String(HomeFavoritesButton3))] + 
									![!String.IsEmpty(Skin.String(HomeFavoritesButton4))] + 
									![!String.IsEmpty(Skin.String(HomeFavoritesButton5))] + 
									![!String.IsEmpty(Skin.String(HomeFavoritesButton6))] + 
									[!String.IsEmpty(Skin.String(HomeFavoritesButton7))]" 
						content="setDefaultControlAlways">
					<param name="uid" value="900207" />
				</include>
				<include>HomeAddonsCommonLayout</include>
				<content>
					<include condition="!Skin.HasSetting(HomeScreenHideAddonShortcuts)">HomeAddonItemsFavorites</include>
				</content>
			</control>
			
			
			<!-- MOVIES, TV SHOWS, VIDEOS -->
			<control type="fixedlist" id="700">
				<animation effect="slide" start="0,0" end="-137,0" time="0" condition="Integer.IsEqual(Container(700).NumItems,2) | Integer.IsEqual(Container(700).NumItems,4) | Integer.IsEqual(Container(700).NumItems,6)">Conditional</animation>
				<visible>Container(9000).HasFocus(2) | Container(9000).HasFocus(10) | Container(9000).HasFocus(11)</visible>
				<onleft>700</onleft>
				<onright>700</onright>
				
				
				<include>HomeScreenAddonShortcutsNavigation</include>
				
				
				<include condition="[Skin.HasSetting(HomeVideosButtonSuperFolder1) + Skin.HasSetting(HomeVideosButtonSuperFolder1StartWith)]" 
						content="setDefaultControlAlways">
					<param name="uid" value="900211" />
				</include>
				<include condition="![Skin.HasSetting(HomeVideosButtonSuperFolder1) + Skin.HasSetting(HomeVideosButtonSuperFolder1StartWith)] + 
									[!String.IsEmpty(Skin.String(HomeVideosButton1))]" 
						content="setDefaultControlAlways">
					<param name="uid" value="900212" />
				</include>
				<include condition="![Skin.HasSetting(HomeVideosButtonSuperFolder1) + Skin.HasSetting(HomeVideosButtonSuperFolder1StartWith)] + 
									![!String.IsEmpty(Skin.String(HomeVideosButton1))] + 
									[!String.IsEmpty(Skin.String(HomeVideosButton2))]" 
						content="setDefaultControlAlways">
					<param name="uid" value="900213" />
				</include>
				<include condition="![Skin.HasSetting(HomeVideosButtonSuperFolder1) + Skin.HasSetting(HomeVideosButtonSuperFolder1StartWith)] + 
									![!String.IsEmpty(Skin.String(HomeVideosButton1))] + 
									![!String.IsEmpty(Skin.String(HomeVideosButton2))] + 
									[!String.IsEmpty(Skin.String(HomeVideosButton3))]" 
						content="setDefaultControlAlways">
					<param name="uid" value="900214" />
				</include>
				<include condition="![Skin.HasSetting(HomeVideosButtonSuperFolder1) + Skin.HasSetting(HomeVideosButtonSuperFolder1StartWith)] + 
									![!String.IsEmpty(Skin.String(HomeVideosButton1))] + 
									![!String.IsEmpty(Skin.String(HomeVideosButton2))] + 
									![!String.IsEmpty(Skin.String(HomeVideosButton3))] + 
									[!String.IsEmpty(Skin.String(HomeVideosButton4))]" 
						content="setDefaultControlAlways">
					<param name="uid" value="900215" />
				</include>
				<include condition="![Skin.HasSetting(HomeVideosButtonSuperFolder1) + Skin.HasSetting(HomeVideosButtonSuperFolder1StartWith)] + 
									![!String.IsEmpty(Skin.String(HomeVideosButton1))] + 
									![!String.IsEmpty(Skin.String(HomeVideosButton2))] + 
									![!String.IsEmpty(Skin.String(HomeVideosButton3))] + 
									![!String.IsEmpty(Skin.String(HomeVideosButton4))] + 
									[!String.IsEmpty(Skin.String(HomeVideosButton5))]" 
						content="setDefaultControlAlways">
					<param name="uid" value="900216" />
				</include>
				<include condition="![Skin.HasSetting(HomeVideosButtonSuperFolder1) + Skin.HasSetting(HomeVideosButtonSuperFolder1StartWith)] + 
									![!String.IsEmpty(Skin.String(HomeVideosButton1))] + 
									![!String.IsEmpty(Skin.String(HomeVideosButton2))] + 
									![!String.IsEmpty(Skin.String(HomeVideosButton3))] + 
									![!String.IsEmpty(Skin.String(HomeVideosButton4))] + 
									![!String.IsEmpty(Skin.String(HomeVideosButton5))] + 
									[!String.IsEmpty(Skin.String(HomeVideosButton6))]" 
						content="setDefaultControlAlways">
					<param name="uid" value="900217" />
				</include>
				<include condition="![Skin.HasSetting(HomeVideosButtonSuperFolder1) + Skin.HasSetting(HomeVideosButtonSuperFolder1StartWith)] + 
									![!String.IsEmpty(Skin.String(HomeVideosButton1))] + 
									![!String.IsEmpty(Skin.String(HomeVideosButton2))] + 
									![!String.IsEmpty(Skin.String(HomeVideosButton3))] + 
									![!String.IsEmpty(Skin.String(HomeVideosButton4))] + 
									![!String.IsEmpty(Skin.String(HomeVideosButton5))] + 
									![!String.IsEmpty(Skin.String(HomeVideosButton6))] + 
									[!String.IsEmpty(Skin.String(HomeVideosButton7))]" 
						content="setDefaultControlAlways">
					<param name="uid" value="900218" />
				</include>
				<include condition="![Skin.HasSetting(HomeVideosButtonSuperFolder1) + Skin.HasSetting(HomeVideosButtonSuperFolder1StartWith)] + 
									![!String.IsEmpty(Skin.String(HomeVideosButton1))] + 
									![!String.IsEmpty(Skin.String(HomeVideosButton2))] + 
									![!String.IsEmpty(Skin.String(HomeVideosButton3))] + 
									![!String.IsEmpty(Skin.String(HomeVideosButton4))] + 
									![!String.IsEmpty(Skin.String(HomeVideosButton5))] + 
									![!String.IsEmpty(Skin.String(HomeVideosButton6))] + 
									![!String.IsEmpty(Skin.String(HomeVideosButton7))] + 
									[Skin.HasSetting(HomeVideosButtonSuperFolder1) + !Skin.HasSetting(HomeVideosButtonSuperFolder1StartWith)]" 
						content="setDefaultControlAlways">
					<param name="uid" value="900219" />
				</include>
				<include>HomeAddonsCommonLayout</include>
				<content>
					<include condition="!Skin.HasSetting(HomeScreenHideAddonShortcuts)">HomeAddonItemsVideos</include>
				</content>
			</control>
			
			
			<!-- PVR -->
			<control type="fixedlist" id="706">
				<animation effect="slide" start="0,0" end="-137,0" time="0" condition="Integer.IsEqual(Container(706).NumItems,2) | Integer.IsEqual(Container(706).NumItems,4) | Integer.IsEqual(Container(706).NumItems,6)">Conditional</animation>
				<visible>Container(9000).HasFocus(12) | Container(9000).HasFocus(13)</visible>
				<onleft>706</onleft>
				<onright>706</onright>
				
				
				<include>HomeScreenAddonShortcutsNavigation</include>
				
				
				<include condition="[!String.IsEmpty(Skin.String(HomePVRButton1))]" 
						content="setDefaultControlAlways">
					<param name="uid" value="900221" />
				</include>
				<include condition="![!String.IsEmpty(Skin.String(HomePVRButton1))] + 
									[!String.IsEmpty(Skin.String(HomePVRButton2))]" 
						content="setDefaultControlAlways">
					<param name="uid" value="900222" />
				</include>
				<include condition="![!String.IsEmpty(Skin.String(HomePVRButton1))] + 
									![!String.IsEmpty(Skin.String(HomePVRButton2))] + 
									[!String.IsEmpty(Skin.String(HomePVRButton3))]" 
						content="setDefaultControlAlways">
					<param name="uid" value="900223" />
				</include>
				<include condition="![!String.IsEmpty(Skin.String(HomePVRButton1))] + 
									![!String.IsEmpty(Skin.String(HomePVRButton2))] + 
									![!String.IsEmpty(Skin.String(HomePVRButton3))] + 
									[!String.IsEmpty(Skin.String(HomePVRButton4))]" 
						content="setDefaultControlAlways">
					<param name="uid" value="900224" />
				</include>
				<include condition="![!String.IsEmpty(Skin.String(HomePVRButton1))] + 
									![!String.IsEmpty(Skin.String(HomePVRButton2))] + 
									![!String.IsEmpty(Skin.String(HomePVRButton3))] + 
									![!String.IsEmpty(Skin.String(HomePVRButton4))] + 
									[!String.IsEmpty(Skin.String(HomePVRButton5))]" 
						content="setDefaultControlAlways">
					<param name="uid" value="900225" />
				</include>
				<include condition="![!String.IsEmpty(Skin.String(HomePVRButton1))] + 
									![!String.IsEmpty(Skin.String(HomePVRButton2))] + 
									![!String.IsEmpty(Skin.String(HomePVRButton3))] + 
									![!String.IsEmpty(Skin.String(HomePVRButton4))] + 
									![!String.IsEmpty(Skin.String(HomePVRButton5))] + 
									[!String.IsEmpty(Skin.String(HomePVRButton6))]" 
						content="setDefaultControlAlways">
					<param name="uid" value="900226" />
				</include>
				<include condition="![!String.IsEmpty(Skin.String(HomePVRButton1))] + 
									![!String.IsEmpty(Skin.String(HomePVRButton2))] + 
									![!String.IsEmpty(Skin.String(HomePVRButton3))] + 
									![!String.IsEmpty(Skin.String(HomePVRButton4))] + 
									![!String.IsEmpty(Skin.String(HomePVRButton5))] + 
									![!String.IsEmpty(Skin.String(HomePVRButton6))] + 
									[!String.IsEmpty(Skin.String(HomePVRButton7))]" 
						content="setDefaultControlAlways">
					<param name="uid" value="900227" />
				</include>
				<include>HomeAddonsCommonLayout</include>
				<content>
					<include condition="!Skin.HasSetting(HomeScreenHideAddonShortcuts)">HomeAddonItemsPVR</include>
				</content>
			</control>
			
			
			<!-- MUSIC -->
			<control type="fixedlist" id="703">
				<animation effect="slide" start="0,0" end="-137,0" time="0" condition="Integer.IsEqual(Container(703).NumItems,2) | Integer.IsEqual(Container(703).NumItems,4) | Integer.IsEqual(Container(703).NumItems,6)">Conditional</animation>
				<visible>Container(9000).HasFocus(3)</visible>
				<onleft>703</onleft>
				<onright>703</onright>
				
				
				<include>HomeScreenAddonShortcutsNavigation</include>
				
				
				<include condition="[!String.IsEmpty(Skin.String(HomeMusicButton1))]" 
						content="setDefaultControlAlways">
					<param name="uid" value="900231" />
				</include>
				<include condition="![!String.IsEmpty(Skin.String(HomeMusicButton1))] + 
									[!String.IsEmpty(Skin.String(HomeMusicButton2))]" 
						content="setDefaultControlAlways">
					<param name="uid" value="900232" />
				</include>
				<include condition="![!String.IsEmpty(Skin.String(HomeMusicButton1))] + 
									![!String.IsEmpty(Skin.String(HomeMusicButton2))] + 
									[!String.IsEmpty(Skin.String(HomeMusicButton3))]" 
						content="setDefaultControlAlways">
					<param name="uid" value="900233" />
				</include>
				<include condition="![!String.IsEmpty(Skin.String(HomeMusicButton1))] + 
									![!String.IsEmpty(Skin.String(HomeMusicButton2))] + 
									![!String.IsEmpty(Skin.String(HomeMusicButton3))] + 
									[!String.IsEmpty(Skin.String(HomeMusicButton4))]" 
						content="setDefaultControlAlways">
					<param name="uid" value="900234" />
				</include>
				<include condition="![!String.IsEmpty(Skin.String(HomeMusicButton1))] + 
									![!String.IsEmpty(Skin.String(HomeMusicButton2))] + 
									![!String.IsEmpty(Skin.String(HomeMusicButton3))] + 
									![!String.IsEmpty(Skin.String(HomeMusicButton4))] + 
									[!String.IsEmpty(Skin.String(HomeMusicButton5))]" 
						content="setDefaultControlAlways">
					<param name="uid" value="900235" />
				</include>
				<include condition="![!String.IsEmpty(Skin.String(HomeMusicButton1))] + 
									![!String.IsEmpty(Skin.String(HomeMusicButton2))] + 
									![!String.IsEmpty(Skin.String(HomeMusicButton3))] + 
									![!String.IsEmpty(Skin.String(HomeMusicButton4))] + 
									![!String.IsEmpty(Skin.String(HomeMusicButton5))] + 
									[!String.IsEmpty(Skin.String(HomeMusicButton6))]" 
						content="setDefaultControlAlways">
					<param name="uid" value="900236" />
				</include>
				<include condition="![!String.IsEmpty(Skin.String(HomeMusicButton1))] + 
									![!String.IsEmpty(Skin.String(HomeMusicButton2))] + 
									![!String.IsEmpty(Skin.String(HomeMusicButton3))] + 
									![!String.IsEmpty(Skin.String(HomeMusicButton4))] + 
									![!String.IsEmpty(Skin.String(HomeMusicButton5))] + 
									![!String.IsEmpty(Skin.String(HomeMusicButton6))] + 
									[!String.IsEmpty(Skin.String(HomeMusicButton7))]" 
						content="setDefaultControlAlways">
					<param name="uid" value="900237" />
				</include>
				<include>HomeAddonsCommonLayout</include>
				<content>
					<include condition="!Skin.HasSetting(HomeScreenHideAddonShortcuts)">HomeAddonItemsMusic</include>
				</content>
			</control>
			
			<!-- PICTURES -->
			<control type="fixedlist" id="704">
				<animation effect="slide" start="0,0" end="-137,0" time="0" condition="Integer.IsEqual(Container(704).NumItems,2) | Integer.IsEqual(Container(704).NumItems,4) | Integer.IsEqual(Container(704).NumItems,6)">Conditional</animation>
				<visible>Container(9000).HasFocus(4)</visible>
				<onleft>704</onleft>
				<onright>704</onright>
				
				
				<include>HomeScreenAddonShortcutsNavigation</include>
				
				
				<include condition="[!String.IsEmpty(Skin.String(HomePictureButton1))]" 
						content="setDefaultControlAlways">
					<param name="uid" value="900241" />
				</include>
				<include condition="![!String.IsEmpty(Skin.String(HomePictureButton1))] + 
									[!String.IsEmpty(Skin.String(HomePictureButton2))]" 
						content="setDefaultControlAlways">
					<param name="uid" value="900242" />
				</include>
				<include condition="![!String.IsEmpty(Skin.String(HomePictureButton1))] + 
									![!String.IsEmpty(Skin.String(HomePictureButton2))] + 
									[!String.IsEmpty(Skin.String(HomePictureButton3))]" 
						content="setDefaultControlAlways">
					<param name="uid" value="900243" />
				</include>
				<include condition="![!String.IsEmpty(Skin.String(HomePictureButton1))] + 
									![!String.IsEmpty(Skin.String(HomePictureButton2))] + 
									![!String.IsEmpty(Skin.String(HomePictureButton3))] + 
									[!String.IsEmpty(Skin.String(HomePictureButton4))]" 
						content="setDefaultControlAlways">
					<param name="uid" value="900244" />
				</include>
				<include condition="![!String.IsEmpty(Skin.String(HomePictureButton1))] + 
									![!String.IsEmpty(Skin.String(HomePictureButton2))] + 
									![!String.IsEmpty(Skin.String(HomePictureButton3))] + 
									![!String.IsEmpty(Skin.String(HomePictureButton4))] + 
									[!String.IsEmpty(Skin.String(HomePictureButton5))]" 
						content="setDefaultControlAlways">
					<param name="uid" value="900245" />
				</include>
				<include condition="![!String.IsEmpty(Skin.String(HomePictureButton1))] + 
									![!String.IsEmpty(Skin.String(HomePictureButton2))] + 
									![!String.IsEmpty(Skin.String(HomePictureButton3))] + 
									![!String.IsEmpty(Skin.String(HomePictureButton4))] + 
									![!String.IsEmpty(Skin.String(HomePictureButton5))] + 
									[!String.IsEmpty(Skin.String(HomePictureButton6))]" 
						content="setDefaultControlAlways">
					<param name="uid" value="900246" />
				</include>
				<include condition="![!String.IsEmpty(Skin.String(HomePictureButton1))] + 
									![!String.IsEmpty(Skin.String(HomePictureButton2))] + 
									![!String.IsEmpty(Skin.String(HomePictureButton3))] + 
									![!String.IsEmpty(Skin.String(HomePictureButton4))] + 
									![!String.IsEmpty(Skin.String(HomePictureButton5))] + 
									![!String.IsEmpty(Skin.String(HomePictureButton6))] + 
									[!String.IsEmpty(Skin.String(HomePictureButton7))]" 
						content="setDefaultControlAlways">
					<param name="uid" value="900247" />
				</include>
				<include>HomeAddonsCommonLayout</include>
				<content>
					<include condition="!Skin.HasSetting(HomeScreenHideAddonShortcuts)">HomeAddonItemsPictures</include>
				</content>
			</control>
			
			<!-- ADDONS -->
			<control type="fixedlist" id="705">
				<animation effect="slide" start="0,0" end="-137,0" time="0" condition="Integer.IsEqual(Container(705).NumItems,2) | Integer.IsEqual(Container(705).NumItems,4) | Integer.IsEqual(Container(705).NumItems,6)">Conditional</animation>
				<visible>Container(9000).HasFocus(1)</visible>
				<onleft>705</onleft>
				<onright>705</onright>
				
				
				<include>HomeScreenAddonShortcutsNavigation</include>
				
				
				<include condition="[!String.IsEmpty(Skin.String(HomeProgramButton1))]" 
						content="setDefaultControlAlways">
					<param name="uid" value="900251" />
				</include>
				<include condition="![!String.IsEmpty(Skin.String(HomeProgramButton1))] + 
									[!String.IsEmpty(Skin.String(HomeProgramButton2))]" 
						content="setDefaultControlAlways">
					<param name="uid" value="900252" />
				</include>
				<include condition="![!String.IsEmpty(Skin.String(HomeProgramButton1))] + 
									![!String.IsEmpty(Skin.String(HomeProgramButton2))] + 
									[!String.IsEmpty(Skin.String(HomeProgramButton3))]" 
						content="setDefaultControlAlways">
					<param name="uid" value="900253" />
				</include>
				<include condition="![!String.IsEmpty(Skin.String(HomeProgramButton1))] + 
									![!String.IsEmpty(Skin.String(HomeProgramButton2))] + 
									![!String.IsEmpty(Skin.String(HomeProgramButton3))] + 
									[!String.IsEmpty(Skin.String(HomeProgramButton4))]" 
						content="setDefaultControlAlways">
					<param name="uid" value="900254" />
				</include>
				<include condition="![!String.IsEmpty(Skin.String(HomeProgramButton1))] + 
									![!String.IsEmpty(Skin.String(HomeProgramButton2))] + 
									![!String.IsEmpty(Skin.String(HomeProgramButton3))] + 
									![!String.IsEmpty(Skin.String(HomeProgramButton4))] + 
									[!String.IsEmpty(Skin.String(HomeProgramButton5))]" 
						content="setDefaultControlAlways">
					<param name="uid" value="900255" />
				</include>
				<include condition="![!String.IsEmpty(Skin.String(HomeProgramButton1))] + 
									![!String.IsEmpty(Skin.String(HomeProgramButton2))] + 
									![!String.IsEmpty(Skin.String(HomeProgramButton3))] + 
									![!String.IsEmpty(Skin.String(HomeProgramButton4))] + 
									![!String.IsEmpty(Skin.String(HomeProgramButton5))] + 
									[!String.IsEmpty(Skin.String(HomeProgramButton6))]" 
						content="setDefaultControlAlways">
					<param name="uid" value="900256" />
				</include>
				<include condition="![!String.IsEmpty(Skin.String(HomeProgramButton1))] + 
									![!String.IsEmpty(Skin.String(HomeProgramButton2))] + 
									![!String.IsEmpty(Skin.String(HomeProgramButton3))] + 
									![!String.IsEmpty(Skin.String(HomeProgramButton4))] + 
									![!String.IsEmpty(Skin.String(HomeProgramButton5))] + 
									![!String.IsEmpty(Skin.String(HomeProgramButton6))] + 
									[!String.IsEmpty(Skin.String(HomeProgramButton7))]" 
						content="setDefaultControlAlways">
					<param name="uid" value="900257" />
				</include>
				<include>HomeAddonsCommonLayout</include>
				<content>
					<include condition="!Skin.HasSetting(HomeScreenHideAddonShortcuts)">HomeAddonItemsPrograms</include>
				</content>
			</control>
			
		</control>
		
		
		<!-- RSS -->
		<control type="group">
			<depth>DepthMenu-</depth>
			<left>0</left>
			<top>48r</top>
			<visible>System.GetBool(lookandfeel.enablerssfeeds)</visible>
			<include>Window_OpenClose_Animation</include>
			<control type="rss">
				<description>RSS feed</description>
				<left>0</left>
				<top>0</top>
				<height>45</height>
				<width>1920</width>
				<font>Regular17</font>
				<urlset>1</urlset>
				<textcolor>blue</textcolor>
				<titlecolor>blue</titlecolor>
				<headlinecolor>white</headlinecolor>
				<include>VisibleFadeEffect</include>
				<animation effect="fade" end="75" time="0" condition="true">Conditional</animation>
			</control>
		</control>
		
		
		
		<!-- HOME TOP RIGHT AREA -->
		<control type="group">
			<include>idleFadeOutMinimal</include>
			<depth>DepthHeader</depth>
			
			<include>Window_OpenClose_Animation</include>
			
			<control type="grouplist">
				<orientation>horizontal</orientation>
				<align>right</align>
				<top>3</top>
				<right>34</right>
				
				<itemgap>0</itemgap>
				
				<!-- Weather info -->
				<control type="group">
					<width>50</width>
					<height>73</height>
					<control type="image">
						<description>Weather image</description>
						<width>50</width>
						<height>73</height>
						<aspectratio>keep</aspectratio>
						<texture>$VAR[CurrentWeatherIconHome]</texture>
						<fadetime>IconCrossfadeTime</fadetime>
					</control>
					<animation effect="fade" start="100" end="0" time="1000" 
								condition="![ Skin.HasSetting(HomepageWeatherinfo) + !String.IsEmpty(Weather.Plugin) 
											+ !String.IsEmpty(Window(Weather).Property(Current.Temperature)) 
											+ !String.IsEmpty(Weather.Conditions) 
											+ !String.IsEqual(Weather.Conditions,N/A) 
											+ !String.IsEmpty(Window(Weather).Property(Current.Condition)) 
											+ !String.IsEqual(Window(Weather).Property(Current.Condition),N/A) 
											+ !String.EndsWith(Weather.Conditions,/na.png) ]">Conditional</animation>
				</control>
				<control type="label">
					<description>dummy space</description>
					<width>6</width>
					<height>30</height>
				</control>
				<control type="label">
					<description>Temp label</description>
					<width>auto</width>
					<height>73</height>
					<align>left</align>
					<aligny>center</aligny>
					<font>Light21</font>
					<textcolor>white</textcolor>
					<label>$INFO[Window(Weather).Property(Current.Temperature)]</label>
					<animation effect="fade" start="100" end="0" time="1000" 
								condition="![ Skin.HasSetting(HomepageWeatherinfo) + !String.IsEmpty(Weather.Plugin) 
											+ !String.IsEmpty(Window(Weather).Property(Current.Temperature)) 
											+ !String.IsEmpty(Weather.Conditions) 
											+ !String.IsEqual(Weather.Conditions,N/A) 
											+ !String.IsEmpty(Window(Weather).Property(Current.Condition)) 
											+ !String.IsEqual(Window(Weather).Property(Current.Condition),N/A) 
											+ !String.EndsWith(Weather.Conditions,/na.png) ]">Conditional</animation>
				</control>
				<control type="label">
					<description>Temp Units</description>
					<width>auto</width>
					<height>66</height>
					<font>Regular12</font>
					<align>left</align>
					<aligny>center</aligny>
					<label>$INFO[System.TemperatureUnits]</label>
					<textcolor>white</textcolor>
					<animation effect="fade" start="100" end="0" time="1000" 
								condition="![ Skin.HasSetting(HomepageWeatherinfo) + !String.IsEmpty(Weather.Plugin) 
											+ !String.IsEmpty(Window(Weather).Property(Current.Temperature)) 
											+ !String.IsEmpty(Weather.Conditions) 
											+ !String.IsEqual(Weather.Conditions,N/A) 
											+ !String.IsEmpty(Window(Weather).Property(Current.Condition)) 
											+ !String.IsEqual(Window(Weather).Property(Current.Condition),N/A) 
											+ !String.EndsWith(Weather.Conditions,/na.png) ]">Conditional</animation>
				</control>
				
				
				<!-- DUMMY SPACE -->
				<control type="label">
					<description>dummy space</description>
					<width>39</width>
					<height>30</height>
					<visible>!String.IsEqual(Skin.String(HomeDateTimeType),2)</visible>
				</control>
				<!-- DATE -->
				<control type="label">
					<description>Date label</description>
					<width>auto</width>
					<height>77</height>
					<align>right</align>
					<aligny>center</aligny>
					<font>Light15</font>
					<textcolor>white</textcolor>
					<label>$INFO[System.Date]</label>
					<visible>String.IsEqual(Skin.String(HomeDateTimeType),1)</visible>
				</control>
				<!-- DUMMY SPACE -->
				<control type="label">
					<description>dummy space</description>
					<width>21</width>
					<height>30</height>
					<visible>!String.IsEqual(Skin.String(HomeDateTimeType),2)</visible>
				</control>
				<!-- TIME -->
				<include>ClockHome</include>
				<include>ActiveProfile</include>
				
			</control>
		</control>
		
		
		<!-- 24p warning -->
		<control type="label">
			
			<right>8</right>
			<bottom>4</bottom>
			
			<height>36</height>
			<width>100</width>
			<label>24p</label>
			<align>right</align>
			<aligny>top</aligny>
			<font>Regular16</font>
			<textcolor>redwarning</textcolor>
			<visible>Skin.HasSetting(ExperimentalOptions) + String.Contains(Skin.String(DevCodes),24p) + String.IsEmpty(Window(Home).Property(CinemaHelper.24p))</visible>
			<include>VisibleFadeEffect2</include>
		</control>
		
	<include condition="Skin.HasSetting(EnableSkinDebugOutput)">DebugOverlay</include><!-- WRAPPER STOP --></control><!-- WRAPPER STOP --></controls>
</window>
