<?xml version="1.0" encoding="UTF-8"?>
<window type="dialog">
	<defaultcontrol always="true">3</defaultcontrol>
	<depth>DepthDialog+</depth>
	
	<controls><!-- WRAPPER START --><control type="group"><centerleft>50%</centerleft><centertop>50%</centertop><width>1920</width><height>1080</height><!-- WRAPPER START -->
		
		<!-- Game dialog for Video settings -->
		<include condition="[Window.IsVisible(GameStretchMode) | Window.IsVisible(GameVideoFilter) | Window.IsVisible(GameVideoRotation)] + ![Window.IsVisible(GameSaves) | Window.IsVisible(InGameSaves)]">GameDialogSelectLayout</include>
		<!-- Game dialog for In-Game Save/Load -->
		<include condition="![Window.IsVisible(GameStretchMode) | Window.IsVisible(GameVideoFilter) | Window.IsVisible(GameVideoRotation) | Window.IsVisible(InGameSaves)] + Window.IsVisible(GameSaves)">GameDialogGameSavesLayout</include>
		<!-- Game dialog for Pre-Game Load -->
		<include condition="![Window.IsVisible(GameStretchMode) | Window.IsVisible(GameVideoFilter) | Window.IsVisible(GameVideoRotation) | Window.IsVisible(GameSaves)] + Window.IsVisible(InGameSaves)">GameDialogInGameSavesLayout</include>
		
		<!-- Default Select dialog variants -->
		<include condition="![Window.IsVisible(GameStretchMode) | Window.IsVisible(GameVideoFilter) | Window.IsVisible(GameVideoRotation) | Window.IsVisible(GameSaves) | Window.IsVisible(InGameSaves)]">DefaultDialogSelectLayout</include>
		
	<include condition="Skin.HasSetting(EnableSkinDebugOutput)">DebugOverlay</include><!-- WRAPPER STOP --></control><!-- WRAPPER STOP --></controls>
</window>
