﻿<?xml version="1.0" encoding="UTF-8" standalone="yes"?>
<addon id="service.tester" name="ListItem Tester" version="0.2.19" provider-name="axbmcuser">
	<requires>
		<import addon="xbmc.python" version="2.24.0"/>
		<import addon="script.module.metadatautils" version="1.0.0" />
	</requires>
	<extension library="service.py" point="xbmc.service" start="login">
	</extension>
	<extension point="xbmc.addon.metadata">
		<summary lang="en">Tester</summary>
		<description lang="en">Tester</description>
		<platform>all</platform>
		<license/>
		<forum>http://forum.kodi.tv/showthread.php?tid=242892</forum>
		<website/>
		<email/>
		<source/>
		<news>Tester</news>
		<assets>
			<icon>resources/icon.png</icon>
		</assets>
	</extension>
</addon>
