<?xml version="1.0" encoding="UTF-8"?>
<window>
	<depth>DepthDialog+</depth>
	<defaultcontrol>11</defaultcontrol>
	<animation effect="slide" start="0,-120" end="0,0" time="75">WindowOpen</animation>
	<animation effect="slide" start="0,0" end="0,-120" time="75">WindowClose</animation>
	<coordinates>
		<left>608</left>
		<top>0</top>
	</coordinates>
	<controls>
		<control type="group">
			<top>10</top>
			<visible>!Skin.HasSetting(ExperimentalVolumeAmplificationUseAutomaticPresetSwitching) | !String.IsEqual(Control.GetLabel(10),$LOCALIZE[660])</visible>
			<control type="image">
				<left>0</left>
				<top>0</top>
				<width>690</width>
				<height>105</height>
				<texture border="24" colordiffuse="FF000000">colors/white_border24.png</texture>
				<animation effect="fade" start="0" end="93" time="0" condition="true">Conditional</animation>
			</control>
			<control type="label" id="10">
				<description>Dialog header</description>
				<left>30</left>
				<top>15</top>
				<width>345</width>
				<height>30</height>
				<align>left</align>
				<aligny>center</aligny>
				<font>Regular19</font>
				<textcolor>blue</textcolor>
			</control>
			<control type="label" id="12">
				<description>Slider Value</description>
				<left>330</left>
				<top>15</top>
				<width>330</width>
				<height>30</height>
				<align>right</align>
				<aligny>center</aligny>
				<font>Regular19</font>
				<textcolor>white</textcolor>
			</control>
			<control type="slider" id="11">
				<description>Slider</description>
				<left>30</left>
				<top>53</top>
				<width>630</width>
				<height>36</height>
				<aligny>center</aligny>
				<texturefocus></texturefocus>
				<texturenofocus></texturenofocus>
				<texturesliderbar>osd/slider/slider-bg-large.png</texturesliderbar>
				<textureslidernib>osd/slider/slider-nib-focus.png</textureslidernib>
				<textureslidernibfocus>osd/slider/slider-nib-focus.png</textureslidernibfocus>
				<onup>11</onup>
				<ondown>11</ondown>
				<onleft>11</onleft>
				<onright>11</onright>
			</control>
		</control>
	</controls>
</window>
