<?xml version="1.0" encoding="UTF-8"?>
<window>
	
	<zorder>0</zorder>
	
	<defaultcontrol>1</defaultcontrol>
	
	<visible>!Window.IsVisible(SliderDialog) 
						
						
						+
						[
								[
									Player.HasMedia + Player.HasVideo + !Player.HasAudio
									+ [[String.IsEmpty(Window(home).Property(PlayBackJustStarted)) + String.IsEmpty(Window(home).Property(PlayBackJustEnded))] | VideoPlayer.Content(LiveTV) | Window.IsActive(VideoOSD)]
								]
							| 
								[
								Player.HasMedia + !Player.HasVideo + Player.HasAudio
								]
						]
						

						
						
						
						+ [Player.HasMedia + [Player.HasVideo | Player.HasAudio]]
						
						+ [Player.ShowInfo | Window.IsActive(VideoOSD) | Window.IsActive(MusicOSD) | Player.Seeking | Player.DisplayAfterSeek | Player.HasPerformedSeek(2) | [Player.Paused + !Skin.HasSetting(NoInfoOsdOnPause) + Player.HasVideo] | [Player.Paused + [!Player.HasVideo + Player.HasAudio]] | [Player.Paused + Skin.HasSetting(NoInfoOsdOnPause) + !Window.IsVisible(FullScreenVideo) + !Window.IsVisible(VideoOSD)] | Player.Forwarding | Player.Rewinding | Player.ShowTime | Player.IsTempo] 
						
						+ !Window.IsActive(MovieInformation)</visible>
	
	<animation effect="fade" end="100" time="500">WindowOpen</animation>
	<animation effect="fade" end="0" time="500" delay="1500">WindowClose</animation>
	<depth>DepthOSD</depth>
	<controls>
		
		
		
		<control type="group">
			<visible>!Window.IsVisible(FullscreenVideo) + !Window.IsVisible(Visualisation)</visible>
			
			<include>VisibleFadeEffect</include>
			
			<control type="group">
				<left>495</left>
				<top>-9</top>
				<control type="group">
					<left>390</left>
					<top>17</top>
					<control type="image">
						<left>3</left>
						<top>5</top>
						<width>30</width>
						<height>69</height>
						<texture>OSDSeekRewind.png</texture>
						<visible>Player.Rewinding | [Player.IsTempo + String.StartsWith(Player.PlaySpeed,0.)]</visible>
					</control>
					<control type="image">
						<left>119</left>
						<top>5</top>
						<width>30</width>
						<height>69</height>
						<texture>OSDSeekForward.png</texture>
						<visible>Player.Forwarding | [Player.IsTempo + String.StartsWith(Player.PlaySpeed,1.)]</visible>
					</control>
					<control type="image">
						<left>42</left>
						<top>6</top>
						<width>66</width>
						<height>66</height>
						<texture>OSDPause.png</texture>
						<visible>Player.Paused</visible>
						<include>VisibleFadeEffect</include>
					</control>
					<control type="image">
						<left>38</left>
						<top>6</top>
						<width>66</width>
						<height>66</height>
						<texture>OSD2x.png</texture>
						<visible>Player.Rewinding2x</visible>
					</control>
					<control type="image">
						<left>38</left>
						<top>6</top>
						<width>66</width>
						<height>66</height>
						<texture>OSD0.9x.png</texture>
						<visible>String.IsEqual(Player.PlaySpeed,0.90)</visible>
					</control>
					<control type="image">
						<left>33</left>
						<top>6</top>
						<width>66</width>
						<height>66</height>
						<texture>OSD4x.png</texture>
						<visible>Player.Rewinding4x</visible>
					</control>
					<control type="image">
						<left>33</left>
						<top>6</top>
						<width>66</width>
						<height>66</height>
						<texture>OSD0.8x.png</texture>
						<visible>String.IsEqual(Player.PlaySpeed,0.80)</visible>
					</control>
					<control type="image">
						<left>29</left>
						<top>6</top>
						<width>66</width>
						<height>66</height>
						<texture>OSD8x.png</texture>
						<visible>Player.Rewinding8x</visible>
					</control>
					<control type="image">
						<left>24</left>
						<top>6</top>
						<width>66</width>
						<height>66</height>
						<texture>OSD16x.png</texture>
						<visible>Player.Rewinding16x</visible>
					</control>
					<control type="image">
						<left>20</left>
						<top>6</top>
						<width>66</width>
						<height>66</height>
						<texture>OSD32x.png</texture>
						<visible>Player.Rewinding32x</visible>
					</control>
					<control type="image">
						<left>47</left>
						<top>6</top>
						<width>66</width>
						<height>66</height>
						<texture>OSD2x.png</texture>
						<visible>Player.Forwarding2x</visible>
					</control>
					<control type="image">
						<left>47</left>
						<top>6</top>
						<width>66</width>
						<height>66</height>
						<texture>OSD1.1x.png</texture>
						<visible>String.IsEqual(Player.PlaySpeed,1.10)</visible>
					</control>
					<control type="image">
						<left>51</left>
						<top>6</top>
						<width>66</width>
						<height>66</height>
						<texture>OSD4x.png</texture>
						<visible>Player.Forwarding4x</visible>
					</control>
					<control type="image">
						<left>51</left>
						<top>6</top>
						<width>66</width>
						<height>66</height>
						<texture>OSD1.2x.png</texture>
						<visible>String.IsEqual(Player.PlaySpeed,1.20)</visible>
					</control>
					<control type="image">
						<left>56</left>
						<top>6</top>
						<width>66</width>
						<height>66</height>
						<texture>OSD8x.png</texture>
						<visible>Player.Forwarding8x</visible>
					</control>
					<control type="image">
						<left>56</left>
						<top>6</top>
						<width>66</width>
						<height>66</height>
						<texture>OSD1.3x.png</texture>
						<visible>String.IsEqual(Player.PlaySpeed,1.30)</visible>
					</control>
					<control type="image">
						<left>60</left>
						<top>6</top>
						<width>66</width>
						<height>66</height>
						<texture>OSD16x.png</texture>
						<visible>Player.Forwarding16x</visible>
					</control>
					<control type="image">
						<left>60</left>
						<top>6</top>
						<width>66</width>
						<height>66</height>
						<texture>OSD1.4x.png</texture>
						<visible>String.IsEqual(Player.PlaySpeed,1.40)</visible>
					</control>
					<control type="image">
						<left>65</left>
						<top>6</top>
						<width>66</width>
						<height>66</height>
						<texture>OSD32x.png</texture>
						<visible>Player.Forwarding32x</visible>
					</control>
					<control type="image">
						<left>65</left>
						<top>6</top>
						<width>66</width>
						<height>66</height>
						<texture>OSD1.5x.png</texture>
						<visible>String.IsEqual(Player.PlaySpeed,1.50)</visible>
					</control>
				</control>
			</control>
		</control>
		
		
		
		
		
		
		<control type="group">
			<visible>Window.IsVisible(FullscreenVideo) | Window.IsVisible(Visualisation)</visible>
			
			<include>VisibleFadeEffect</include>
			
			<left>99</left>
			<top>189r</top>
			
			<control type="group">
				<visible>!Window.IsVisible(SliderDialog)</visible>
				
				<include>VisibleFadeEffect</include>
				
				<control type="group">
					<left>378</left>
					<top>-450</top>
					
					<control type="group">
						<left>408</left>
						<control type="image">
							<left>3</left>
							<top>5</top>
							<width>30</width>
							<height>69</height>
							<texture>OSDSeekRewind.png</texture>
							<visible>Player.Rewinding | [Player.IsTempo + String.StartsWith(Player.PlaySpeed,0.)]</visible>
						</control>
						<control type="image">
							<left>119</left>
							<top>5</top>
							<width>30</width>
							<height>69</height>
							<texture>OSDSeekForward.png</texture>
							<visible>Player.Forwarding | [Player.IsTempo + String.StartsWith(Player.PlaySpeed,1.)]</visible>
						</control>
						
						<control type="image">
							<left>42</left>
							<top>6</top>
							<width>66</width>
							<height>66</height>
							<texture>OSDPause.png</texture>
							<visible>Player.Paused + [!Skin.HasSetting(NoInfoOsdOnPause) | [!Player.HasVideo + Player.HasAudio]]</visible>
							<include>VisibleFadeEffect</include>
						</control>
						
						<control type="image">
							<left>38</left>
							<top>6</top>
							<width>66</width>
							<height>66</height>
							<texture>OSD2x.png</texture>
							<visible>Player.Rewinding2x</visible>
						</control>
						<control type="image">
							<left>38</left>
							<top>6</top>
							<width>66</width>
							<height>66</height>
							<texture>OSD0.9x.png</texture>
							<visible>String.IsEqual(Player.PlaySpeed,0.90)</visible>
						</control>
						<control type="image">
							<left>33</left>
							<top>6</top>
							<width>66</width>
							<height>66</height>
							<texture>OSD4x.png</texture>
							<visible>Player.Rewinding4x</visible>
						</control>
						<control type="image">
							<left>33</left>
							<top>6</top>
							<width>66</width>
							<height>66</height>
							<texture>OSD0.8x.png</texture>
							<visible>String.IsEqual(Player.PlaySpeed,0.80)</visible>
						</control>
						<control type="image">
							<left>29</left>
							<top>6</top>
							<width>66</width>
							<height>66</height>
							<texture>OSD8x.png</texture>
							<visible>Player.Rewinding8x</visible>
						</control>
						<control type="image">
							<left>24</left>
							<top>6</top>
							<width>66</width>
							<height>66</height>
							<texture>OSD16x.png</texture>
							<visible>Player.Rewinding16x</visible>
						</control>
						<control type="image">
							<left>20</left>
							<top>6</top>
							<width>66</width>
							<height>66</height>
							<texture>OSD32x.png</texture>
							<visible>Player.Rewinding32x</visible>
						</control>
						
						<control type="image">
							<left>47</left>
							<top>6</top>
							<width>66</width>
							<height>66</height>
							<texture>OSD2x.png</texture>
							<visible>Player.Forwarding2x</visible>
						</control>
						<control type="image">
							<left>47</left>
							<top>6</top>
							<width>66</width>
							<height>66</height>
							<texture>OSD1.1x.png</texture>
							<visible>String.IsEqual(Player.PlaySpeed,1.10)</visible>
						</control>
						<control type="image">
							<left>51</left>
							<top>6</top>
							<width>66</width>
							<height>66</height>
							<texture>OSD4x.png</texture>
							<visible>Player.Forwarding4x</visible>
						</control>
						<control type="image">
							<left>51</left>
							<top>6</top>
							<width>66</width>
							<height>66</height>
							<texture>OSD1.2x.png</texture>
							<visible>String.IsEqual(Player.PlaySpeed,1.20)</visible>
						</control>
						<control type="image">
							<left>56</left>
							<top>6</top>
							<width>66</width>
							<height>66</height>
							<texture>OSD8x.png</texture>
							<visible>Player.Forwarding8x</visible>
						</control>
						<control type="image">
							<left>56</left>
							<top>6</top>
							<width>66</width>
							<height>66</height>
							<texture>OSD1.3x.png</texture>
							<visible>String.IsEqual(Player.PlaySpeed,1.30)</visible>
						</control>
						<control type="image">
							<left>60</left>
							<top>6</top>
							<width>66</width>
							<height>66</height>
							<texture>OSD16x.png</texture>
							<visible>Player.Forwarding16x</visible>
						</control>
						<control type="image">
							<left>60</left>
							<top>6</top>
							<width>66</width>
							<height>66</height>
							<texture>OSD1.4x.png</texture>
							<visible>String.IsEqual(Player.PlaySpeed,1.40)</visible>
						</control>
						<control type="image">
							<left>65</left>
							<top>6</top>
							<width>66</width>
							<height>66</height>
							<texture>OSD32x.png</texture>
							<visible>Player.Forwarding32x</visible>
						</control>
						<control type="image">
							<left>65</left>
							<top>6</top>
							<width>66</width>
							<height>66</height>
							<texture>OSD1.5x.png</texture>
							<visible>String.IsEqual(Player.PlaySpeed,1.50)</visible>
						</control>
					</control>
				</control>
				
				
				<!-- Player STATUS -->
				
				<!-- Player ABSOLUTE TIME -->
				<control type="label">
					<description>Elapsed Time Label</description>
					<left>2</left>
					<top>2</top>
					<width>150</width>
					<height>60</height>
					<font>Light20</font>
					<align>left</align>
					<aligny>center</aligny>
					<label>$INFO[Player.Time(hh:mm:ss)]</label>
					<visible>!Player.Seeking + !VideoPlayer.Content(LiveTV)</visible>
				</control>
				<control type="label">
					<description>Elapsed Time Label</description>
					<left>2</left>
					<top>2</top>
					<width>150</width>
					<height>60</height>
					<font>Light20</font>
					<align>left</align>
					<aligny>center</aligny>
					<label>$INFO[Player.StartTime(hh:mm)]$INFO[Player.StartTime(xx), ,]</label>
					<visible>VideoPlayer.Content(LiveTV) + VideoPlayer.HasEpg</visible>
				</control>
				<control type="label">
					<description>Elapsed Time Label</description>
					<left>2</left>
					<top>2</top>
					<width>150</width>
					<height>60</height>
					<font>Light20</font>
					<align>left</align>
					<aligny>center</aligny>
					<label>$INFO[System.Time]</label>
					<visible>VideoPlayer.Content(LiveTV) + !VideoPlayer.HasEpg</visible>
				</control>
				<control type="label">
					<description>Seek Time Label</description>
					<left>2</left>
					<top>2</top>
					<width>150</width>
					<height>60</height>
					<font>Light20</font>
					<align>left</align>
					<aligny>center</aligny>
					<label>$INFO[Player.SeekTime(hh:mm:ss)]</label>
					<visible>Player.Seeking + !VideoPlayer.Content(LiveTV)</visible>
					<textcolor>blue</textcolor>
				</control>
				
				<!-- Progress Bar Cache -->
				<control type="progress">
					<description>ProgressbarCache</description>
					<left>149</left>
					<top>29</top>
					<width>1424</width>
					<height>9</height>
					<info>Player.ProgressCache</info>
					
					<visible>!VideoPlayer.Content(LiveTV)</visible>
					
					<include>progressBarStyleSeekBarCache</include>
					
				</control>
				
				<!-- Empty Fake Progress Bar for LiveTV channels without EPG data -->
				<control type="progress">
					<description>ProgressbarCacheDummyForNoEPGChannelPreview</description>
					<left>149</left>
					<top>29</top>
					<width>1424</width>
					<height>9</height>
					<visible>VideoPlayer.Content(LiveTV) + !VideoPlayer.HasEpg</visible>
					
					<include>progressBarStyleSeekBarCacheDummyBg</include>
					
				</control>
				
				
				
				<control type="image">
					<left>146</left>
					<top>29</top>
					<width>3</width>
					<height>9</height>
					<texture colordiffuse="30FFFFFF">osd/progress-9px-start-end.png</texture>
				</control>
				<control type="image">
					<left>146</left>
					<top>29</top>
					<width>3</width>
					<height>9</height>
					<texture colordiffuse="EBFFFFFF">osd/progress-9px-start-end.png</texture>
					<visible>![VideoPlayer.Content(LiveTV) + !VideoPlayer.HasEpg]</visible>
				</control>
				<control type="image">
					<left>1573</left>
					<top>29</top>
					<width>3</width>
					<height>9</height>
					<texture colordiffuse="30FFFFFF" flipx="true">osd/progress-9px-start-end.png</texture>
				</control>
				<control type="image">
					<left>1573</left>
					<top>29</top>
					<width>3</width>
					<height>9</height>
					<texture colordiffuse="EBFFFFFF" flipx="true">osd/progress-9px-start-end.png</texture>
					<visible>false + Integer.IsLessOrEqual(Player.TimeRemaining(hh),00) + Integer.IsLessOrEqual(Player.TimeRemaining(mm),00) + Integer.IsLessOrEqual(Player.TimeRemaining(ss),00)</visible>
				</control>
				
				<!-- Progress Bar -->
				<control type="progress" id="23">
					<description>Progressbar</description>
					<left>149</left>
					<top>29</top>
					<width>1424</width>
					<height>9</height>
					<info>Player.Progress</info>
					<visible>!VideoPlayer.Content(LiveTV) | [VideoPlayer.Content(LiveTV) + VideoPlayer.HasEpg]</visible>
					
					<include>progressBarStyleSeekBar</include>
					
				</control>
				
				<!-- Seek Slider -->
				<control type="slider" id="401">
					<description>Seek Slider</description>
					<left>149</left>
					<top>10</top>
					<width>1424</width>
					<height>48</height>
					
					<texturesliderbar>osd/seek_bg.png</texturesliderbar>
					<textureslidernib>osd/seek_marker.png</textureslidernib>
					<textureslidernibfocus>osd/seek_marker.png</textureslidernibfocus>
					<visible>Player.Seeking</visible>
				</control>
				
			</control>
		</control>
		
		
		
	</controls>
</window>
