<?xml version="1.0" encoding="UTF-8"?>
<window>
	<defaultcontrol always="true">9000</defaultcontrol>
	<controls>
		<include>CommonBackground</include>
		<include>ContentPanelBackgrounds</include>
		
		<control type="group">
			<left>0</left>
			<top>0</top>
			<include>Window_OpenClose_Animation_Full</include>
			
			<include>SystemBackgroundAdditions</include>
			
			<control type="list" id="9000">
				<left>0</left>
				<top>135</top>
				<width>510</width>
				<height>810</height>
				<onleft>9000</onleft>
				<onright>9010</onright>
				<onup>9000</onup>
				<ondown>9000</ondown>
				<pagecontrol></pagecontrol>
				<scrolltime>300</scrolltime>
				<itemlayout height="96" width="510">
					<control type="label">
						<left>75</left>
						<top>0</top>
						<width>360</width>
						<height>96</height>
						<font>Regular24</font>
						<textcolor>grey2+</textcolor>
						<align>left</align>
						<aligny>center</aligny>
						<label>$INFO[ListItem.Label]</label>
					</control>
				</itemlayout>
				<focusedlayout height="96" width="510">
					<control type="image">
						<left>0</left>
						<top>0</top>
						<width>510</width>
						<height>96</height>
						<texture>_added_img/settings_category_active$VAR[isUhdScreenStringSuffix].png</texture>
						<aspectratio>keep</aspectratio>
						<animation effect="fade" start="100" end="50" time="0" condition="!Control.HasFocus(9000)">Conditional</animation>
					</control>
					<control type="label">
						<left>75</left>
						<top>0</top>
						<width>360</width>
						<height>96</height>
						<font>Regular24</font>
						<textcolor>white</textcolor>
						<align>left</align>
						<aligny>center</aligny>
						<label>$INFO[ListItem.Label]</label>
					</control>
				</focusedlayout>
				<content>
					<item id="1">
						<label>31420</label>
						<onclick>noop</onclick>
						<icon></icon>
					</item>
					<item id="2">
						<label>13200</label>
						<onclick>noop</onclick>
						<icon></icon>
					</item>
				</content>
			</control>
			
			<control type="group">
				<visible>Container(9000).Hasfocus(2)</visible>
				<left>75</left>
				<top>390</top>
				<visible>Control.HasFocus(2) + [!String.IsEqual(Container(2).ListItem.Label,$LOCALIZE[20058]) | !String.IsEmpty(Container(2).ListItem.Label2,$LOCALIZE[13170])]</visible>
				<control type="image">
					<left>0</left>
					<top>0</top>
					<width>360</width>
					<height>300</height>
					<aspectratio>keep</aspectratio>
					<bordersize>15</bordersize>
					<texture fallback="DefaultUser.png">$INFO[Container(2).Listitem.Icon]</texture>
				</control>
				<control type="label">
					<left>0</left>
					<top>323</top>
					<width>360</width>
					<height>30</height>
					<font>Regular21</font>
					<textcolor>white</textcolor>
					<align>center</align>
					<aligny>center</aligny>
					<label>$INFO[Container(2).ListItem.Label]</label>
				</control>
				<control type="label">
					<left>0</left>
					<top>368</top>
					<width>360</width>
					<height>45</height>
					<font>Regular20</font>
					<textcolor>blue</textcolor>
					<align>center</align>
					<aligny>center</aligny>
					<label>$LOCALIZE[31320]</label>
				</control>
				<control type="label">
					<left>0</left>
					<top>405</top>
					<width>360</width>
					<height>45</height>
					<font>Light20</font>
					<textcolor>white</textcolor>
					<align>center</align>
					<aligny>center</aligny>
					<label fallback="13170">$INFO[Container(2).ListItem.Label2]</label>
				</control>
			</control>
			<control type="group" id="9010">
				<control type="grouplist" id="9001">
					<visible>Container(9000).Hasfocus(1)</visible>
					<left>600</left>
					<top>141</top>
					<width>1125</width>
					<height>660</height>
					<itemgap>0</itemgap>
					<pagecontrol></pagecontrol>
					<onleft>9000</onleft>
					<onright>9001</onright>
					<onup>9001</onup>
					<ondown>9001</ondown>
					<control type="radiobutton" id="4">
						<description>enable login screen</description>
						<width>1125</width>
						<height>72</height>
						<font>Regular21</font>
						<label>20096</label>
						<textcolor>grey2</textcolor>
						<focusedcolor>white</focusedcolor>
						<texturefocus border="12">MenuItemFO-rounded-10px.png</texturefocus>
						<texturenofocus></texturenofocus>
					</control>
					<control type="button" id="5">
						<description>auto login</description>
						<width>1125</width>
						<height>72</height>
						<font>Regular21</font>
						<label>33084</label>
						<label2>$INFO[System.ProfileAutoLogin]</label2>
						<textcolor>grey2</textcolor>
						<focusedcolor>white</focusedcolor>
						<texturefocus border="12">MenuItemFO-rounded-10px.png</texturefocus>
						<texturenofocus></texturenofocus>
						<enable>!System.HasLoginScreen</enable>
					</control>
				</control>
				<control type="group">
					<visible>Container(9000).Hasfocus(1)</visible>
					<left>591</left>
					<top>750</top>
					<width>1125</width>
					<height>60</height>
					<control type="textbox">
						<description>description area</description>
						<left>11</left>
						<top>48</top>
						<width>1104</width>
						<height>125</height>
						<font>Light19</font>
						<label>$LOCALIZE[31422]</label>
						<align>justify</align>
						<textcolor>selected+</textcolor>
						<autoscroll time="3000" delay="4000" repeat="5000">true</autoscroll>
						<visible>Control.Hasfocus(4)</visible>
					</control>
					<control type="textbox">
						<description>description area</description>
						<left>11</left>
						<top>48</top>
						<width>1104</width>
						<height>125</height>
						<font>Light19</font>
						<label>$LOCALIZE[31423]</label>
						<align>justify</align>
						<textcolor>selected+</textcolor>
						<autoscroll time="3000" delay="4000" repeat="5000">true</autoscroll>
						<visible>Control.Hasfocus(5)</visible>
					</control>
				</control>
				<control type="panel" id="2">
					<visible>Container(9000).Hasfocus(2)</visible>
					<left>600</left>
					<top>141</top>
					<width>1140</width>
					<height>810</height>
					<onleft>9000</onleft>
					<onright>60</onright>
					<onup>9010</onup>
					<ondown>9010</ondown>
					<viewtype label="21371">list</viewtype>
					<pagecontrol>60</pagecontrol>
					<scrolltime>200</scrolltime>
					<itemlayout height="270" width="285">
						<control type="image">
							<left>43</left>
							<top>10</top>
							<width>198</width>
							<height>198</height>
							<texture fallback="DefaultUser.png">$INFO[Listitem.Icon]</texture>
							<aspectratio>keep</aspectratio>
						</control>
						<control type="label">
							<left>9</left>
							<top>219</top>
							<width>267</width>
							<height>38</height>
							<font>Regular19</font>
							<textcolor>grey2</textcolor>
							<selectedcolor>selected</selectedcolor>
							<align>center</align>
							<aligny>center</aligny>
							<info>ListItem.Label</info>
						</control>
					</itemlayout>
					<focusedlayout height="270" width="285">
						<control type="image">
							<left>43</left>
							<top>10</top>
							<width>198</width>
							<height>198</height>
							<texture fallback="DefaultUser.png">$INFO[Listitem.Icon]</texture>
							<aspectratio>keep</aspectratio>
						</control>
						<control type="image">
							<left>33</left>
							<top>0</top>
							<width>218</width>
							<height>218</height>
							<texture border="14">_added_img/focus_border_2px-rounded.png</texture>
						</control>
						<control type="label">
							<left>9</left>
							<top>219</top>
							<width>267</width>
							<height>38</height>
							<font>Regular19</font>
							<textcolor>white</textcolor>
							<selectedcolor>selected</selectedcolor>
							<align>center</align>
							<aligny>center</aligny>
							<info>ListItem.Label</info>
						</control>
					</focusedlayout>
				</control>
				<control type="scrollbar" id="60">
					<left>1752</left>
					<top>141</top>
					<include>scrollBarStyleDefaultWidth</include>
					<height>795</height>
					<onleft>2</onleft>
					<showonepage>false</showonepage>
					<visible>Container(9000).Hasfocus(2)</visible>
					<include>scrollBarStyleDefault</include>
				</control>
			</control>
		</control>
		<control type="group">
			<depth>DepthFooter</depth>
			<include>CommonNowPlaying</include>
		</control>
		
		<include>BehindDialogFadeOut</include>
		
		<include content="CommonWindowHeader">
			<param name="Icon" value="icon_system" />
			<param name="Label" value="$LOCALIZE[13200]" />
		</include>
		
	</controls>
</window>
