<?xml version="1.0" encoding="UTF-8"?>
<includes>
	
	
	<!-- FAVORITES -->
	<include name="HomeSubMenuFavorites">
		<defaultcontrol always="true">90191</defaultcontrol>
		<control type="button" id="90191">
			<include>ButtonHomeSubCommonValues</include>
			<label>Open Favorites List</label>
			<onclick>ActivateWindow(Favourites)</onclick>
		</control>
	</include>
	
	
	<!-- MOVIES -->
	<include name="HomeSubMenuMovies">
		<defaultcontrol always="true">90161</defaultcontrol>
		<control type="button" id="90161">
			<include>ButtonHomeSubCommonValues</include>
			<label>31328</label>
			<onclick>ActivateWindow(Videos,RecentlyAddedMovies,return)</onclick>
		</control>
		<control type="button" id="90167">
			<include>ButtonHomeSubCommonValues</include>
			<label>My List</label>
			<onclick>ActivateWindow(Videos,special://skin/playlists/Movies - Special Lists/_mylist_movies.xsp,return)</onclick>
			<visible>Skin.HasSetting(EnableMyList)</visible>
		</control>
		<control type="button" id="90162">
			<include>ButtonHomeSubCommonValues</include>
			<label>135</label>
			<onclick>ActivateWindow(Videos,MovieGenres,return)</onclick>
		</control>
		<control type="button" id="90163">
			<include>ButtonHomeSubCommonValues</include>
			<label>20434</label>
			<onclick>ActivateWindow(Videos,MovieSets,return)</onclick>
			<visible>Library.HasContent(MovieSets)</visible>
		</control>
		<control type="button" id="90164">
			<include>ButtonHomeSubCommonValues</include>
			<label>652</label>
			<onclick>ActivateWindow(Videos,MovieYears,return)</onclick>
		</control>
		<control type="button" id="90165">
			<include>ButtonHomeSubCommonValues</include>
			<label>344</label>
			<onclick>ActivateWindow(Videos,MovieActors,return)</onclick>
		</control>
		<control type="button" id="90166">
			<include>ButtonHomeSubCommonValues</include>
			<label>Special Lists</label>
			<onclick>ActivateWindow(Videos,special://skin/playlists/Movies - Special Lists/,return)</onclick>
			<visible>!Skin.HasSetting(EnableMyList)</visible>
		</control>
	</include>
	
	
	<!-- TV SHOWS -->
	<include name="HomeSubMenuTVShows">
		<defaultcontrol always="true">90172</defaultcontrol>
		<control type="button" id="90172">
			<include>ButtonHomeSubCommonValues</include>
			<label>31328</label>
			<onclick>ActivateWindow(Videos,RecentlyAddedEpisodes,return)</onclick>
		</control>
		<control type="button" id="90178">
			<include>ButtonHomeSubCommonValues</include>
			<label>My List</label>
			<onclick>ActivateWindow(Videos,special://skin/playlists/TV Shows - Special Lists/_mylist_tvshows.xsp,return)</onclick>
			<visible>Skin.HasSetting(EnableMyList)</visible>
		</control>
		<control type="button" id="90173">
			<include>ButtonHomeSubCommonValues</include>
			<label>575</label>
			<onclick>ActivateWindow(Videos,InProgressTvShows,return)</onclick>
		</control>
		<control type="button" id="90174">
			<include>ButtonHomeSubCommonValues</include>
			<label>135</label>
			<onclick>ActivateWindow(Videos,TVShowGenres,return)</onclick>
		</control>
		<control type="button" id="90175">
			<include>ButtonHomeSubCommonValues</include>
			<label>652</label>
			<onclick>ActivateWindow(Videos,TVShowYears,return)</onclick>
		</control>
		<control type="button" id="90176">
			<include>ButtonHomeSubCommonValues</include>
			<label>344</label>
			<onclick>ActivateWindow(Videos,TVShowActors,return)</onclick>
		</control>
		<control type="button" id="90177">
			<include>ButtonHomeSubCommonValues</include>
			<label>Special Lists</label>
			<onclick>ActivateWindow(Videos,special://skin/playlists/TV Shows - Special Lists/,return)</onclick>
			<visible>!Skin.HasSetting(EnableMyList)</visible>
		</control>
	</include>
	
	
	<!-- VIDEOS -->
	<include name="HomeSubMenuVideos">
		<defaultcontrol always="true">90102</defaultcontrol>
		<!--
		<include condition="[Library.HasContent(Movies) + Skin.HasSetting(HomeMenuNoMovieButton)]" 
				content="setDefaultControlAlways">
			<param name="uid" value="90102" />
		</include>
		<include condition="![Library.HasContent(Movies) + Skin.HasSetting(HomeMenuNoMovieButton)] + 
							[Library.HasContent(TVShows) + Skin.HasSetting(HomeMenuNoTVShowButton)]" 
				content="setDefaultControlAlways">
			<param name="uid" value="90103" />
		</include>
		<include condition="![Library.HasContent(Movies) + Skin.HasSetting(HomeMenuNoMovieButton)] + 
							![Library.HasContent(TVShows) + Skin.HasSetting(HomeMenuNoTVShowButton)] + 
							[Library.HasContent(MusicVideos)]" 
				content="setDefaultControlAlways">
			<param name="uid" value="90104" />
		</include>
		<include condition="![Library.HasContent(Movies) + Skin.HasSetting(HomeMenuNoMovieButton)] + 
							![Library.HasContent(TVShows) + Skin.HasSetting(HomeMenuNoTVShowButton)] + 
							![Library.HasContent(MusicVideos)]" 
				content="setDefaultControlAlways">
			<param name="uid" value="90105" />
		</include>
		-->
		<control type="button" id="90102">
			<include>ButtonHomeSubCommonValues</include>
			<label>342</label>
			<onclick>ActivateWindow(Videos,MovieTitles,return)</onclick>
			<visible>Library.HasContent(Movies) + Skin.HasSetting(HomeMenuNoMovieButton)</visible>
		</control>
		<control type="button" id="90103">
			<include>ButtonHomeSubCommonValues</include>
			<label>20343</label>
			<onclick>ActivateWindow(Videos,TvShowTitles,return)</onclick>
			<visible>Library.HasContent(TVShows) + Skin.HasSetting(HomeMenuNoTVShowButton)</visible>
		</control>
		<control type="button" id="90104">
			<include>ButtonHomeSubCommonValues</include>
			<label>20389</label>
			<onclick>ActivateWindow(Videos,MusicVideoTitles,return)</onclick>
			<visible>Library.HasContent(MusicVideos)</visible>
		</control>
		<control type="button" id="90105">
			<include>ButtonHomeSubCommonValues</include>
			<label>744</label>
			<onclick>ActivateWindow(Videos,Files,return)</onclick>
		</control>
		<control type="button" id="90106">
			<include>ButtonHomeSubCommonValues</include>
			<label>14022</label>
			<onclick>ActivateWindow(Videos,Root)</onclick>
			<visible>Library.HasContent(Video)</visible>
		</control>
		<control type="button" id="90107">
			<include>ButtonHomeSubCommonValues</include>
			<label>24001</label>
			<onclick>ActivateWindow(Videos,Addons,return)</onclick>
		</control>
	</include>
	
	
	<!-- PVR TV -->
	<include name="HomeSubMenuTV">
		<defaultcontrol always="true">90144</defaultcontrol>
		<control type="button" id="90144">
			<include>ButtonHomeSubCommonValues</include>
			<label>22020</label>
			<onclick>ActivateWindow(TVGuide)</onclick>
		</control>
		<control type="button" id="90145">
			<include>ButtonHomeSubCommonValues</include>
			<label>19163</label>
			<onclick>ActivateWindow(TVRecordings)</onclick>
		</control>
		<control type="button" id="90146">
			<include>ButtonHomeSubCommonValues</include>
			<label>19138</label>
			<onclick>ActivateWindow(TVTimerRules)</onclick>
		</control>
		<control type="button" id="90147">
			<include>ButtonHomeSubCommonValues</include>
			<label>19040</label>
			<onclick>ActivateWindow(TVTimers)</onclick>
		</control>
		<control type="button" id="90148">
			<include>ButtonHomeSubCommonValues</include>
			<label>137</label>
			<onclick>ActivateWindow(TVSearch)</onclick>
		</control>
	</include>
	
	
	<!-- PVR RADIO -->
	<include name="HomeSubMenuRadio">
		<defaultcontrol always="true">90244</defaultcontrol>
		<control type="button" id="90244">
			<include>ButtonHomeSubCommonValues</include>
			<label>22020</label>
			<onclick>ActivateWindow(RadioGuide)</onclick>
		</control>
		<control type="button" id="90245">
			<include>ButtonHomeSubCommonValues</include>
			<label>19163</label>
			<onclick>ActivateWindow(RadioRecordings)</onclick>
		</control>
		<control type="button" id="90246">
			<include>ButtonHomeSubCommonValues</include>
			<label>19138</label>
			<onclick>ActivateWindow(RadioTimerRules)</onclick>
		</control>
		<control type="button" id="90247">
			<include>ButtonHomeSubCommonValues</include>
			<label>19040</label>
			<onclick>ActivateWindow(RadioTimers)</onclick>
		</control>
		<control type="button" id="90248">
			<include>ButtonHomeSubCommonValues</include>
			<label>137</label>
			<onclick>ActivateWindow(RadioSearch)</onclick>
		</control>
	</include>
	
	
	<!-- MUSIC -->
	<include name="HomeSubMenuMusic">
		<defaultcontrol always="true">90112</defaultcontrol>
		<!--
		<include condition="[Library.HasContent(Music)]" 
					content="setDefaultControlAlways">
			<param name="uid" value="90112" />
		</include>
		<include condition="![Library.HasContent(Music)]" 
					content="setDefaultControlAlways">
			<param name="uid" value="90115" />
		</include>
		-->
		<control type="button" id="90112">
			<include>ButtonHomeSubCommonValues</include>
			<label>133</label>
			<onclick>ActivateWindow(Music,Artists,return)</onclick>
			<visible>Library.HasContent(Music)</visible>
		</control>
		<control type="button" id="90113">
			<include>ButtonHomeSubCommonValues</include>
			<label>132</label>
			<onclick>ActivateWindow(Music,Albums,return)</onclick>
			<visible>Library.HasContent(Music)</visible>
		</control>
		<control type="button" id="90114">
			<include>ButtonHomeSubCommonValues</include>
			<label>134</label>
			<onclick>ActivateWindow(Music,Songs,return)</onclick>
			<visible>Library.HasContent(Music)</visible>
		</control>
		<control type="button" id="90115">
			<include>ButtonHomeSubCommonValues</include>
			<label>744</label>
			<onclick>ActivateWindow(Music,Files,return)</onclick>
		</control>
		<control type="button" id="90116">
			<include>ButtonHomeSubCommonValues</include>
			<label>14022</label>
			<onclick>ActivateWindow(Music,Root)</onclick>
			<visible>Library.HasContent(Music)</visible>
		</control>
		<control type="button" id="90117">
			<include>ButtonHomeSubCommonValues</include>
			<label>24001</label>
			<onclick>ActivateWindow(Music,Addons,return)</onclick>
		</control>
	</include>
	
	
	<!-- PICTURES -->
	<include name="HomeSubMenuPictures">
		<defaultcontrol always="true">90148</defaultcontrol>
		<control type="button" id="90148">
			<include>ButtonHomeSubCommonValues</include>
			<label>24001</label>
			<onclick>ActivateWindow(Pictures,Addons,return)</onclick>
		</control>
	</include>
	
	
	<!-- FAVORITES -->
	<!--
	<include name="HomeSubMenuFavorites">
		<defaultcontrol always="true">7855</defaultcontrol>
		<control type="button" id="7855">
			<include>ButtonHomeSubCommonValues</include>
			<label>Open Full List</label>
			<onclick>ActivateWindow(Pictures,Addons,return)</onclick>
		</control>
	</include>
	-->
	
	<!-- WEATHER -->
	<include name="HomeSubMenuWeather">
		<defaultcontrol always="true">90251</defaultcontrol>
		<control type="button" id="90251">
			<include>ButtonHomeSubCommonValues</include>
			<label>184</label>
			<onclick>Weather.Refresh</onclick>
			<!-- workaround fix refresh not working everytime -->
			<!--<onclick>AlarmClock(WeatherRefreshFix,Weather.Refresh,00:00:03,silent)</onclick>-->
		</control>
		<control type="button" id="90252">
			<include>ButtonHomeSubCommonValues</include>
			<label>5</label>
			<onclick>ActivateWindow(ServiceSettings,weather)</onclick>
		</control>
	</include>
	
	
	<!-- ADDONS -->
	<include name="HomeSubMenuAddons">
		<defaultcontrol always="true">90181</defaultcontrol>
		<control type="button" id="90181">
			<include>ButtonHomeSubCommonValues</include>
			<label>1037</label>
			<onclick>ActivateWindow(videos,addons://sources/video/,return)</onclick>
		</control>
		<control type="button" id="90182">
			<include>ButtonHomeSubCommonValues</include>
			<label>1038</label>
			<onclick>ActivateWindow(music,addons://sources/audio/,return)</onclick>
		</control>
		<control type="button" id="90183">
			<include>ButtonHomeSubCommonValues</include>
			<label>1039</label>
			<onclick>ActivateWindow(pictures,addons://sources/image/,return)</onclick>
		</control>
		<control type="button" id="90184">
			<include>ButtonHomeSubCommonValues</include>
			<label>1043</label>
			<onclick>ActivateWindow(programs,addons://sources/executable/,return)</onclick>
		</control>
		<control type="button" id="90185">
			<include>ButtonHomeSubCommonValues</include>
			<label>Android</label>
			<onclick>ActivateWindow(programs,androidapps://,return)</onclick>
			<visible>System.Platform.Android</visible>
		</control>
		<control type="button" id="90186">
			<include>ButtonHomeSubCommonValues</include>
			<label>24034</label>
			<onclick>UpdateAddonRepos</onclick>
		</control>
	</include>
	
	
	<!-- DISC -->
	<include name="HomeSubMenuPlayDisc">
		<defaultcontrol always="true">90132</defaultcontrol>
		<control type="button" id="90132">
			<include>ButtonHomeSubCommonValues</include>
			<label>13391</label>
			<onclick>SetFocus(9000)</onclick>
			<onclick>EjectTray()</onclick>
		</control>
	</include>
	
	
	<!-- SYSTEM -->
	<include name="HomeSubMenuSystem">
		<defaultcontrol always="true">90120</defaultcontrol>
		<control type="button" id="90120">
			<include>ButtonHomeSubCommonValues</include>
			<label>OpenELEC</label>
			<onclick>RunAddon(service.openelec.settings)</onclick>
			<visible>System.HasAddon(service.openelec.settings)</visible>
		</control>
		<control type="button" id="90128">
			<include>ButtonHomeSubCommonValues</include>
			<label>LibreELEC</label>
			<onclick>RunAddon(service.libreelec.settings)</onclick>
			<visible>System.HasAddon(service.libreelec.settings)</visible>
		</control>
		<control type="button" id="90123">
			<include>ButtonHomeSubCommonValues</include>
			<label>7</label>
			<onclick>ActivateWindow(FileManager)</onclick>
		</control>
		<control type="button" id="90124">
			<include>ButtonHomeSubCommonValues</include>
			<label>13200</label>
			<onclick>ActivateWindow(Profiles)</onclick>
		</control>
		<control type="button" id="90125">
			<include>ButtonHomeSubCommonValues</include>
			<label>130</label>
			<onclick>ActivateWindow(SystemInfo)</onclick>
		</control>
		<control type="button" id="90126">
			<include>ButtonHomeSubCommonValues</include>
			<label>14111</label>
			<onclick>ActivateWindow(EventLog,events://,return)</onclick>
			<visible>System.GetBool(eventlog.enabled)</visible>
		</control>
	</include>
	
	
	<!-- GAMES -->
	<include name="HomeSubMenuGames">
		<defaultcontrol always="true">90171</defaultcontrol>
		<control type="button" id="90171">
			<include>ButtonHomeSubCommonValues</include>
			<label>35049</label>
			<onclick>ActivateWindow(Games,addons://sources/game/,return)</onclick>
		</control>
		<control type="button" id="90172">
			<include>ButtonHomeSubCommonValues</include>
			<label>10823</label>
			<onclick>ActivateWindow(GameControllers)</onclick>
		</control>
	</include>
	
	
	
	
	
	
	
	
	
	
	
	
	
	
	
	
	
	
	
	
	<include name="HomeAddonItemsVideos">
		<item id="900211">
			<label>$INFO[Skin.String(HomeVideosButtonSuperFolder1Name)]</label>
			<onclick>ActivateWindow(Videos,$INFO[Skin.String(HomeVideosButtonSuperFolder1Path)],return)</onclick>
			<icon>_added_img/DefaultSuperFolderVideos$VAR[isUhdScreenStringSuffix].png</icon>
			<thumb></thumb>
			<visible>Skin.HasSetting(HomeVideosButtonSuperFolder1) + Skin.HasSetting(HomeVideosButtonSuperFolder1StartWith)</visible>
		</item>
		<item id="900212">
			<label>$INFO[system.addontitle(Skin.String(HomeVideosButton1))]</label>
			<onclick>RunAddon($INFO[Skin.String(HomeVideosButton1)])</onclick>
			<icon>$INFO[system.addonicon(Skin.String(HomeVideosButton1))]</icon>
			<thumb></thumb>
			<visible>!String.IsEmpty(Skin.String(HomeVideosButton1))</visible>
		</item>
		<item id="900213">
			<label>$INFO[system.addontitle(Skin.String(HomeVideosButton2))]</label>
			<onclick>RunAddon($INFO[Skin.String(HomeVideosButton2)])</onclick>
			<icon>$INFO[system.addonicon(Skin.String(HomeVideosButton2))]</icon>
			<thumb></thumb>
			<visible>!String.IsEmpty(Skin.String(HomeVideosButton2))</visible>
		</item>
		<item id="900214">
			<label>$INFO[system.addontitle(Skin.String(HomeVideosButton3))]</label>
			<onclick>RunAddon($INFO[Skin.String(HomeVideosButton3)])</onclick>
			<icon>$INFO[system.addonicon(Skin.String(HomeVideosButton3))]</icon>
			<thumb></thumb>
			<visible>!String.IsEmpty(Skin.String(HomeVideosButton3))</visible>
		</item>
		<item id="900215">
			<label>$INFO[system.addontitle(Skin.String(HomeVideosButton4))]</label>
			<onclick>RunAddon($INFO[Skin.String(HomeVideosButton4)])</onclick>
			<icon>$INFO[system.addonicon(Skin.String(HomeVideosButton4))]</icon>
			<thumb></thumb>
			<visible>!String.IsEmpty(Skin.String(HomeVideosButton4))</visible>
		</item>
		<item id="900216">
			<label>$INFO[system.addontitle(Skin.String(HomeVideosButton5))]</label>
			<onclick>RunAddon($INFO[Skin.String(HomeVideosButton5)])</onclick>
			<icon>$INFO[system.addonicon(Skin.String(HomeVideosButton5))]</icon>
			<thumb></thumb>
			<visible>!String.IsEmpty(Skin.String(HomeVideosButton5))</visible>
		</item>
		<item id="900217">
			<label>$INFO[system.addontitle(Skin.String(HomeVideosButton6))]</label>
			<onclick>RunAddon($INFO[Skin.String(HomeVideosButton6)])</onclick>
			<icon>$INFO[system.addonicon(Skin.String(HomeVideosButton6))]</icon>
			<thumb></thumb>
			<visible>!String.IsEmpty(Skin.String(HomeVideosButton6))</visible>
		</item>
		<item id="900218">
			<label>$INFO[system.addontitle(Skin.String(HomeVideosButton7))]</label>
			<onclick>RunAddon($INFO[Skin.String(HomeVideosButton7)])</onclick>
			<icon>$INFO[system.addonicon(Skin.String(HomeVideosButton7))]</icon>
			<thumb></thumb>
			<visible>!String.IsEmpty(Skin.String(HomeVideosButton7)) + !Skin.HasSetting(HomeVideosButtonSuperFolder1)</visible>
		</item>
		<item id="900219">
			<label>$INFO[Skin.String(HomeVideosButtonSuperFolder1Name)]</label>
			<onclick>ActivateWindow(Videos,$INFO[Skin.String(HomeVideosButtonSuperFolder1Path)],return)</onclick>
			<icon>_added_img/DefaultSuperFolderVideos$VAR[isUhdScreenStringSuffix].png</icon>
			<thumb></thumb>
			<visible>Skin.HasSetting(HomeVideosButtonSuperFolder1) + !Skin.HasSetting(HomeVideosButtonSuperFolder1StartWith)</visible>
		</item>
	</include>
	
	
	
	<include name="HomeAddonItemsPVR">
		<item id="900221">
			<label>$INFO[system.addontitle(Skin.String(HomePVRButton1))]</label>
			<onclick>RunAddon($INFO[Skin.String(HomePVRButton1)])</onclick>
			<icon>$INFO[system.addonicon(Skin.String(HomePVRButton1))]</icon>
			<thumb></thumb>
			<visible>!String.IsEmpty(Skin.String(HomePVRButton1))</visible>
		</item>
		<item id="900222">
			<label>$INFO[system.addontitle(Skin.String(HomePVRButton2))]</label>
			<onclick>RunAddon($INFO[Skin.String(HomePVRButton2)])</onclick>
			<icon>$INFO[system.addonicon(Skin.String(HomePVRButton2))]</icon>
			<thumb></thumb>
			<visible>!String.IsEmpty(Skin.String(HomePVRButton2))</visible>
		</item>
		<item id="900223">
			<label>$INFO[system.addontitle(Skin.String(HomePVRButton3))]</label>
			<onclick>RunAddon($INFO[Skin.String(HomePVRButton3)])</onclick>
			<icon>$INFO[system.addonicon(Skin.String(HomePVRButton3))]</icon>
			<thumb></thumb>
			<visible>!String.IsEmpty(Skin.String(HomePVRButton3))</visible>
		</item>
		<item id="900224">
			<label>$INFO[system.addontitle(Skin.String(HomePVRButton4))]</label>
			<onclick>RunAddon($INFO[Skin.String(HomePVRButton4)])</onclick>
			<icon>$INFO[system.addonicon(Skin.String(HomePVRButton4))]</icon>
			<thumb></thumb>
			<visible>!String.IsEmpty(Skin.String(HomePVRButton4))</visible>
		</item>
		<item id="900225">
			<label>$INFO[system.addontitle(Skin.String(HomePVRButton5))]</label>
			<onclick>RunAddon($INFO[Skin.String(HomePVRButton5)])</onclick>
			<icon>$INFO[system.addonicon(Skin.String(HomePVRButton5))]</icon>
			<thumb></thumb>
			<visible>!String.IsEmpty(Skin.String(HomePVRButton5))</visible>
		</item>
		<item id="900226">
			<label>$INFO[system.addontitle(Skin.String(HomePVRButton6))]</label>
			<onclick>RunAddon($INFO[Skin.String(HomePVRButton6)])</onclick>
			<icon>$INFO[system.addonicon(Skin.String(HomePVRButton6))]</icon>
			<thumb></thumb>
			<visible>!String.IsEmpty(Skin.String(HomePVRButton6))</visible>
		</item>
		<item id="900227">
			<label>$INFO[system.addontitle(Skin.String(HomePVRButton7))]</label>
			<onclick>RunAddon($INFO[Skin.String(HomePVRButton7)])</onclick>
			<icon>$INFO[system.addonicon(Skin.String(HomePVRButton7))]</icon>
			<thumb></thumb>
			<visible>!String.IsEmpty(Skin.String(HomePVRButton7))</visible>
		</item>
	</include>
	
	
	
	<include name="HomeAddonItemsMusic">
		<item id="900231">
			<label>$INFO[system.addontitle(Skin.String(HomeMusicButton1))]</label>
			<onclick>RunAddon($INFO[Skin.String(HomeMusicButton1)])</onclick>
			<icon>$INFO[system.addonicon(Skin.String(HomeMusicButton1))]</icon>
			<thumb></thumb>
			<visible>!String.IsEmpty(Skin.String(HomeMusicButton1))</visible>
		</item>
		<item id="900232">
			<label>$INFO[system.addontitle(Skin.String(HomeMusicButton2))]</label>
			<onclick>RunAddon($INFO[Skin.String(HomeMusicButton2)])</onclick>
			<icon>$INFO[system.addonicon(Skin.String(HomeMusicButton2))]</icon>
			<thumb></thumb>
			<visible>!String.IsEmpty(Skin.String(HomeMusicButton2))</visible>
		</item>
		<item id="900233">
			<label>$INFO[system.addontitle(Skin.String(HomeMusicButton3))]</label>
			<onclick>RunAddon($INFO[Skin.String(HomeMusicButton3)])</onclick>
			<icon>$INFO[system.addonicon(Skin.String(HomeMusicButton3))]</icon>
			<thumb></thumb>
			<visible>!String.IsEmpty(Skin.String(HomeMusicButton3))</visible>
		</item>
		<item id="900234">
			<label>$INFO[system.addontitle(Skin.String(HomeMusicButton4))]</label>
			<onclick>RunAddon($INFO[Skin.String(HomeMusicButton4)])</onclick>
			<icon>$INFO[system.addonicon(Skin.String(HomeMusicButton4))]</icon>
			<thumb></thumb>
			<visible>!String.IsEmpty(Skin.String(HomeMusicButton4))</visible>
		</item>
		<item id="900235">
			<label>$INFO[system.addontitle(Skin.String(HomeMusicButton5))]</label>
			<onclick>RunAddon($INFO[Skin.String(HomeMusicButton5)])</onclick>
			<icon>$INFO[system.addonicon(Skin.String(HomeMusicButton5))]</icon>
			<thumb></thumb>
			<visible>!String.IsEmpty(Skin.String(HomeMusicButton5))</visible>
		</item>
		<item id="900236">
			<label>$INFO[system.addontitle(Skin.String(HomeMusicButton6))]</label>
			<onclick>RunAddon($INFO[Skin.String(HomeMusicButton6)])</onclick>
			<icon>$INFO[system.addonicon(Skin.String(HomeMusicButton6))]</icon>
			<thumb></thumb>
			<visible>!String.IsEmpty(Skin.String(HomeMusicButton6))</visible>
		</item>
		<item id="900237">
			<label>$INFO[system.addontitle(Skin.String(HomeMusicButton7))]</label>
			<onclick>RunAddon($INFO[Skin.String(HomeMusicButton7)])</onclick>
			<icon>$INFO[system.addonicon(Skin.String(HomeMusicButton7))]</icon>
			<thumb></thumb>
			<visible>!String.IsEmpty(Skin.String(HomeMusicButton7))</visible>
		</item>
	</include>
	
	
	
	<include name="HomeAddonItemsPictures">
		<item id="900241">
			<label>$INFO[system.addontitle(Skin.String(HomePictureButton1))]</label>
			<onclick>RunAddon($INFO[Skin.String(HomePictureButton1)])</onclick>
			<icon>$INFO[system.addonicon(Skin.String(HomePictureButton1))]</icon>
			<thumb></thumb>
			<visible>!String.IsEmpty(Skin.String(HomePictureButton1))</visible>
		</item>
		<item id="900242">
			<label>$INFO[system.addontitle(Skin.String(HomePictureButton2))]</label>
			<onclick>RunAddon($INFO[Skin.String(HomePictureButton2)])</onclick>
			<icon>$INFO[system.addonicon(Skin.String(HomePictureButton2))]</icon>
			<thumb></thumb>
			<visible>!String.IsEmpty(Skin.String(HomePictureButton2))</visible>
		</item>
		<item id="900243">
			<label>$INFO[system.addontitle(Skin.String(HomePictureButton3))]</label>
			<onclick>RunAddon($INFO[Skin.String(HomePictureButton3)])</onclick>
			<icon>$INFO[system.addonicon(Skin.String(HomePictureButton3))]</icon>
			<thumb></thumb>
			<visible>!String.IsEmpty(Skin.String(HomePictureButton3))</visible>
		</item>
		<item id="900244">
			<label>$INFO[system.addontitle(Skin.String(HomePictureButton4))]</label>
			<onclick>RunAddon($INFO[Skin.String(HomePictureButton4)])</onclick>
			<icon>$INFO[system.addonicon(Skin.String(HomePictureButton4))]</icon>
			<thumb></thumb>
			<visible>!String.IsEmpty(Skin.String(HomePictureButton4))</visible>
		</item>
		<item id="900245">
			<label>$INFO[system.addontitle(Skin.String(HomePictureButton5))]</label>
			<onclick>RunAddon($INFO[Skin.String(HomePictureButton5)])</onclick>
			<icon>$INFO[system.addonicon(Skin.String(HomePictureButton5))]</icon>
			<thumb></thumb>
			<visible>!String.IsEmpty(Skin.String(HomePictureButton5))</visible>
		</item>
		<item id="900246">
			<label>$INFO[system.addontitle(Skin.String(HomePictureButton6))]</label>
			<onclick>RunAddon($INFO[Skin.String(HomePictureButton6)])</onclick>
			<icon>$INFO[system.addonicon(Skin.String(HomePictureButton6))]</icon>
			<thumb></thumb>
			<visible>!String.IsEmpty(Skin.String(HomePictureButton6))</visible>
		</item>
		<item id="900247">
			<label>$INFO[system.addontitle(Skin.String(HomePictureButton7))]</label>
			<onclick>RunAddon($INFO[Skin.String(HomePictureButton7)])</onclick>
			<icon>$INFO[system.addonicon(Skin.String(HomePictureButton7))]</icon>
			<thumb></thumb>
			<visible>!String.IsEmpty(Skin.String(HomePictureButton7))</visible>
		</item>
	</include>
	
	
	
	<include name="HomeAddonItemsPrograms">
		<item id="900251">
			<label>$INFO[system.addontitle(Skin.String(HomeProgramButton1))]</label>
			<onclick>RunAddon($INFO[Skin.String(HomeProgramButton1)])</onclick>
			<icon>$INFO[system.addonicon(Skin.String(HomeProgramButton1))]</icon>
			<thumb></thumb>
			<visible>!String.IsEmpty(Skin.String(HomeProgramButton1))</visible>
		</item>
		<item id="900252">
			<label>$INFO[system.addontitle(Skin.String(HomeProgramButton2))]</label>
			<onclick>RunAddon($INFO[Skin.String(HomeProgramButton2)])</onclick>
			<icon>$INFO[system.addonicon(Skin.String(HomeProgramButton2))]</icon>
			<thumb></thumb>
			<visible>!String.IsEmpty(Skin.String(HomeProgramButton2))</visible>
		</item>
		<item id="900253">
			<label>$INFO[system.addontitle(Skin.String(HomeProgramButton3))]</label>
			<onclick>RunAddon($INFO[Skin.String(HomeProgramButton3)])</onclick>
			<icon>$INFO[system.addonicon(Skin.String(HomeProgramButton3))]</icon>
			<thumb></thumb>
			<visible>!String.IsEmpty(Skin.String(HomeProgramButton3))</visible>
		</item>
		<item id="900254">
			<label>$INFO[system.addontitle(Skin.String(HomeProgramButton4))]</label>
			<onclick>RunAddon($INFO[Skin.String(HomeProgramButton4)])</onclick>
			<icon>$INFO[system.addonicon(Skin.String(HomeProgramButton4))]</icon>
			<thumb></thumb>
			<visible>!String.IsEmpty(Skin.String(HomeProgramButton4))</visible>
		</item>
		<item id="900255">
			<label>$INFO[system.addontitle(Skin.String(HomeProgramButton5))]</label>
			<onclick>RunAddon($INFO[Skin.String(HomeProgramButton5)])</onclick>
			<icon>$INFO[system.addonicon(Skin.String(HomeProgramButton5))]</icon>
			<thumb></thumb>
			<visible>!String.IsEmpty(Skin.String(HomeProgramButton5))</visible>
		</item>
		<item id="900256">
			<label>$INFO[system.addontitle(Skin.String(HomeProgramButton6))]</label>
			<onclick>RunAddon($INFO[Skin.String(HomeProgramButton6)])</onclick>
			<icon>$INFO[system.addonicon(Skin.String(HomeProgramButton6))]</icon>
			<thumb></thumb>
			<visible>!String.IsEmpty(Skin.String(HomeProgramButton6))</visible>
		</item>
		<item id="900257">
			<label>$INFO[system.addontitle(Skin.String(HomeProgramButton7))]</label>
			<onclick>RunAddon($INFO[Skin.String(HomeProgramButton7)])</onclick>
			<icon>$INFO[system.addonicon(Skin.String(HomeProgramButton7))]</icon>
			<thumb></thumb>
			<visible>!String.IsEmpty(Skin.String(HomeProgramButton7))</visible>
		</item>
	</include>
	
	
	
	<include name="HomeAddonItemsFavorites">
		<item id="900201">
			<label>$INFO[system.addontitle(Skin.String(HomeFavoritesButton1))]</label>
			<onclick>RunAddon($INFO[Skin.String(HomeFavoritesButton1)])</onclick>
			<icon>$INFO[system.addonicon(Skin.String(HomeFavoritesButton1))]</icon>
			<thumb></thumb>
			<visible>!String.IsEmpty(Skin.String(HomeFavoritesButton1))</visible>
		</item>
		<item id="900202">
			<label>$INFO[system.addontitle(Skin.String(HomeFavoritesButton2))]</label>
			<onclick>RunAddon($INFO[Skin.String(HomeFavoritesButton2)])</onclick>
			<icon>$INFO[system.addonicon(Skin.String(HomeFavoritesButton2))]</icon>
			<thumb></thumb>
			<visible>!String.IsEmpty(Skin.String(HomeFavoritesButton2))</visible>
		</item>
		<item id="900203">
			<label>$INFO[system.addontitle(Skin.String(HomeFavoritesButton3))]</label>
			<onclick>RunAddon($INFO[Skin.String(HomeFavoritesButton3)])</onclick>
			<icon>$INFO[system.addonicon(Skin.String(HomeFavoritesButton3))]</icon>
			<thumb></thumb>
			<visible>!String.IsEmpty(Skin.String(HomeFavoritesButton3))</visible>
		</item>
		<item id="900204">
			<label>$INFO[system.addontitle(Skin.String(HomeFavoritesButton4))]</label>
			<onclick>RunAddon($INFO[Skin.String(HomeFavoritesButton4)])</onclick>
			<icon>$INFO[system.addonicon(Skin.String(HomeFavoritesButton4))]</icon>
			<thumb></thumb>
			<visible>!String.IsEmpty(Skin.String(HomeFavoritesButton4))</visible>
		</item>
		<item id="900205">
			<label>$INFO[system.addontitle(Skin.String(HomeFavoritesButton5))]</label>
			<onclick>RunAddon($INFO[Skin.String(HomeFavoritesButton5)])</onclick>
			<icon>$INFO[system.addonicon(Skin.String(HomeFavoritesButton5))]</icon>
			<thumb></thumb>
			<visible>!String.IsEmpty(Skin.String(HomeFavoritesButton5))</visible>
		</item>
		<item id="900206">
			<label>$INFO[system.addontitle(Skin.String(HomeFavoritesButton6))]</label>
			<onclick>RunAddon($INFO[Skin.String(HomeFavoritesButton6)])</onclick>
			<icon>$INFO[system.addonicon(Skin.String(HomeFavoritesButton6))]</icon>
			<thumb></thumb>
			<visible>!String.IsEmpty(Skin.String(HomeFavoritesButton6))</visible>
		</item>
		<item id="900207">
			<label>$INFO[system.addontitle(Skin.String(HomeFavoritesButton7))]</label>
			<onclick>RunAddon($INFO[Skin.String(HomeFavoritesButton7)])</onclick>
			<icon>$INFO[system.addonicon(Skin.String(HomeFavoritesButton7))]</icon>
			<thumb></thumb>
			<visible>!String.IsEmpty(Skin.String(HomeFavoritesButton7))</visible>
		</item>
	</include>
	
	
	
	<include name="HomeAddonItemsGames">
		<item id="900271">
			<label>$INFO[system.addontitle(Skin.String(HomeGamesButton1))]</label>
			<onclick>RunAddon($INFO[Skin.String(HomeGamesButton1)])</onclick>
			<icon>$INFO[system.addonicon(Skin.String(HomeGamesButton1))]</icon>
			<thumb></thumb>
			<visible>!String.IsEmpty(Skin.String(HomeGamesButton1))</visible>
		</item>
		<item id="900272">
			<label>$INFO[system.addontitle(Skin.String(HomeGamesButton2))]</label>
			<onclick>RunAddon($INFO[Skin.String(HomeGamesButton2)])</onclick>
			<icon>$INFO[system.addonicon(Skin.String(HomeGamesButton2))]</icon>
			<thumb></thumb>
			<visible>!String.IsEmpty(Skin.String(HomeGamesButton2))</visible>
		</item>
		<item id="900273">
			<label>$INFO[system.addontitle(Skin.String(HomeGamesButton3))]</label>
			<onclick>RunAddon($INFO[Skin.String(HomeGamesButton3)])</onclick>
			<icon>$INFO[system.addonicon(Skin.String(HomeGamesButton3))]</icon>
			<thumb></thumb>
			<visible>!String.IsEmpty(Skin.String(HomeGamesButton3))</visible>
		</item>
		<item id="900274">
			<label>$INFO[system.addontitle(Skin.String(HomeGamesButton4))]</label>
			<onclick>RunAddon($INFO[Skin.String(HomeGamesButton4)])</onclick>
			<icon>$INFO[system.addonicon(Skin.String(HomeGamesButton4))]</icon>
			<thumb></thumb>
			<visible>!String.IsEmpty(Skin.String(HomeGamesButton4))</visible>
		</item>
		<item id="900275">
			<label>$INFO[system.addontitle(Skin.String(HomeGamesButton5))]</label>
			<onclick>RunAddon($INFO[Skin.String(HomeGamesButton5)])</onclick>
			<icon>$INFO[system.addonicon(Skin.String(HomeGamesButton5))]</icon>
			<thumb></thumb>
			<visible>!String.IsEmpty(Skin.String(HomeGamesButton5))</visible>
		</item>
		<item id="900276">
			<label>$INFO[system.addontitle(Skin.String(HomeGamesButton6))]</label>
			<onclick>RunAddon($INFO[Skin.String(HomeGamesButton6)])</onclick>
			<icon>$INFO[system.addonicon(Skin.String(HomeGamesButton6))]</icon>
			<thumb></thumb>
			<visible>!String.IsEmpty(Skin.String(HomeGamesButton6))</visible>
		</item>
		<item id="900277">
			<label>$INFO[system.addontitle(Skin.String(HomeGamesButton7))]</label>
			<onclick>RunAddon($INFO[Skin.String(HomeGamesButton7)])</onclick>
			<icon>$INFO[system.addonicon(Skin.String(HomeGamesButton7))]</icon>
			<thumb></thumb>
			<visible>!String.IsEmpty(Skin.String(HomeGamesButton7))</visible>
		</item>
	</include>
	
	
	
</includes>
