<?xml version="1.0" encoding="UTF-8"?>
<includes>
	
	
	
	<include name="ModernView">
		<control type="group">
			<visible>Control.IsVisible(52)</visible>
			<include>VisibleFadeEffect</include>
			<control type="panel" id="52"><!-- Fix for weird history focus scroll bug on window load (only Kodi 17?) workaround: change "list" to "panel" with no further changes -->
				<visible>Container.Content(Episodes) | Container.Content(Files)</visible>
				<left>70</left><!-- 70 308 -->
				<top>66</top><!-- 66 72 -->
				<width>1080</width>
				<height>590</height>
				<onleft>2</onleft>
				<onright>60</onright>
				<onup>52</onup>
				<ondown>52</ondown>
				<viewtype label="Modern">list</viewtype>
				<pagecontrol>60</pagecontrol>
				
				<scrolltime tween="sine" easing="inout">325</scrolltime>
				
				<itemlayout width="1080" height="98" condition="!Container.Content(Episodes)">
					<include>ModernViewItemLayout</include>
				</itemlayout>
				<itemlayout width="1080" height="118" condition="Container.Content(Episodes)">
					<include>ModernViewItemLayout</include>
				</itemlayout>
				
				<focusedlayout width="1080" height="98" condition="!Container.Content(Episodes)">
					<include>ModernViewFocusedLayout</include>
				</focusedlayout>
				<focusedlayout width="1080" height="118" condition="Container.Content(Episodes)">
					<include>ModernViewFocusedLayout</include>
				</focusedlayout>
				
			</control>
			<control type="scrollbar" id="60">
				<left>1166</left>
				<top>66</top>
				<include>scrollBarStyleDefaultWidth</include>
				<height>588</height>
				<onleft>52</onleft>
				<onright>noop</onright>
				<showonepage>false</showonepage>
				<visible>Control.IsVisible(52) + !Container.Content(Episodes)</visible>
				<include>scrollBarStyleDefault</include>
			</control>
			<control type="scrollbar" id="60">
				<left>1166</left>
				<top>66</top>
				<include>scrollBarStyleDefaultWidth</include>
				<height>590</height>
				<onleft>52</onleft>
				<onright>noop</onright>
				<showonepage>false</showonepage>
				<visible>Control.IsVisible(52) + Container.Content(Episodes)</visible>
				<include>scrollBarStyleDefault</include>
			</control>
		</control>
	</include>
	
	
	
	<include name="SeasonsView">
		<control type="group">
			<visible>Control.IsVisible(509) | Control.IsVisible(510)</visible>
			<include>VisibleFadeEffect</include>
			
			<control type="image">
				<left>72</left>
				<top>72</top>
				<width>200</width>
				<height>300</height>
				<aspectratio>scale</aspectratio>
				<texture>$VAR[TvShowSeasonPoster]</texture>
				<fadetime>IconCrossfadeTime</fadetime>
			</control>
			
			<control type="group">
				<visible>Control.IsVisible(509)</visible>
				<include>VisibleFadeEffect</include>
				<control type="image">
					<left>308</left>
					<top>72</top>
					<width>64</width>
					<height>80</height>
					<aspectratio>stretch</aspectratio>
					<texture>colors/accent_color.png</texture>
				</control>
				<control type="image">
					<left>328</left>
					<top>90</top>
					<width>26</width>
					<height>26</height>
					<aspectratio>stretch</aspectratio>
					<texture>scroll-up.png</texture>
					<!--<animation effect="fade" start="100" end="15" time="500" condition="!Container(509).HasPrevious">Conditional</animation>-->
				</control>
				<control type="image">
					<left>328</left>
					<top>112</top>
					<width>26</width>
					<height>26</height>
					<aspectratio>stretch</aspectratio>
					<texture flipy="true">scroll-up.png</texture>
					<!--<animation effect="fade" start="100" end="15" time="500" condition="!Container(509).HasNext">Conditional</animation>-->
				</control>
				
				<control type="image">
					<left>960</left>
					<top>98</top>
					<width>30</width>
					<height>30</height>
					<texture>OverlayWatched_large.png</texture>
					<aspectratio>keep</aspectratio>
					<visible>!String.IsEmpty(Container(509).ListItem.PlayCount)</visible>
					<include>VisibleFadeEffect</include>
				</control>
			</control>
			
			<control type="fixedlist" id="509">
				
				<visible>Container.Content(Seasons)</visible>
				
				<left>372</left>
				<top>72</top>
				<width>670</width>
				<height>82</height>
				<onleft>2</onleft>
				<onright>noop</onright>
				<onup>20000</onup>
				<ondown>20001</ondown>
				<viewtype label="Seasons">list</viewtype>
				<pagecontrol></pagecontrol>
				<scrolltime>0</scrolltime>
				<preloaditems>3</preloaditems>
				
				<orientation>vertical</orientation>
				<focusposition>0</focusposition>
				<movement>0</movement>
				
				<itemlayout width="1280" height="82"></itemlayout>
				
				<focusedlayout width="1280" height="82">
					<control type="image">
						<left>0</left>
						<top>0</top>
						<width>400</width>
						<height>80</height>
						<texture border="4" colordiffuse="9e0269af">colors/white.png</texture>
						<include>itemFocusFadeInAnimationType1</include>
					</control>
					<control type="label">
						<left>12</left>
						<top>0</top>
						<width>378</width>
						<height>80</height>
						<font>Light28</font>
						<textcolor>white</textcolor>
						<selectedcolor>selected</selectedcolor>
						<align>center</align>
						<aligny>center</aligny>
						<label>$INFO[ListItem.Label]</label><!-- $INFO[ListItem.Property(TotalSeasons)] Season Three: The New World -->
						<scroll>false</scroll>
					</control>
					<control type="label">
						<left>436</left>
						<top>0</top>
						<width>400</width>
						<height>80</height>
						<font>Light24</font>
						<textcolor>white</textcolor>
						<selectedcolor>selected</selectedcolor>
						<align>left</align>
						<aligny>center</aligny>
						<label>$INFO[ListItem.Property(TotalEpisodes)] $VAR[TvShowEpisodesLabel]</label>
						<visible>!String.IsEmpty(ListItem.Property(TotalEpisodes))</visible>
					</control>
				</focusedlayout>
			</control>
			
			<control type="button" id="20001">
				<include>HiddenObject</include>
				<animation effect="fade" time="600" start="100" end="0">Focus</animation>
				<onfocus>SetFocus(509)</onfocus>
				<onclick>noop</onclick>
				<visible allowhiddenfocus="true">Control.HasFocus(20001)</visible>
			</control>
			<control type="button" id="20000">
				<include>HiddenObject</include>
				<animation effect="fade" time="600" start="100" end="0">Focus</animation>
				<onfocus>SetFocus(509)</onfocus>
				<onclick>noop</onclick>
				<visible allowhiddenfocus="true">Control.HasFocus(20000)</visible>
			</control>
			<animation type="Conditional" condition="Control.IsVisible(20000)" reversible="false">
				<effect type="slide" end="0,13" time="204" tween="sine" />
				<effect type="slide" end="0,-13" time="613" tween="sine" delay="272" />
			</animation>
			<animation type="Conditional" condition="Control.IsVisible(20001)" reversible="false">
				<effect type="slide" end="0,-13" time="204" tween="sine" />
				<effect type="slide" end="0,13" time="613" tween="sine" delay="272" />
			</animation>
			
		</control>
	</include>
	
	
	
	<include name="EpisodesView">
		<control type="group">
			<visible>Control.IsVisible(510)</visible>
			<include>VisibleFadeEffect</include>
			<control type="panel" id="510"><!-- Fix for weird history focus scroll bug on window load (only Kodi 17?) workaround: change "list" to "panel" with no further changes -->
				<visible>Container.Content(Episodes) | Container.Content(Files)</visible>
				<left>308</left>
				<top>72</top>
				<width>1080</width>
				<height>592</height>
				<onleft>2</onleft>
				<onright>60</onright>
				<onup>510</onup>
				<ondown>510</ondown>
				<viewtype label="Episodes">list</viewtype>
				<pagecontrol>60</pagecontrol>
				
				<scrolltime tween="sine" easing="inout">375</scrolltime>
				
				<itemlayout width="1080" height="148">
					<include>EpisodesViewItemLayout</include>
				</itemlayout>
				
				<focusedlayout width="1080" height="148">
					<include>EpisodesViewFocusedLayout</include>
				</focusedlayout>
				
			</control>
			<control type="scrollbar" id="60">
				<left>1166</left>
				<top>72</top>
				<include>scrollBarStyleDefaultWidth</include>
				<height>592</height>
				<onleft>510</onleft>
				<onright>noop</onright>
				<showonepage>false</showonepage>
				<visible>Control.IsVisible(510)</visible>
				<include>scrollBarStyleDefault</include>
			</control>
		</control>
	</include>
	
	
	
	
	
	
	
	
	
	
	<!-- View "Fanart" -->
	<include name="PosterWrapView2_Fanart">
		<control type="group">
			<visible>Control.IsVisible(508)</visible>

			<control type="group">
				
				<left>0</left>
				<top>0</top>
				<width>1280</width>
				<height>720</height>
				
				<control type="image">
					<left>391</left>
					<top>0</top>
					<width>889</width>
					<height>500</height>
					<aspectratio align="left" scalediffuse="true">scale</aspectratio>
					<fadetime>IconCrossfadeTime</fadetime>
					<texture diffuse="_added_img/fanart_diffuse.png" background="true" fallback="colors/transparent.png">$INFO[ListItem.Art(fanart)]</texture>
					<!-- use fallback="colors/transparent.png" as workaround for "showing old fanart if focused item has no fanart" when using background="true" (Kodi background loader bug) -->
				</control>
				
				<control type="group">
					
					<animation effect="slide" start="0,0" end="0,20" delay="0" time="0" condition="Container.Content(Albums)">conditional</animation>
					
					<left>40</left>
					<top>80</top>
					
					<control type="label">
						<left>10</left>
						<top>20</top>
						<width>740</width>
						<height>30</height>
						<font>Light24</font>
						<textcolor>grey2</textcolor>
						<align>left</align>
						<aligny>center</aligny>
						<label>$VAR[FanartViewListItemSubTitle]</label>
						<scroll>false</scroll>
						<visible>Container.Content(Albums)</visible>
					</control>
					
					<control type="label">
						<left>10</left>
						<top>60</top>
						<width>740</width>
						<height>30</height>
						<font>LightUltraLarge</font>
						<textcolor>white</textcolor>
						<shadowcolor>black</shadowcolor><!-- DON'T REMOVE - this is the only one needed for modern views. It's an exception. -->
						<align>left</align>
						<aligny>center</aligny>
						<label>$VAR[FanartViewListItemTitle]</label>
						<scroll>false</scroll>
					</control>
					
					<control type="textbox">
						<description>Description Value for Video</description>
						<left>10</left>
						<top>150</top><!--120-->
						<width>400</width>
						<height>106</height>
						<font>Light20+</font>
						<align>left</align>
						<textcolor>white</textcolor>
						<label>$VAR[FanartViewListItemPlot]</label><!--String.IsEqual(ListItem.DbType,Set)-->
						<visible>[Container.Content(Albums) + !String.IsEmpty(ListItem.Property(Album_Description))] | [!String.IsEmpty(ListItem.Plot) + [System.GetBool(videolibrary.showunwatchedplots) | !String.IsEmpty(ListItem.PlayCount)]]</visible>
					</control>
					<control type="label">
						<left>10</left>
						<top>260</top>
						<width>740</width>
						<height>30</height>
						<font>Light18</font>
						<textcolor>white</textcolor>
						<align>left</align>
						<aligny>center</aligny>
						<label>...</label>
						<visible>[Container.Content(Albums) + !String.IsEmpty(ListItem.Property(Album_Description))] | [!String.IsEmpty(ListItem.Plot) + [System.GetBool(videolibrary.showunwatchedplots) | !String.IsEmpty(ListItem.PlayCount)]]</visible>
					</control>
					<control type="group">
						<left>10</left>
						<top>110</top>
						<width>500</width>
						<height>500</height>
						
						<control type="grouplist">
							<description>Media Codec Flagging Images</description>
							<align>left</align>
							<itemgap>6</itemgap>
							<orientation>horizontal</orientation>
							
							<!-- year -->
							<control type="label">
								<width>auto</width>
								<height>36</height>
								<font>Light25</font>
								<textcolor>grey3</textcolor>
								<align>left</align>
								<aligny>center</aligny>
								<label>$VAR[FanartViewListItemYear]</label>
								<scroll>false</scroll>
								<visible>!String.IsEmpty(ListItem.Year) | [Container.Content(Albums) + !String.IsEmpty(ListItem.Genre)]</visible>
							</control>
							<control type="label">
								<width>14</width>
								<height>36</height>
								<font>Light25</font>
								<textcolor>grey3</textcolor>
								<align>left</align>
								<aligny>center</aligny>
								<label></label>
								<scroll>false</scroll>
								<visible>!String.IsEmpty(ListItem.Year) | [Container.Content(Albums) + !String.IsEmpty(ListItem.Genre)]</visible>
							</control>
							
							<include>VideoMPAAFlaggingConditions</include>
							<include condition="!Skin.HasSetting(HideVideoRatings) | Container.Content(Albums)">VideoRatingStars</include>
							<include>VideoCodecFlaggingConditionsResOnly</include>
							<include>VideoStereoscopicsFlaggingConditions</include>
							<!--<include>AudioCodecFlaggingConditions</include>-->
							<include>AudioChannelsFlaggingConditions</include>
							<!--<include>AspectCodecFlaggingConditions</include>-->
							<!--<include>VideoTypeHackFlaggingConditions</include>-->
							
							<!-- seasons -->
							<control type="label">
								<width>auto</width>
								<height>36</height>
								<font>Light24</font>
								<textcolor>grey3</textcolor>
								<align>left</align>
								<aligny>center</aligny>
								<label> $INFO[ListItem.Property(TotalSeasons)] $VAR[TvShowSeasonsLabel] </label>
								<scroll>false</scroll>
								<visible>!String.IsEmpty(ListItem.Property(TotalSeasons))</visible>
							</control>
							
							<!-- watched -->
							<control type="group">
								<width>28</width>
								<height>36</height>
								<control type="image">
									<top>-2</top>
									<width>30</width>
									<height>36</height>
									<aspectratio>keep</aspectratio>
									<texture background="true">$INFO[ListItem.Overlay]</texture>
								</control>
								<visible>!String.IsEmpty(ListItem.Overlay)</visible>
								<include>VisibleFadeEffect</include>
							</control>
							
							<animation reversible="false" effect="zoom" end="0,0,364,364" time="0" condition="true">Conditional</animation>
						</control>
						
					</control>
					
					<visible>!Container(508).ListItem.IsParentFolder</visible>
					<animation effect="fade" start="100" end="0" time="1000" condition="Container(508).ListItem.IsParentFolder">conditional</animation>
					
				</control>
			</control>






			<!-- items area -->
			<control type="group">
				<visible>Control.IsVisible(508)</visible>
				<include>VisibleFadeEffect</include>
				<left>0</left>
				<top>460</top>
				
				<control type="fixedlist" id="508">
					
					<animation effect="slide" start="0,0" end="-18,0" delay="0" time="0" condition="Container.Content(Albums)">conditional</animation>
					
					<depth>DepthContent-</depth>
					<visible>Container.Content(Movies) | Container.Content(TVShows) | Container.Content(Albums)</visible>
					<hitrect x="340" y="-80" w="180" h="270" />
					<left>-36</left>
					<top>-14</top>
					<width>1352</width><!--1320-->
					<height>300</height>
					<onleft>508</onleft>
					<onright>508</onright>
					<onup>Noop</onup>
					<ondown>2</ondown>
					<viewtype label="31029">wrap</viewtype>
					<pagecontrol>60</pagecontrol>
					<scrolltime tween="sine" easing="out">425</scrolltime>
					
					<focusposition>3</focusposition>
					<movement>0</movement>
					<orientation>horizontal</orientation>
					<preloaditems>4</preloaditems>
					
					<itemlayout height="300" width="134" condition="!Container.Content(Albums)">
						<include>FanartViewItemLayout</include>
					</itemlayout>
					<itemlayout height="300" width="140" condition="Container.Content(Albums)">
						<include>FanartViewItemLayout</include>
					</itemlayout>
					
					<focusedlayout height="300" width="134" condition="!Container.Content(Albums)">
						<include>FanartViewFocusedLayout</include>
					</focusedlayout>
					<focusedlayout height="300" width="140" condition="Container.Content(Albums)">
						<include>FanartViewFocusedLayout</include>
					</focusedlayout>
					
				</control>
				
				<control type="group">
					<control type="scrollbar" id="60">
						<depth>DepthContent</depth>
						<left>0</left>
						<top>198</top>
						<width>1280</width>
						<include>scrollBarStyleDefaultHeight</include>
						<onup>508</onup>
						<ondown>noop</ondown>
						<showonepage>false</showonepage>
						<visible>Control.IsVisible(508)</visible>
						
						<include>scrollBarStyleDefault</include>
						
					</control>
					<animation effect="fade" reversible="true" start="100" end="10" time="0" condition="true">conditional</animation>
				</control>
				
			</control>
			
			
			
		</control>
	</include>


	
	<include name="MediaListView3">
		<control type="group">
			<visible>Control.IsVisible(503)</visible>
			<include>VisibleFadeEffect</include>
			
			<control type="panel" id="503"><!-- Fix for weird history focus scroll bug on window load (only Kodi 17?) workaround: change "list" to "panel" with no further changes -->
				<left>70</left>
				<top>245</top>
				<width>582</width>
				<height>401</height>
				<onleft>2</onleft>
				<onright>60</onright>
				<onup>503</onup>
				<ondown>503</ondown>
				<viewtype label="$LOCALIZE[544] 2">list</viewtype>
				<pagecontrol>60</pagecontrol>
				<include>SimpleListViewsScrollTime</include>
				<visible>Container.Content(TVShows) | Container.Content(Seasons) | Container.Content(Episodes) | Container.Content(Movies)</visible>
				
				<itemlayout height="40" width="582">
					<control type="label">
						<left>10</left>
						<top>0</top>
						<width>520</width>
						<height>40</height>
						<font>Regular20</font>
						<textcolor>grey2</textcolor>
						<selectedcolor>selected</selectedcolor>
						<align>left</align>
						<aligny>center</aligny>
						<label>$INFO[ListItem.Label]</label>
					</control>
					<control type="label">
						<left>10</left>
						<top>0</top>
						<width>500</width>
						<height>40</height>
						<font>Regular17</font>
						<textcolor>grey2</textcolor>
						<selectedcolor>selected</selectedcolor>
						<align>right</align>
						<aligny>center</aligny>
						<label>$INFO[ListItem.Label2]</label>
						<visible>Window.IsVisible(Videos)</visible>
						<animation effect="slide" start="0,0" end="40,0" delay="0" time="0" condition="![Container.Content(Movies) | Container.Content(Episodes) | Container.Content(MusicVideos)]">conditional</animation>
					</control>
					<control type="image">
						<left>515</left>
						<top>8</top>
						<width>35</width>
						<height>26</height>
						<texture colordiffuse="ffd2d2d2">$VAR[MediaInfoOverlayVar]</texture>
						<aspectratio>keep</aspectratio>
						<visible>Container.Content(Movies) | Container.Content(Sets) | Container.Content(Episodes) | Container.Content(MusicVideos)</visible>
					</control>
					<control type="image">
						<left>555</left>
						<top>10</top>
						<width>20</width>
						<height>20</height>
						<texture colordiffuse="ffd2d2d2">OverlayWatching.png</texture>
						<visible>ListItem.IsResumable</visible>
					</control>
					<control type="image">
						<left>555</left>
						<top>10</top>
						<width>20</width>
						<height>20</height>
						<texture colordiffuse="ffd2d2d2">$INFO[ListItem.Overlay]</texture>
						<aspectratio align="left">keep</aspectratio>
					</control>
				</itemlayout>
				
				<focusedlayout height="40" width="582">
					<control type="image">
						<left>0</left>
						<top>0</top>
						<width>582</width>
						<height>41</height>
						<texture border="4">MenuItemFO.png</texture>
						<visible>Control.HasFocus(503)</visible>
						<include>VisibleFadeEffect</include>
					</control>
					<control type="label">
						<left>10</left>
						<top>0</top>
						<width>520</width>
						<height>40</height>
						<font>Regular20</font>
						<textcolor>white</textcolor>
						<selectedcolor>selected</selectedcolor>
						<align>left</align>
						<aligny>center</aligny>
						<label>$INFO[ListItem.Label]</label>
					</control>
					<control type="label">
						<left>10</left>
						<top>0</top>
						<width>500</width>
						<height>40</height>
						<font>Regular17</font>
						<textcolor>grey2</textcolor>
						<selectedcolor>selected</selectedcolor>
						<align>right</align>
						<aligny>center</aligny>
						<label>$INFO[ListItem.Label2]</label>
						<visible>Window.IsVisible(Videos)</visible>
						<animation effect="slide" start="0,0" end="40,0" delay="0" time="0" condition="![Container.Content(Movies) | Container.Content(Episodes) | Container.Content(MusicVideos)]">conditional</animation>
					</control>
					<control type="image">
						<left>515</left>
						<top>8</top>
						<width>35</width>
						<height>26</height>
						<texture>$VAR[MediaInfoOverlayVar]</texture>
						<aspectratio>keep</aspectratio>
						<visible>Container.Content(Movies) | Container.Content(Sets) | Container.Content(Episodes) | Container.Content(MusicVideos)</visible>
					</control>
					<control type="image">
						<left>555</left>
						<top>10</top>
						<width>20</width>
						<height>20</height>
						<texture>OverlayWatching.png</texture>
						<visible>ListItem.IsResumable</visible>
					</control>
					<control type="image">
						<left>555</left>
						<top>10</top>
						<width>20</width>
						<height>20</height>
						<texture>$INFO[ListItem.Overlay]</texture>
						<aspectratio align="left">keep</aspectratio>
					</control>
				</focusedlayout>
				
			</control>
			<control type="scrollbar" id="60">
				<left>664</left>
				<top>245</top>
				<include>scrollBarStyleDefaultWidth</include>
				<height>401</height>
				<onleft>503</onleft>
				<onright>noop</onright>
				<showonepage>false</showonepage>
				<visible>Control.IsVisible(503)</visible>
				
				<include>scrollBarStyleDefault</include>
				
			</control>
			
			<!-- TV shows -->
			<control type="group">
				<left>710</left>
				<top>237</top>
				<visible>!ListItem.IsParentFolder + Container.Content(TVShows)</visible>
				<include>VisibleFadeEffect</include>
				<control type="image">
					<left>0</left>
					<top>0</top>
					<width>530</width>
					<height>110</height>
					<aspectratio>keep</aspectratio>
					<fadetime>IconCrossfadeTime</fadetime>
					<texture background="true">$VAR[BannerThumb]</texture>
					<bordersize>8</bordersize>
				</control>
				<control type="label">
					<description>Episodes txt</description>
					<left>10</left>
					<top>120</top>
					<width>140</width>
					<height>25</height>
					<label>$LOCALIZE[20360]:</label>
					<align>right</align>
					<aligny>center</aligny>
					<font>Regular17</font>
					<textcolor>blue</textcolor>
				</control>
				<control type="label">
					<description>Episodes Value</description>
					<left>160</left>
					<top>120</top>
					<width>360</width>
					<height>25</height>
					<label fallback="416">$INFO[listitem.episode] [COLOR=grey] ($INFO[ListItem.Property(WatchedEpisodes),, $LOCALIZE[16102]] – $INFO[ListItem.Property(UnWatchedEpisodes), , $LOCALIZE[16101]])[/COLOR]</label>
					<align>left</align>
					<aligny>center</aligny>
					<font>Regular17</font>
					<scroll>true</scroll>
				</control>
				<control type="label">
					<description>Aired txt</description>
					<left>10</left>
					<top>145</top>
					<width>140</width>
					<height>25</height>
					<label>$LOCALIZE[20416]:</label>
					<align>right</align>
					<aligny>center</aligny>
					<font>Regular17</font>
					<textcolor>blue</textcolor>
				</control>
				<control type="label">
					<description>Aired Value</description>
					<left>160</left>
					<top>145</top>
					<width>360</width>
					<height>25</height>
					<label fallback="416">$INFO[listitem.premiered]</label>
					<align>left</align>
					<aligny>center</aligny>
					<font>Regular17</font>
					<scroll>true</scroll>
				</control>
				<control type="label">
					<description>Genre txt</description>
					<left>10</left>
					<top>170</top>
					<width>140</width>
					<height>25</height>
					<label>$LOCALIZE[515]:</label>
					<align>right</align>
					<aligny>center</aligny>
					<font>Regular17</font>
					<textcolor>blue</textcolor>
				</control>
				<control type="fadelabel">
					<description>Genre Value</description>
					<left>160</left>
					<top>170</top>
					<width>360</width>
					<height>25</height>
					<label fallback="416">$INFO[listitem.Genre]</label>
					<align>left</align>
					<aligny>center</aligny>
					<font>Regular17</font>
					<scrollout>false</scrollout>
					<pauseatend>1000</pauseatend>
				</control>
				<control type="textbox">
					<description>Description Value for TVShows</description>
					<left>10</left>
					<top>212</top>
					<width>510</width>
					<height>188</height>
					<font>Light20</font>
					<align>justify</align>
					<textcolor>white</textcolor>
					<label>$INFO[ListItem.Plot]</label>
					<autoscroll time="2000" delay="3000" repeat="5000">Skin.HasSetting(AutoScroll)</autoscroll>
				</control>
			</control>
			<!-- Episodes -->
			<control type="group">
				<left>710</left>
				<top>237</top>
				<visible>!ListItem.IsParentFolder + Container.Content(Episodes)</visible>
				<include>VisibleFadeEffect</include>
				<control type="image">
					<left>0</left>
					<top>0</top>
					<width>530</width>
					<height>210</height>
					<aspectratio>keep</aspectratio>
					<fadetime>IconCrossfadeTime</fadetime>
					<texture background="true">$INFO[ListItem.Icon]</texture>
					<bordersize>8</bordersize>
				</control>
				<control type="grouplist">
					<description>Media Codec Flagging Images</description>
					<left>0</left>
					<top>210</top>
					<width>530</width>
					<align>center</align>
					<itemgap>2</itemgap>
					<orientation>horizontal</orientation>
					<include>VideoCodecFlaggingConditions</include>
					<include>AudioCodecFlaggingConditions</include>
					<include>AudioChannelsFlaggingConditions</include>
					<!--<include>AspectCodecFlaggingConditions</include>-->
					<include>VideoStereoscopicsFlaggingConditions</include>
					<!--<include>VideoTypeHackFlaggingConditions</include>-->
				</control>
				<control type="label">
					<description>INFO txt</description>
					<left>10</left>
					<top>245</top>
					<width>510</width>
					<height>30</height>
					<label>$INFO[ListItem.Season,[COLOR=blue] $LOCALIZE[20373] :[/COLOR] ] $INFO[ListItem.episode,[COLOR=blue] $LOCALIZE[20359] :[/COLOR] ] $INFO[ListItem.premiered,[COLOR=blue] $LOCALIZE[20416] :[/COLOR] ]</label>
					<align>center</align>
					<aligny>center</aligny>
					<font>Regular17</font>
					<textcolor>white</textcolor>
					<wrapmultiline>true</wrapmultiline>
				</control>
				<control type="textbox">
					<description>Description Value for TVShows</description>
					<left>10</left>
					<top>282</top>
					<width>510</width>
					<height>118</height>
					<font>Light20</font>
					<align>justify</align>
					<textcolor>white</textcolor>
					<label>$INFO[ListItem.Plot]</label>
					<autoscroll time="2000" delay="3000" repeat="5000">Skin.HasSetting(AutoScroll)</autoscroll>
				</control>
			</control>
			<!-- Seasons -->
			<control type="group">
				<left>710</left>
				<top>237</top>
				<visible>!ListItem.IsParentFolder + Container.Content(Seasons)</visible>
				<include>VisibleFadeEffect</include>
				<control type="image">
					<left>0</left>
					<top>0</top>
					<width>260</width>
					<height>355</height>
					<aspectratio>keep</aspectratio>
					<fadetime>IconCrossfadeTime</fadetime>
					<texture background="true">$INFO[ListItem.Icon]</texture>
					<bordersize>8</bordersize>
				</control>
				<control type="textbox">
					<description>Description Value for Seasons</description>
					<left>270</left>
					<top>2</top>
					<width>250</width>
					<height>353</height>
					<font>Light20</font>
					<align>justify</align>
					<textcolor>white</textcolor>
					<label>$INFO[Container.ShowPlot]</label>
					<autoscroll time="2000" delay="3000" repeat="5000">Skin.HasSetting(AutoScroll)</autoscroll>
					<visible>Container.Content(Seasons)</visible>
				</control>
				<control type="label">
					<description>Watched Count</description>
					<left>10</left>
					<top>370</top>
					<width>510</width>
					<height>25</height>
					<label>[COLOR=white]$LOCALIZE[20360]:[/COLOR] $INFO[ListItem.Property(WatchedEpisodes),([COLOR=blue],[/COLOR]) $LOCALIZE[16102]] $INFO[ListItem.Property(UnWatchedEpisodes),([COLOR=blue],[/COLOR]) $LOCALIZE[16101]]</label>
					<align>center</align>
					<aligny>center</aligny>
					<font>Regular17</font>
					<textcolor>grey2</textcolor>
				</control>
			</control>
			<!-- Movies -->
			<control type="group">
				<left>710</left>
				<top>237</top>
				<visible>!ListItem.IsParentFolder + Container.Content(Movies)</visible>
				<include>VisibleFadeEffect</include>
				<control type="image">
					<left>0</left>
					<top>0</top>
					<width>260</width>
					<height>355</height>
					<aspectratio>keep</aspectratio>
					<fadetime>IconCrossfadeTime</fadetime>
					<texture background="true">$VAR[PosterThumb]</texture>
					<bordersize>8</bordersize>
				</control>
				<control type="grouplist">
					<description>Media Codec Flagging Images</description>
					<left>0</left>
					<top>365</top>
					<width>530</width>
					<align>center</align>
					<itemgap>2</itemgap>
					<orientation>horizontal</orientation>
					<include>VideoCodecFlaggingConditions</include>
					<include>AudioCodecFlaggingConditions</include>
					<include>AudioChannelsFlaggingConditions</include>
					<!--<include>AspectCodecFlaggingConditions</include>-->
					<include>VideoStereoscopicsFlaggingConditions</include>
					<!--<include>VideoTypeHackFlaggingConditions</include>-->
				</control>
				<control type="textbox">
					<description>Description Value for Movie</description>
					<left>270</left>
					<top>2</top>
					<width>250</width>
					<height>353</height>
					<font>Light20</font>
					<align>justify</align>
					<textcolor>white</textcolor>
					<label>$INFO[ListItem.Plot]</label>
					<autoscroll time="2000" delay="3000" repeat="5000">Skin.HasSetting(AutoScroll)</autoscroll>
				</control>
			</control>
		</control>
	</include>
	
	
	
	<include name="MediaListView2">
		<control type="group">
			<visible>Control.IsVisible(504)</visible>
			<include>VisibleFadeEffect</include>
			<control type="panel" id="504"><!-- Fix for weird history focus scroll bug on window load (only Kodi 17?) workaround: change "list" to "panel" with no further changes -->
				<left>70</left>
				<top>66</top>
				<width>582</width>
				<height>573</height>
				<onleft>2</onleft>
				<onright>60</onright>
				<onup>504</onup>
				<ondown>504</ondown>
				<viewtype label="$LOCALIZE[544]">list</viewtype>
				<pagecontrol>60</pagecontrol>
				<include>SimpleListViewsScrollTime</include>
				<visible>Container.Content(TVShows) | Container.Content(Movies) | Container.Content(Episodes)</visible>
				<itemlayout height="44" width="582">
					<control type="label">
						<left>10</left>
						<top>0</top>
						<width>520</width>
						<height>44</height>
						<font>Regular20</font>
						<textcolor>grey2</textcolor>
						<selectedcolor>selected</selectedcolor>
						<align>left</align>
						<aligny>center</aligny>
						<label>$INFO[ListItem.Label]</label>
					</control>
					<control type="label">
						<left>10</left>
						<top>0</top>
						<width>500</width>
						<height>44</height>
						<font>Regular17</font>
						<textcolor>grey2</textcolor>
						<selectedcolor>selected</selectedcolor>
						<align>right</align>
						<aligny>center</aligny>
						<label>$INFO[ListItem.Label2]</label>
						<visible>Window.IsVisible(Videos)</visible>
						<animation effect="slide" start="0,0" end="40,0" delay="0" time="0" condition="![Container.Content(Movies) | Container.Content(Episodes) | Container.Content(MusicVideos)]">conditional</animation>
					</control>
					<control type="image">
						<left>515</left>
						<top>9</top>
						<width>35</width>
						<height>26</height>
						<texture colordiffuse="ffd2d2d2">$VAR[MediaInfoOverlayVar]</texture>
						<aspectratio>keep</aspectratio>
						<visible>Container.Content(Movies) | Container.Content(Sets) | Container.Content(Episodes) | Container.Content(MusicVideos)</visible>
					</control>
					<control type="image">
						<left>555</left>
						<top>12</top>
						<width>20</width>
						<height>20</height>
						<texture colordiffuse="ffd2d2d2">OverlayWatching.png</texture>
						<visible>ListItem.IsResumable</visible>
					</control>
					<control type="image">
						<left>555</left>
						<top>12</top>
						<width>20</width>
						<height>20</height>
						<texture colordiffuse="ffd2d2d2">$INFO[ListItem.Overlay]</texture>
						<aspectratio align="left">keep</aspectratio>
					</control>
				</itemlayout>
				<focusedlayout height="44" width="582">
					<control type="image">
						<left>0</left>
						<top>0</top>
						<width>582</width>
						<height>45</height>
						<texture border="4">MenuItemFO.png</texture>
						<visible>Control.HasFocus(504)</visible>
						<include>VisibleFadeEffect</include>
					</control>
					<control type="label">
						<left>10</left>
						<top>0</top>
						<width>520</width>
						<height>44</height>
						<font>Regular20</font>
						<textcolor>white</textcolor>
						<selectedcolor>selected</selectedcolor>
						<align>left</align>
						<aligny>center</aligny>
						<label>$INFO[ListItem.Label]</label>
					</control>
					<control type="label">
						<left>10</left>
						<top>0</top>
						<width>500</width>
						<height>44</height>
						<font>Regular17</font>
						<textcolor>grey2</textcolor>
						<selectedcolor>selected</selectedcolor>
						<align>right</align>
						<aligny>center</aligny>
						<label>$INFO[ListItem.Label2]</label>
						<visible>Window.IsVisible(Videos)</visible>
						<animation effect="slide" start="0,0" end="40,0" delay="0" time="0" condition="![Container.Content(Movies) | Container.Content(Episodes) | Container.Content(MusicVideos)]">conditional</animation>
					</control>
					<control type="image">
						<left>515</left>
						<top>9</top>
						<width>35</width>
						<height>26</height>
						<texture>$VAR[MediaInfoOverlayVar]</texture>
						<aspectratio>keep</aspectratio>
						<visible>Container.Content(Movies) | Container.Content(Sets) | Container.Content(Episodes) | Container.Content(MusicVideos)</visible>
					</control>
					<control type="image">
						<left>555</left>
						<top>12</top>
						<width>20</width>
						<height>20</height>
						<texture>OverlayWatching.png</texture>
						<visible>ListItem.IsResumable</visible>
					</control>
					<control type="image">
						<left>555</left>
						<top>12</top>
						<width>20</width>
						<height>20</height>
						<texture>$INFO[ListItem.Overlay]</texture>
						<aspectratio align="left">keep</aspectratio>
					</control>
				</focusedlayout>
			</control>
			<control type="scrollbar" id="60">
				<left>664</left>
				<top>66</top>
				<include>scrollBarStyleDefaultWidth</include>
				<height>574</height>
				<onleft>504</onleft>
				<onright>noop</onright>
				<showonepage>false</showonepage>
				<visible>Control.IsVisible(504)</visible>
				
				<include>scrollBarStyleDefault</include>
				
			</control>
			<control type="group">
				<left>710</left>
				<top>58</top>
				<visible>!ListItem.IsParentFolder + Control.IsVisible(504) + [Container.Content(Movies) | Container.Content(TVShows)]</visible>
				<include>VisibleFadeEffect</include>
				<control type="image">
					<left>0</left>
					<top>0</top>
					<width>510</width>
					<height>286</height>
					<aspectratio>scale</aspectratio>
					<fadetime>IconCrossfadeTime</fadetime>
					<texture background="true" fallback="">$INFO[ListItem.Art(fanart)]</texture>
					<visible>Container.Content(Movies)</visible>

				</control>
				<control type="image">
					<left>0</left>
					<top>0</top>
					<width>510</width>
					<height>325</height>
					<aspectratio>scale</aspectratio>
					<fadetime>IconCrossfadeTime</fadetime>
					<texture background="true" fallback="">$INFO[ListItem.Art(fanart)]</texture>
					<visible>Container.Content(TVShows)</visible>

				</control>
				<control type="group">
					<top>10</top>
					<control type="grouplist">
						<description>Media Codec Flagging Images</description>
						<left>0</left>
						<top>290</top>
						<width>510</width>
						<align>center</align>
						<itemgap>2</itemgap>
						<orientation>horizontal</orientation>
						<include>VideoCodecFlaggingConditions</include>
						<include>AudioCodecFlaggingConditions</include>
						<include>AudioChannelsFlaggingConditions</include>
						<!--<include>AspectCodecFlaggingConditions</include>-->
						<include>VideoStereoscopicsFlaggingConditions</include>
						<!--<include>VideoTypeHackFlaggingConditions</include>-->
					</control>
					<control type="label">
						<description>Year txt</description>
						<left>10</left>
						<top>335</top>
						<width>84</width>
						<height>25</height>
						<label>$LOCALIZE[345]:</label>
						<align>right</align>
						<aligny>center</aligny>
						<font>Light20</font>
						<textcolor>blue</textcolor>
					</control>
					<control type="label">
						<description>Year Value</description>
						<left>110</left>
						<top>335</top>
						<width>370</width>
						<height>25</height>
						<label fallback="416">$INFO[listitem.Year]</label>
						<align>left</align>
						<aligny>center</aligny>
						<font>Light20</font>
						<scroll>true</scroll>
					</control>
					<control type="label">
						<description>Genre txt</description>
						<left>10</left>
						<top>360</top>
						<width>84</width>
						<height>25</height>
						<label>$LOCALIZE[515]:</label>
						<align>right</align>
						<aligny>center</aligny>
						<font>Light20</font>
						<textcolor>blue</textcolor>
					</control>
					<control type="label">
						<description>Genre Value</description>
						<left>110</left>
						<top>360</top>
						<width>370</width>
						<height>25</height>
						<label fallback="-">$INFO[ListItem.Genre]</label>
						<align>left</align>
						<aligny>center</aligny>
						<font>Light20</font>
						<scroll>false</scroll>
					</control>
					<control type="textbox">
						<description>Description Value for Video</description>
						<left>10</left>
						<top>397</top>
						<width>490</width>
						<height>166</height>
						<font>Light20</font>
						<align>justify</align>
						<textcolor>white</textcolor>
						<label>$INFO[ListItem.Plot]</label>
						<autoscroll time="2000" delay="3000" repeat="5000">Skin.HasSetting(AutoScroll)</autoscroll>
					</control>
				</control>
			</control>
			<control type="group">
				<left>710</left>
				<top>58</top>
				<visible>!ListItem.IsParentFolder + Control.IsVisible(504) + Container.Content(Episodes)</visible>
				<include>VisibleFadeEffect</include>
				<control type="image">
					<left>0</left>
					<top>0</top>
					<width>510</width>
					<height>286</height>
					<aspectratio>scale</aspectratio>
					<fadetime>IconCrossfadeTime</fadetime>
					<texture background="true">$INFO[ListItem.Icon]</texture>
					<bordersize>8</bordersize>
				</control>
				<control type="group">
				<top>10</top>
					<control type="grouplist">
						<description>Media Codec Flagging Images</description>
						<left>0</left>
						<top>290</top>
						<width>510</width>
						<align>center</align>
						<itemgap>2</itemgap>
						<orientation>horizontal</orientation>
						<include>VideoCodecFlaggingConditions</include>
						<include>AudioCodecFlaggingConditions</include>
						<include>AudioChannelsFlaggingConditions</include>
						<!--<include>AspectCodecFlaggingConditions</include>-->
						<include>VideoStereoscopicsFlaggingConditions</include>
						<!--<include>VideoTypeHackFlaggingConditions</include>-->
					</control>
					<control type="label">
						<description>Aired txt</description>
						<left>10</left>
						<top>335</top>
						<width>140</width>
						<height>25</height>
						<label>$LOCALIZE[20416]:</label>
						<align>right</align>
						<aligny>center</aligny>
						<font>Regular20</font>
						<textcolor>blue</textcolor>
					</control>
					<control type="label">
						<description>Aired Value</description>
						<left>160</left>
						<top>335</top>
						<width>340</width>
						<height>25</height>
						<label fallback="416">$INFO[listitem.Premiered]</label>
						<align>left</align>
						<aligny>center</aligny>
						<font>Regular20</font>
						<scroll>true</scroll>
					</control>
					<control type="label">
						<description>Episode txt</description>
						<left>10</left>
						<top>360</top>
						<width>140</width>
						<height>25</height>
						<label>$LOCALIZE[20359]:</label>
						<align>right</align>
						<aligny>center</aligny>
						<font>Regular20</font>
						<textcolor>blue</textcolor>
					</control>
					<control type="fadelabel">
						<description>Episode Value</description>
						<left>160</left>
						<top>360</top>
						<width>340</width>
						<height>25</height>
						<label fallback="416">$INFO[listitem.Season,,x]$INFO[listitem.Episode]</label>
						<align>left</align>
						<aligny>center</aligny>
						<font>Regular20</font>
						<scrollout>false</scrollout>
						<pauseatend>1000</pauseatend>
					</control>
					<control type="textbox">
						<description>Description Value for Video</description>
						<left>10</left>
						<top>397</top>
						<width>490</width>
						<height>168</height>
						<font>Light20</font>
						<align>justify</align>
						<textcolor>white</textcolor>
						<label>$INFO[ListItem.Plot]</label>
						<autoscroll time="2000" delay="3000" repeat="5000">Skin.HasSetting(AutoScroll)</autoscroll>
					</control>
				</control>
			</control>
		</control>
	</include>
	
	
	<!-- media info 3 -->
	<include name="MediaListView4">
		<control type="group">
			<visible>Control.IsVisible(515)</visible>
			<include>VisibleFadeEffect</include>
			<control type="panel" id="515"><!-- Fix for weird history focus scroll bug on window load (only Kodi 17?) workaround: change "list" to "panel" with no further changes -->
				<left>70</left>
				<top>66</top>
				<width>346</width>
				<height>561</height>
				<onleft>2</onleft>
				<onright>60</onright>
				<onup>515</onup>
				<ondown>515</ondown>
				<viewtype label="$LOCALIZE[544] 3">list</viewtype>
				<pagecontrol>60</pagecontrol>
				<include>SimpleListViewsScrollTime</include>
				<visible>Container.Content(TVShows) | Container.Content(Movies) | Container.Content(Episodes) | Container.Content(Seasons)</visible>
				
				<itemlayout height="40" width="346">
					<control type="label">
						<left>10</left>
						<top>0</top>
						<width>310</width>
						<height>40</height>
						<font>Regular20</font>
						<textcolor>grey2</textcolor>
						<selectedcolor>selected</selectedcolor>
						<align>left</align>
						<aligny>center</aligny>
						<label>$INFO[ListItem.Label]</label>
					</control>
					<control type="image">
						<left>320</left>
						<top>11</top>
						<width>20</width>
						<height>20</height>
						<texture colordiffuse="ffd2d2d2">OverlayWatching.png</texture>
						<visible>ListItem.IsResumable</visible>
					</control>
					<control type="image">
						<left>320</left>
						<top>11</top>
						<width>20</width>
						<height>20</height>
						<texture colordiffuse="ffd2d2d2">$INFO[ListItem.Overlay]</texture>
						<aspectratio>keep</aspectratio>
					</control>
				</itemlayout>
				
				<focusedlayout height="40" width="346">
					<control type="image">
						<left>0</left>
						<top>0</top>
						<width>346</width>
						<height>41</height>
						<texture border="4">MenuItemFO.png</texture>
						<visible>Control.HasFocus(515)</visible>
						<include>VisibleFadeEffect</include>
					</control>
					<control type="label">
						<left>10</left>
						<top>0</top>
						<width>310</width>
						<height>40</height>
						<font>Regular20</font>
						<textcolor>white</textcolor>
						<selectedcolor>selected</selectedcolor>
						<align>left</align>
						<aligny>center</aligny>
						<label>$INFO[ListItem.Label]</label>
					</control>
					<control type="image">
						<left>320</left>
						<top>11</top>
						<width>20</width>
						<height>20</height>
						<texture>OverlayWatching.png</texture>
						<visible>ListItem.IsResumable</visible>
					</control>
					<control type="image">
						<left>320</left>
						<top>11</top>
						<width>20</width>
						<height>20</height>
						<texture>$INFO[ListItem.Overlay]</texture>
						<aspectratio>keep</aspectratio>
					</control>
				</focusedlayout>
				
			</control>
			<control type="scrollbar" id="60">
				<left>428</left>
				<top>66</top>
				<include>scrollBarStyleDefaultWidth</include>
				<height>561</height>
				<onleft>515</onleft>
				<onright>noop</onright>
				<showonepage>false</showonepage>
				<visible>Control.IsVisible(515)</visible>
				
				<include>scrollBarStyleDefault</include>
				
			</control>
			<!-- item content area -->
			<control type="group">
				<left>470</left>
				<top>66</top>
				<visible>!ListItem.IsParentFolder + Control.IsVisible(515) + Container.Content(Movies)</visible>
				<include>VisibleFadeEffect</include>
				<control type="image">
					<left>0</left>
					<top>0</top>
					<width>750</width>
					<height>420</height>
					<aspectratio scalediffuse="false">scale</aspectratio>
					<fadetime>IconCrossfadeTime</fadetime>
					<texture diffuse="diffuse_fanart_legacy.png" background="true">$INFO[ListItem.Art(fanart)]</texture>
				</control>
				<control type="label">
					<left>10</left>
					<top>395</top>
					<width>540</width>
					<height>30</height>
					<font>Light28</font>
					<textcolor>white</textcolor>
					<align>left</align>
					<aligny>center</aligny>
					<label>$INFO[ListItem.Label]</label>
				</control>
				<control type="textbox">
					<description>Description Value for Video</description>
					<left>10</left>
					<top>432</top>
					<width>540</width>
					<height>98</height>
					<font>Light20</font>
					<align>justify</align>
					<textcolor>white</textcolor>
					<label>$INFO[ListItem.Plot]</label>
					<autoscroll time="2000" delay="3000" repeat="5000">Skin.HasSetting(AutoScroll)</autoscroll>
				</control>
				<control type="grouplist">
					<description>Media Codec Flagging Images</description>
					<left>0</left>
					<top>540</top>
					<width>540</width>
					<align>left</align>
					<itemgap>2</itemgap>
					<orientation>horizontal</orientation>
					<include>VideoCodecFlaggingConditions</include>
					<include>AudioCodecFlaggingConditions</include>
					<include>AudioChannelsFlaggingConditions</include>
					<!--<include>AspectCodecFlaggingConditions</include>-->
					<include>VideoStereoscopicsFlaggingConditions</include>
					<!--<include>VideoTypeHackFlaggingConditions</include>-->
				</control>
				<control type="image">
					<depth>DepthContent+</depth>
					<left>560</left>
					<top>140</top>
					<width>180</width>
					<height>440</height>
					<aspectratio align="left" aligny="bottom">keep</aspectratio>
					<fadetime>IconCrossfadeTime</fadetime>
					<texture background="true">$VAR[PosterThumb]</texture>
					<bordersize>8</bordersize>
				</control>
			</control>
			<control type="group">
				<left>470</left>
				<top>66</top>
				<visible>!ListItem.IsParentFolder + Control.IsVisible(515) + Container.Content(TVShows)</visible>
				<include>VisibleFadeEffect</include>
				<control type="image">
					<left>0</left>
					<top>0</top>
					<width>750</width>
					<height>420</height>
					<aspectratio scalediffuse="false">scale</aspectratio>
					<fadetime>IconCrossfadeTime</fadetime>
					<texture diffuse="diffuse_fanart_legacy.png" background="true">$INFO[ListItem.Art(fanart)]</texture>
				</control>
				<control type="label">
					<left>10</left>
					<top>395</top>
					<width>540</width>
					<height>30</height>
					<font>Regular22</font>
					<textcolor>white</textcolor>
					<align>left</align>
					<aligny>center</aligny>
					<label>$INFO[ListItem.Label]</label>
				</control>
				<control type="textbox">
					<description>Description Value for Video</description>
					<left>10</left>
					<top>432</top>
					<width>540</width>
					<height>143</height>
					<font>Light20</font>
					<align>justify</align>
					<textcolor>white</textcolor>
					<label>$INFO[ListItem.Plot]</label>
					<autoscroll time="2000" delay="3000" repeat="5000">Skin.HasSetting(AutoScroll)</autoscroll>
				</control>
				<control type="image">
					<depth>DepthContent+</depth>
					<left>560</left>
					<top>140</top>
					<width>180</width>
					<height>440</height>
					<aspectratio align="left" aligny="bottom">keep</aspectratio>
					<fadetime>IconCrossfadeTime</fadetime>
					<texture background="true">$VAR[PosterThumb]</texture>
					<bordersize>8</bordersize>
				</control>
			</control>
			<control type="group">
				<left>470</left>
				<top>66</top>
				<visible>!ListItem.IsParentFolder + Control.IsVisible(515) + Container.Content(Seasons)</visible>
				<include>VisibleFadeEffect</include>
				<control type="image">
					<left>0</left>
					<top>0</top>
					<width>750</width>
					<height>420</height>
					<aspectratio scalediffuse="false">scale</aspectratio>
					<fadetime>IconCrossfadeTime</fadetime>
					<texture diffuse="diffuse_fanart_legacy.png" background="true">$INFO[ListItem.Art(fanart)]</texture>
				</control>
				<control type="label">
					<left>10</left>
					<top>395</top>
					<width>730</width>
					<height>30</height>
					<font>Regular22</font>
					<textcolor>white</textcolor>
					<align>left</align>
					<aligny>center</aligny>
					<label>$INFO[ListItem.Label]</label>
				</control>
				<control type="textbox">
					<description>Description Value for Video</description>
					<left>10</left>
					<top>432</top>
					<width>540</width>
					<height>143</height>
					<font>Light20</font>
					<align>justify</align>
					<textcolor>white</textcolor>
					<label>$INFO[Container.ShowPlot]</label>
					<autoscroll time="2000" delay="3000" repeat="5000">Skin.HasSetting(AutoScroll)</autoscroll>
				</control>
				<control type="image">
					<depth>DepthContent+</depth>
					<left>560</left>
					<top>140</top>
					<width>180</width>
					<height>440</height>
					<aspectratio align="left" aligny="bottom">keep</aspectratio>
					<fadetime>IconCrossfadeTime</fadetime>
					<texture background="true">$INFO[ListItem.Icon]</texture>
					<bordersize>8</bordersize>
				</control>
			</control>
			<control type="group">
				<left>470</left>
				<top>66</top>
				<visible>!ListItem.IsParentFolder + Control.IsVisible(515) + Container.Content(Episodes)</visible>
				<include>VisibleFadeEffect</include>
				<control type="image">
					<left>0</left>
					<top>0</top>
					<width>750</width>
					<height>420</height>
					<aspectratio scalediffuse="false">scale</aspectratio>
					<fadetime>IconCrossfadeTime</fadetime>
					<texture diffuse="diffuse_fanart_legacy.png" background="true">$INFO[ListItem.Art(fanart)]</texture>
				</control>
				<control type="label">
					<left>10</left>
					<top>395</top>
					<width>400</width>
					<height>30</height>
					<font>Regular22</font>
					<textcolor>white</textcolor>
					<align>left</align>
					<aligny>center</aligny>
					<label>$INFO[ListItem.Label]</label>
				</control>
				<control type="textbox">
					<description>Description Value for Video</description>
					<left>10</left>
					<top>432</top>
					<width>400</width>
					<height>98</height>
					<font>Light20</font>
					<align>justify</align>
					<textcolor>white</textcolor>
					<label>$INFO[ListItem.Plot]</label>
					<autoscroll time="2000" delay="3000" repeat="5000">Skin.HasSetting(AutoScroll)</autoscroll>
				</control>
				<control type="grouplist">
					<description>Media Codec Flagging Images</description>
					<left>0</left>
					<top>540</top>
					<width>410</width>
					<align>left</align>
					<itemgap>2</itemgap>
					<orientation>horizontal</orientation>
					<include>VideoCodecFlaggingConditions</include>
					<include>AudioCodecFlaggingConditions</include>
					<include>AudioChannelsFlaggingConditions</include>
					<!--<include>AspectCodecFlaggingConditions</include>-->
					<include>VideoStereoscopicsFlaggingConditions</include>
					<!--<include>VideoTypeHackFlaggingConditions</include>-->
				</control>
				<control type="image">
					<depth>DepthContent+</depth>
					<left>420</left>
					<top>140</top>
					<width>330</width>
					<height>440</height>
					<aspectratio align="left" aligny="bottom">keep</aspectratio>
					<fadetime>IconCrossfadeTime</fadetime>
					<texture background="true">$INFO[ListItem.Icon]</texture>
					<bordersize>8</bordersize>
				</control>
			</control>
		</control>
	</include>
	
	
	
</includes>
