<?xml version="1.0" encoding="UTF-8"?>
<window>
	<defaultcontrol always="true">100</defaultcontrol>
	<include>dialogeffect</include>
	<depth>DepthOSD</depth>
	
	<controls>
		<control type="group">
			<depth>DepthOSD+</depth>
			
			<control type="image">
				<description>media info background image</description>
				<left>30</left>
				<top>44</top>
				<width>1860</width>
				<height>610</height>
				<texture border="24" colordiffuse="FF000000">colors/white_border24.png</texture>
				<animation effect="fade" end="80" time="0" condition="true">Conditional</animation>
			</control>
			
			<!-- Video Media Process Info -->
			<control type="group">
				<depth>DepthOSD+</depth>
				<top>60</top>
				<control type="label">
					<description>Header</description>
					<left>75</left>
					<top>15</top>
					<width>848</width>
					<height>38</height>
					<label>$LOCALIZE[31007]</label>
					<align>left</align>
					<aligny>center</aligny>
					<font>Regular21</font>
					<textcolor>blue</textcolor>
				</control>
				<control type="label">
					<description>Hardware decoding</description>
					<left>75</left>
					<top>60</top>
					<width>248</width>
					<height>38</height>
					<label>$LOCALIZE[31010]:</label>
					<align>left</align>
					<aligny>center</aligny>
					<font>Regular17</font>
					<textcolor>grey2</textcolor>
				</control>
				<control type="label">
					<description>Hardware decoding value</description>
					<left>330</left>
					<top>60</top>
					<width>518</width>
					<height>38</height>
					<label>$LOCALIZE[19074]</label>
					<align>left</align>
					<aligny>center</aligny>
					<font>Light17</font>
					<textcolor>white</textcolor>
					<visible>Player.Process(videohwdecoder)</visible>
				</control>
				<control type="label">
					<description>Hardware decoding value</description>
					<left>330</left>
					<top>60</top>
					<width>518</width>
					<height>38</height>
					<label>$LOCALIZE[31011]</label>
					<align>left</align>
					<aligny>center</aligny>
					<font>Light17</font>
					<textcolor>white</textcolor>
					<visible>!Player.Process(videohwdecoder)</visible>
				</control>
				<control type="label">
					<description>Decoder</description>
					<left>75</left>
					<top>98</top>
					<width>248</width>
					<height>38</height>
					<label>$LOCALIZE[31012]:</label>
					<align>left</align>
					<aligny>center</aligny>
					<font>Regular17</font>
					<textcolor>grey2</textcolor>
				</control>
				<control type="label">
					<description>Decoder value</description>
					<left>330</left>
					<top>98</top>
					<width>518</width>
					<height>38</height>
					<label fallback="1446">$INFO[Player.Process(videodecoder)]$INFO[Player.Process(pixformat),$COMMA ]</label>
					<align>left</align>
					<aligny>center</aligny>
					<font>Light17</font>
					<textcolor>white</textcolor>
				</control>
				<control type="label">
					<description>Deinterlace</description>
					<left>75</left>
					<top>135</top>
					<width>248</width>
					<height>38</height>
					<label>$LOCALIZE[16038]:</label>
					<align>left</align>
					<aligny>center</aligny>
					<font>Regular17</font>
					<textcolor>grey2</textcolor>
				</control>
				<control type="label">
					<description>Deinterlace value</description>
					<left>330</left>
					<top>135</top>
					<width>518</width>
					<height>38</height>
					<label fallback="1446">$INFO[Player.Process(deintmethod)]</label>
					<align>left</align>
					<aligny>center</aligny>
					<font>Light17</font>
					<textcolor>white</textcolor>
				</control>
				<control type="label">
					<description>Resolution</description>
					<left>75</left>
					<top>173</top>
					<width>248</width>
					<height>38</height>
					<label>$LOCALIZE[169]:</label>
					<align>left</align>
					<aligny>center</aligny>
					<font>Regular17</font>
					<textcolor>grey2</textcolor>
				</control>
				<control type="label">
					<description>Resolution value</description>
					<left>330</left>
					<top>173</top>
					<width>600</width>
					<height>38</height>
					<label fallback="1446">$INFO[Player.Process(videowidth),,x]$INFO[Player.Process(videoheight),, px]$INFO[Player.Process(videodar),$COMMA , AR]$INFO[Player.Process(videofps),$COMMA , FPS]$INFO[System.FPS, (, FPS)]</label>
					<align>left</align>
					<aligny>center</aligny>
					<font>Light17</font>
					<textcolor>white</textcolor>
				</control>
				<control type="label">
					<description>Header</description>
					<left>75</left>
					<top>218</top>
					<width>848</width>
					<height>38</height>
					<label>$LOCALIZE[31013]</label>
					<align>left</align>
					<aligny>center</aligny>
					<font>Regular21</font>
					<textcolor>blue</textcolor>
				</control>
				<control type="label">
					<description>Decoder</description>
					<left>75</left>
					<top>263</top>
					<width>248</width>
					<height>38</height>
					<label>$LOCALIZE[31012]:</label>
					<align>left</align>
					<aligny>center</aligny>
					<font>Regular17</font>
					<textcolor>grey2</textcolor>
				</control>
				<control type="label">
					<description>Decoder value</description>
					<left>330</left>
					<top>263</top>
					<width>518</width>
					<height>38</height>
					<label fallback="1446">$INFO[Player.Process(audiodecoder)]$INFO[Player.Process(audiobitspersample),$COMMA , bit]$INFO[Player.Process(audiosamplerate),$COMMA , Hz]</label>
					<align>left</align>
					<aligny>center</aligny>
					<font>Light17</font>
					<textcolor>white</textcolor>
				</control>
				<control type="label">
					<description>Channels</description>
					<left>75</left>
					<top>300</top>
					<width>248</width>
					<height>38</height>
					<label>$LOCALIZE[19019]:</label>
					<align>left</align>
					<aligny>center</aligny>
					<font>Regular17</font>
					<textcolor>grey2</textcolor>
				</control>
				<control type="label">
					<description>Channels value</description>
					<left>330</left>
					<top>300</top>
					<width>518</width>
					<height>38</height>
					<label fallback="1446">$INFO[Player.Process(audiochannels)]</label>
					<align>left</align>
					<aligny>center</aligny>
					<font>Light17</font>
					<textcolor>white</textcolor>
				</control>
				<control type="label">
					<description>Header</description>
					<left>75</left>
					<top>345</top>
					<width>848</width>
					<height>38</height>
					<label>$LOCALIZE[138]</label>
					<align>left</align>
					<aligny>center</aligny>
					<font>Regular21</font>
					<textcolor>blue</textcolor>
				</control>
				<control type="label">
					<description>CPU</description>
					<left>75</left>
					<top>390</top>
					<width>248</width>
					<height>38</height>
					<label>$LOCALIZE[13271]</label>
					<align>left</align>
					<aligny>center</aligny>
					<font>Regular17</font>
					<textcolor>grey2</textcolor>
				</control>
				<control type="label">
					<description>CPU usage</description>
					<left>330</left>
					<top>390</top>
					<width>600</width>
					<height>38</height>
					<label>$INFO[System.CpuUsage]</label>
					<align>left</align>
					<aligny>center</aligny>
					<font>Light17</font>
					<textcolor>white</textcolor>
				</control>
				
				<control type="group">
					<left>333</left>
					<top>432</top>
					
					<control type="image">
						<left>-4</left>
						<top>0</top>
						<width>3</width>
						<height>9</height>
						<texture colordiffuse="30FFFFFF">osd/progress-9px-start-end.png</texture>
					</control>
					<control type="image">
						<left>412</left>
						<top>0</top>
						<width>3</width>
						<height>9</height>
						<texture colordiffuse="30FFFFFF" flipx="true">osd/progress-9px-start-end.png</texture>
					</control>
					<control type="image">
						<left>-4</left>
						<top>0</top>
						<width>3</width>
						<height>9</height>
						<texture colordiffuse="EBFFFFFF">osd/progress-9px-start-end.png</texture>
					</control>
					<control type="image">
						<left>412</left>
						<top>0</top>
						<width>3</width>
						<height>9</height>
						<texture colordiffuse="EBFFFFFF" flipx="true">osd/progress-9px-start-end.png</texture>
						<visible>Integer.IsGreater(System.CpuUsage,99)</visible>
					</control>
					
					<control type="progress">
						<description>Progressbar</description>
						<left>-1</left>
						<top>0</top>
						<width>413</width>
						<height>9</height>
						<info>System.CpuUsage</info>
						
						<include>progressBarStyleDefault</include>
						
					</control>
				</control>
				
				<control type="label">
					<description>CPU temperature</description>
					<left>818</left>
					<top>417</top>
					<width>270</width>
					<height>38</height>
					<label>$INFO[System.CPUTemperature]</label>
					<align>left</align>
					<aligny>center</aligny>
					<font>Light17</font>
					<textcolor>white</textcolor>
					<visible>!String.IsEmpty(System.CPUTemperature) + !String.Contains(System.CPUTemperature,?)</visible>
				</control>
				<control type="label">
					<description>Memory</description>
					<left>75</left>
					<top>455</top>
					<width>248</width>
					<height>38</height>
					<label>$LOCALIZE[31014]:</label>
					<align>left</align>
					<aligny>center</aligny>
					<font>Regular17</font>
					<textcolor>grey2</textcolor>
				</control>
				<control type="label">
					<description>Memory value</description>
					<left>330</left>
					<top>455</top>
					<width>518</width>
					<height>38</height>
					<label>$INFO[system.memory(used.percent)]     $INFO[system.memory(used)] / $INFO[system.memory(total)]</label>
					<align>left</align>
					<aligny>center</aligny>
					<font>Light17</font>
					<textcolor>white</textcolor>
				</control>
				
				<control type="group">
					<left>333</left>
					<top>497</top>
					
					<control type="image">
						<left>-4</left>
						<top>0</top>
						<width>3</width>
						<height>9</height>
						<texture colordiffuse="30FFFFFF">osd/progress-9px-start-end.png</texture>
					</control>
					<control type="image">
						<left>412</left>
						<top>0</top>
						<width>3</width>
						<height>9</height>
						<texture colordiffuse="30FFFFFF" flipx="true">osd/progress-9px-start-end.png</texture>
					</control>
					<control type="image">
						<left>-4</left>
						<top>0</top>
						<width>3</width>
						<height>9</height>
						<texture colordiffuse="EBFFFFFF">osd/progress-9px-start-end.png</texture>
					</control>
					<control type="image">
						<left>412</left>
						<top>0</top>
						<width>3</width>
						<height>9</height>
						<texture colordiffuse="EBFFFFFF" flipx="true">osd/progress-9px-start-end.png</texture>
						<visible>Integer.IsGreater(System.Memory(used),99)</visible>
					</control>
					
					<control type="progress">
						<description>Progressbar</description>
						<left>-1</left>
						<top>0</top>
						<width>413</width>
						<height>9</height>
						<info>System.Memory(used)</info>
						
						<include>progressBarStyleDefault</include>
						
					</control>
				</control>
				
				<control type="label">
					<description>Buffering...</description>
					<left>75</left>
					<top>519</top>
					<width>248</width>
					<height>38</height>
					<label>$LOCALIZE[15107]</label>
					<align>left</align>
					<aligny>center</aligny>
					<font>Regular17</font>
					<textcolor>grey2</textcolor>
				</control>
				<control type="label">
					<description>CacheLevel</description>
					<left>330</left>
					<top>519</top>
					<width>519</width>
					<height>38</height>
					<label>$INFO[Player.CacheLevel]%</label>
					<align>left</align>
					<aligny>center</aligny>
					<font>Light17</font>
					<textcolor>white</textcolor>
				</control>
			</control>
			
			<!-- PVR Media Process Info -->
			<control type="group">
				<depth>DepthOSD+</depth>
				<left>960</left>
				<top>60</top>
				<visible>VideoPlayer.Content(LiveTV) + System.GetBool(pvrplayback.signalquality)</visible>
				<control type="label">
					<description>Header</description>
					<left>75</left>
					<top>15</top>
					<width>848</width>
					<height>38</height>
					<label>$LOCALIZE[19005]</label>
					<align>left</align>
					<aligny>center</aligny>
					<font>Regular21</font>
					<textcolor>blue</textcolor>
				</control>
				<control type="label">
					<description>Backend</description>
					<left>75</left>
					<top>60</top>
					<width>248</width>
					<height>38</height>
					<label>$LOCALIZE[19012]:</label>
					<align>left</align>
					<aligny>center</aligny>
					<font>Regular17</font>
					<textcolor>grey2</textcolor>
				</control>
				<control type="label">
					<description>Backend value</description>
					<left>330</left>
					<top>60</top>
					<width>518</width>
					<height>38</height>
					<label>$INFO[PVR.ActStreamClient]</label>
					<align>left</align>
					<aligny>center</aligny>
					<font>Light17</font>
					<textcolor>white</textcolor>
				</control>
				<control type="label">
					<description>Device</description>
					<left>75</left>
					<top>98</top>
					<width>248</width>
					<height>38</height>
					<label>$LOCALIZE[19006]:</label>
					<align>left</align>
					<aligny>center</aligny>
					<font>Regular17</font>
					<textcolor>grey2</textcolor>
				</control>
				<control type="label">
					<description>Device value</description>
					<left>330</left>
					<top>98</top>
					<width>518</width>
					<height>38</height>
					<label>$INFO[PVR.ActStreamDevice]</label>
					<align>left</align>
					<aligny>center</aligny>
					<font>Light17</font>
					<textcolor>white</textcolor>
				</control>
				<control type="label">
					<description>Status</description>
					<left>75</left>
					<top>135</top>
					<width>248</width>
					<height>38</height>
					<label>$LOCALIZE[19007]:</label>
					<align>left</align>
					<aligny>center</aligny>
					<font>Regular17</font>
					<textcolor>grey2</textcolor>
				</control>
				<control type="label">
					<description>Status value</description>
					<left>330</left>
					<top>135</top>
					<width>518</width>
					<height>38</height>
					<label>$INFO[PVR.ActStreamStatus]</label>
					<align>left</align>
					<aligny>center</aligny>
					<font>Light17</font>
					<textcolor>white</textcolor>
				</control>
				<control type="label">
					<description>Signal</description>
					<left>75</left>
					<top>173</top>
					<width>248</width>
					<height>38</height>
					<label>$LOCALIZE[19008]:</label>
					<align>left</align>
					<aligny>center</aligny>
					<font>Regular17</font>
					<textcolor>grey2</textcolor>
				</control>
				
				<control type="group">
					<left>333</left>
					<top>189</top>
					
					<control type="image">
						<left>-4</left>
						<top>0</top>
						<width>3</width>
						<height>9</height>
						<texture colordiffuse="30FFFFFF">osd/progress-9px-start-end.png</texture>
					</control>
					<control type="image">
						<left>412</left>
						<top>0</top>
						<width>3</width>
						<height>9</height>
						<texture colordiffuse="30FFFFFF" flipx="true">osd/progress-9px-start-end.png</texture>
					</control>
					<control type="image">
						<left>-4</left>
						<top>0</top>
						<width>3</width>
						<height>9</height>
						<texture colordiffuse="EBFFFFFF">osd/progress-9px-start-end.png</texture>
					</control>
					<control type="image">
						<left>412</left>
						<top>0</top>
						<width>3</width>
						<height>9</height>
						<texture colordiffuse="EBFFFFFF" flipx="true">osd/progress-9px-start-end.png</texture>
						<visible>Integer.IsGreater(PVR.ActStreamProgrSignal,99)</visible>
					</control>
					
					<control type="progress">
						<description>Progressbar</description>
						<left>-1</left>
						<top>0</top>
						<width>413</width>
						<height>9</height>
						<info>PVR.ActStreamProgrSignal</info>
						
						<include>progressBarStyleDefault</include>
						
					</control>
				</control>
				
				<control type="label">
					<description>Signal value</description>
					<left>818</left>
					<top>173</top>
					<width>270</width>
					<height>38</height>
					<label>$INFO[PVR.ActStreamSignal]</label>
					<align>left</align>
					<aligny>center</aligny>
					<font>Light17</font>
					<textcolor>white</textcolor>
				</control>
				<control type="label">
					<description>SNR</description>
					<left>75</left>
					<top>210</top>
					<width>248</width>
					<height>38</height>
					<label>$LOCALIZE[19009]:</label>
					<align>left</align>
					<aligny>center</aligny>
					<font>Regular17</font>
					<textcolor>grey2</textcolor>
				</control>
				
				<control type="group">
					<left>333</left>
					<top>226</top>
					
					<control type="image">
						<left>-4</left>
						<top>0</top>
						<width>3</width>
						<height>9</height>
						<texture colordiffuse="30FFFFFF">osd/progress-9px-start-end.png</texture>
					</control>
					<control type="image">
						<left>412</left>
						<top>0</top>
						<width>3</width>
						<height>9</height>
						<texture colordiffuse="30FFFFFF" flipx="true">osd/progress-9px-start-end.png</texture>
					</control>
					<control type="image">
						<left>-4</left>
						<top>0</top>
						<width>3</width>
						<height>9</height>
						<texture colordiffuse="EBFFFFFF">osd/progress-9px-start-end.png</texture>
					</control>
					<control type="image">
						<left>412</left>
						<top>0</top>
						<width>3</width>
						<height>9</height>
						<texture colordiffuse="EBFFFFFF" flipx="true">osd/progress-9px-start-end.png</texture>
						<visible>Integer.IsGreater(PVR.ActStreamProgrSNR,99)</visible>
					</control>
					
					<control type="progress">
						<description>Progressbar</description>
						<left>-1</left>
						<top>0</top>
						<width>413</width>
						<height>9</height>
						<info>PVR.ActStreamProgrSNR</info>
						
						<include>progressBarStyleDefault</include>
						
					</control>
				</control>
				
				<control type="label">
					<description>SNR value</description>
					<left>818</left>
					<top>210</top>
					<width>270</width>
					<height>38</height>
					<label>$INFO[PVR.ActStreamSNR]</label>
					<align>left</align>
					<aligny>center</aligny>
					<font>Light17</font>
					<textcolor>white</textcolor>
				</control>
				<control type="label">
					<description>BER</description>
					<left>75</left>
					<top>248</top>
					<width>248</width>
					<height>38</height>
					<label>$LOCALIZE[19010]:</label>
					<align>left</align>
					<aligny>center</aligny>
					<font>Regular17</font>
					<textcolor>grey2</textcolor>
				</control>
				<control type="label">
					<description>BER value</description>
					<left>330</left>
					<top>248</top>
					<width>518</width>
					<height>38</height>
					<label>$INFO[PVR.ActStreamBER]</label>
					<align>left</align>
					<aligny>center</aligny>
					<font>Light17</font>
					<textcolor>white</textcolor>
				</control>
				<control type="label">
					<description>UNC</description>
					<left>75</left>
					<top>285</top>
					<width>248</width>
					<height>38</height>
					<label>$LOCALIZE[19011]:</label>
					<align>left</align>
					<aligny>center</aligny>
					<font>Regular17</font>
					<textcolor>grey2</textcolor>
				</control>
				<control type="label">
					<description>UNC value</description>
					<left>330</left>
					<top>285</top>
					<width>518</width>
					<height>38</height>
					<label>$INFO[PVR.ActStreamUNC]</label>
					<align>left</align>
					<aligny>center</aligny>
					<font>Light17</font>
					<textcolor>white</textcolor>
				</control>
				<control type="label">
					<description>Service</description>
					<left>75</left>
					<top>323</top>
					<width>248</width>
					<height>38</height>
					<label>$LOCALIZE[19099]:</label>
					<align>left</align>
					<aligny>center</aligny>
					<font>Regular17</font>
					<textcolor>grey2</textcolor>
				</control>
				<control type="label">
					<description>Service value</description>
					<left>330</left>
					<top>323</top>
					<width>518</width>
					<height>38</height>
					<label>$INFO[PVR.ActStreamServiceName]</label>
					<align>left</align>
					<aligny>center</aligny>
					<font>Light17</font>
					<textcolor>white</textcolor>
				</control>
				<control type="label">
					<description>Encryption</description>
					<left>75</left>
					<top>360</top>
					<width>248</width>
					<height>38</height>
					<label>$LOCALIZE[19015]:</label>
					<align>left</align>
					<aligny>center</aligny>
					<font>Regular17</font>
					<textcolor>grey2</textcolor>
				</control>
				<control type="label">
					<description>Encryption value</description>
					<left>330</left>
					<top>360</top>
					<width>518</width>
					<height>38</height>
					<label>$INFO[PVR.ActStreamEncryptionName]</label>
					<align>left</align>
					<aligny>center</aligny>
					<font>Light17</font>
					<textcolor>white</textcolor>
				</control>
				<control type="label">
					<description>Provider</description>
					<left>75</left>
					<top>398</top>
					<width>248</width>
					<height>38</height>
					<label>$LOCALIZE[19101]:</label>
					<align>left</align>
					<aligny>center</aligny>
					<font>Regular17</font>
					<textcolor>grey2</textcolor>
				</control>
				<control type="label">
					<description>Provider value</description>
					<left>330</left>
					<top>398</top>
					<width>518</width>
					<height>38</height>
					<label>$INFO[PVR.ActStreamProviderName]</label>
					<align>left</align>
					<aligny>center</aligny>
					<font>Light17</font>
					<textcolor>white</textcolor>
				</control>
				<control type="label">
					<description>Mux</description>
					<left>75</left>
					<top>435</top>
					<width>248</width>
					<height>38</height>
					<label>$LOCALIZE[19100]:</label>
					<align>left</align>
					<aligny>center</aligny>
					<font>Regular17</font>
					<textcolor>grey2</textcolor>
				</control>
				<control type="label">
					<description>Mux value</description>
					<left>330</left>
					<top>435</top>
					<width>518</width>
					<height>38</height>
					<label>$INFO[PVR.ActStreamMux]</label>
					<align>left</align>
					<aligny>center</aligny>
					<font>Light17</font>
					<textcolor>white</textcolor>
				</control>
			</control>
			
			
			
		</control>
	</controls>
</window>