<?xml version="1.0" encoding="UTF-8"?>
<window>
	<defaultcontrol>-</defaultcontrol>
	<controls>
		<control type="visualisation" id="2">
			<!-- FIX ME Music Visualization needs to have an id of 2 in this window to be able to lock or change preset -->
			<description>visualisation</description>
			<left>0</left>
			<top>0</top>
			<width>1280</width>
			<height>720</height>
		</control>
		<control type="image">
			<description>Fanart Image for Artist</description>
			<left>0</left>
			<top>0</top>
			<width>1280</width>
			<height>720</height>
			<aspectratio>scale</aspectratio>
			<texture background="true">$INFO[Player.Art(fanart)]</texture>
			<colordiffuse>AAFFFFFF</colordiffuse>
			<visible>!String.IsEmpty(Player.Art(fanart)) + !Skin.HasSetting(HideVisualizationFanart)</visible>
			<fadetime>600</fadetime>
		</control>
		<!-- media infos -->
		<control type="group">
			<depth>DepthOSD</depth>
			<!--
			<animation effect="fade" time="150">VisibleChange</animation>
			
			<visible>[Player.ShowInfo | Window.IsActive(MusicOSD)] + ![Window.IsVisible(AddonSettings) | Window.IsVisible(SelectDialog) | Window.IsVisible(VisualisationPresetList) | Window.IsVisible(PVROSDChannels) | Window.IsVisible(PVROSDGuide) | Window.IsVisible(PVRRadioRDSInfo) | Window.IsVisible(OSDAudioDSPSettings) | Window.IsVisible(Addon)]</visible>
			-->
			<visible>[Window.IsVisible(SeekBar) | Player.ShowInfo | Window.IsActive(MusicOSD)] 
								+ !Window.IsVisible(SliderDialog)</visible>
			
			<animation effect="fade" end="100" time="700">Visible</animation>
			<animation effect="fade" end="0" time="150">Hidden</animation>
			
			<!-- FADEOUT TOP -->
			<control type="image">
				<left>-20</left>
				<top>-100</top>
				<width>1320</width>
				<height>180</height>
				<texture flipy="true" border="1">HomeNowPlayingBack.png</texture>
				<animation effect="fade" end="65" time="0" condition="true">Conditional</animation><!-- 75 -->
			</control>
			
			<control type="label">
				<description>Partymode Header label</description>
				<left>20</left>
				<top>6</top>
				<width>800</width>
				<height>26</height>
				<align>left</align>
				<aligny>center</aligny>
				<font>Regular20</font>
				<textcolor>white</textcolor>
				<label>$LOCALIZE[589]</label>
				<visible>MusicPartyMode.Enabled</visible>
			</control>
			<control type="label">
				<description>Normal Header label</description>
				<left>20</left>
				<top>6</top>
				<width>800</width>
				<height>26</height>
				<align>left</align>
				<aligny>center</aligny>
				<font>Regular20</font>
				<textcolor>white</textcolor>
				<label>$INFO[MusicPlayer.Playlistposition,$LOCALIZE[554]  ]$INFO[MusicPlayer.Playlistlength, / ]</label>
				<visible>!MusicPartyMode.Enabled</visible>
			</control>
			<control type="label">
				<description>Clock label</description>
				<left>460</left>
				<top>6</top>
				<width>800</width>
				<height>26</height>
				<align>right</align>
				<aligny>center</aligny>
				<font>Regular20</font>
				<textcolor>white</textcolor>
				<label>$INFO[System.Time]</label>
				<animation effect="slide" start="0,0" end="-56,0" time="0" condition="[System.GetBool(input.enablemouse) + Skin.HasSetting(ShowMouseControlButtons)] + Window.IsVisible(MusicOSD)">conditional</animation>
				<visible>!String.IsEqual(Skin.String(HomeDateTimeType),2)</visible>
			</control>
			<!-- FADEOUT BOTTOM -->
			<control type="image">
				<left>-20</left>
				<top>258r</top><!-- 230 ! -->
				<width>1320</width>
				<height>260</height>
				<texture border="1">HomeNowPlayingBack.png</texture>
				<animation effect="fade" end="93" time="0" condition="true">Conditional</animation><!-- 98 -->
			</control>
			
			<!-- cover reduced -->
			<control type="image" id="1">
				<depth>DepthOSDPopout</depth>
				<left>194</left>
				<top>252r</top>
				<width>120</width>
				<height>120</height>
				<texture>_added_img/100x100_black.png</texture>
				<aspectratio align="center" aligny="center">scale</aspectratio>
				<visible>!Skin.HasSetting(DisableReducedFullScreenInfoOSD)</visible>
				<animation effect="fade" end="50" time="0" condition="true">Conditional</animation>
			</control>
			<control type="image" id="1">
				<depth>DepthOSDPopout</depth>
				<left>194</left>
				<top>252r</top>
				<width>120</width>
				<height>120</height>
				<texture fallback="DefaultAlbumCover.png">$INFO[Player.Art(thumb)]</texture>
				<aspectratio align="center" aligny="center">keep</aspectratio>
				<visible>!Skin.HasSetting(DisableReducedFullScreenInfoOSD)</visible>
				<fadetime>75</fadetime>
			</control>
			<!-- cover regular -->
			<control type="image">
				<depth>DepthOSDPopout</depth>
				<description>cover image</description>
				<left>20</left>
				<top>250r</top>
				<width>300</width>
				<height>230</height>
				<texture fallback="DefaultAlbumCover.png">$INFO[Player.Art(thumb)]</texture>
				<aspectratio aligny="bottom">keep</aspectratio>
				<bordertexture border="8">ThumbShadow666.png</bordertexture>
				<bordersize>8</bordersize>
				<visible>Skin.HasSetting(DisableReducedFullScreenInfoOSD)</visible>
			</control>
			
			<control type="group">
				<left>338</left><!-- 350 -->
				<top>262r</top><!-- 195r 232r -->
				
				<!-- NOW PLAYING -->
				<!--
				<control type="label" id="1">
					<description>Heading label</description>
					<left>0</left>
					<top>0</top>
					<width>910</width>
					<height>25</height>
					<align>left</align>
					<aligny>center</aligny>
					<font>Regular20</font>
					<label>$LOCALIZE[31040]</label>
					<textcolor>white</textcolor>
					<animation effect="slide" start="0,0" end="0,25" time="0" condition="String.IsEmpty(MusicPlayer.Artist) + String.IsEmpty(MusicPlayer.Album)">conditional</animation>
				</control>
				-->
				<control type="label" id="1">
					
					<animation effect="slide" start="0,0" end="0,46" time="0" condition="!Skin.HasSetting(DisableReducedFullScreenInfoOSD)">conditional</animation>
					
					<description>Artist label</description>
					<left>2</left>
					<top>30</top>
					<width>800</width><!-- 910 -->
					<height>25</height>
					<align>left</align>
					<font>Light17</font>
					<label>$INFO[MusicPlayer.Artist]$INFO[MusicPlayer.Album, – ]$INFO[MusicPlayer.Year, (,)]</label>
					<textcolor>grey2</textcolor>
					<shadowcolor>black</shadowcolor>
				</control>
				<control type="grouplist">
					<left>2</left>
					<top>56</top>
					<width>940</width>
					<height>36</height>
					<itemgap>0</itemgap>
					<orientation>horizontal</orientation>
					
					<control type="label">
						
						<animation effect="slide" start="0,0" end="0,46" time="0" condition="!Skin.HasSetting(DisableReducedFullScreenInfoOSD)">conditional</animation>
						
						<width min="10" max="910">auto</width>
						<height>30</height>
						<font>Light30</font>
						<align>left</align>
						<aligny>center</aligny>
						<label>$INFO[Player.Title]</label>
						<textcolor>orange</textcolor>
						<scroll>true</scroll>
					</control>
					
				</control>
				<control type="grouplist">
					<left>2</left>
					<top>94</top>
					<width>930</width>
					<height>36</height>
					<itemgap>0</itemgap>
					<orientation>horizontal</orientation>
					
					<animation effect="slide" start="0,0" end="-220,46" time="0" condition="!Skin.HasSetting(DisableReducedFullScreenInfoOSD)">conditional</animation><!-- -186 -->
					
					<animation effect="slide" start="0,0" end="118,0" time="0" condition="!Skin.HasSetting(DisableReducedFullScreenInfoOSD) + ![!String.IsEqual(MusicPlayer.UserRating,) + !MusicPlayer.Content(LiveTV) + !Pvr.IsPlayingRecording]">conditional</animation>
					
					<!--
					<visible>!System.GetBool(audiooutput.dspaddonsenabled)</visible>
					-->
					<include condition="!Skin.HasSetting(DisableReducedFullScreenInfoOSD)">FullScreenMusicRatingGroup</include>
					<control type="image">
						<description>Audio Codec Image</description>
						<width>84</width>
						<height>36</height>
						<aspectratio align="left">keep</aspectratio>
						<texture>$INFO[MusicPlayer.Codec,flagging/audio/,.png]</texture>
						<visible>!Player.ChannelPreviewActive</visible>
					</control>
					<include condition="Skin.HasSetting(DisableReducedFullScreenInfoOSD)">FullScreenMusicRatingGroup</include>
				</control>
				
				<!--
				<control type="grouplist">
					<left>2</left>
					<top>60</top>
					<width>910</width>
					<height>35</height>
					<itemgap>5</itemgap>
					<orientation>horizontal</orientation>
					<visible>System.GetBool(audiooutput.dspaddonsenabled)</visible>
					<control type="label">
						<width min="10" max="557">auto</width>
						<height>30</height>
						<font>Regular30</font>
						<align>left</align>
						<aligny>center</aligny>
						<label>$INFO[Player.Title]</label>
						<textcolor>orange</textcolor>
						<scroll>true</scroll>
					</control>
					<control type="image">
						<description>ADSP Master Mode Image</description>
						<width>81</width>
						<height>35</height>
						<visible>![String.IsEmpty(ADSP.MasterOwnIcon) | Player.ChannelPreviewActive]</visible>
						<texture>$INFO[ADSP.MasterOwnIcon]</texture>
					</control>
					<control type="image">
						<description>Audio Codec Image</description>
						<width>81</width>
						<height>35</height>
						<visible>String.IsEmpty(ADSP.MasterOverrideIcon) + !Player.ChannelPreviewActive</visible>
						<texture>$INFO[MusicPlayer.Codec,flagging/audio/,.png]</texture>
					</control>
					<control type="image">
						<description>ADSP Audio Codec Override Image</description>
						<width>81</width>
						<height>35</height>
						<visible>![String.IsEmpty(ADSP.MasterOwnIcon) | Player.ChannelPreviewActive]</visible>
						<texture>$INFO[ADSP.MasterOverrideIcon]</texture>
					</control>
					<control type="group">
						<visible>!MusicPlayer.Content(LiveTV) + !Pvr.IsPlayingRecording</visible>
						<description>Rating</description>
						<width>172</width>
						<height>35</height>
						<control type="image">
							<description>rating back</description>
							<left>0</left>
							<top>0</top>
							<width>172</width>
							<height>35</height>
							<texture border="4">flagging/blank.png</texture>
						</control>
						<control type="image">
							<description>User Rating</description>
							<left>2</left>
							<top>7</top>
							<width>168</width>
							<height>21</height>
							<texture fallback="ratings/0.png">$INFO[MusicPlayer.UserRating,ratings/,.png]</texture>
						</control>
					</control>
				</control>
				-->
				<control type="label">
					<left>88</left><!-- 2 -->
					<top>166</top>
					<width>700</width><!-- 874 -->
					<height>26</height>
					<label>$VAR[FullScreenMusicNextTrackArtist]</label>
					<align>center</align>
					<aligny>center</aligny>
					<font>Regular17</font>
					<textcolor>grey</textcolor>
					<scroll>false</scroll><!-- true -->
					<visible>MusicPlayer.HasNext + !Window.IsVisible(MusicOSD)</visible>
					<animation effect="fade" time="150">VisibleChange</animation>
				</control>
			</control>
			<control type="group">
				<left>338</left>
				<top>126r</top>
				<!--
				<control type="label">
					<left>2</left>
					<top>0</top>
					<width>100</width>
					<height>40</height>
					<font>Regular20</font>
					<align>left</align>
					<aligny>center</aligny>
					<label>$INFO[Player.Time(hh:mm:ss)]</label>
				</control>
				<control type="progress">
					<description>Progressbar</description>
					<left>100</left>
					<top>14</top>
					<width>720</width>
					<height>16</height>
					<info>Player.Progress</info>
				</control>
				-->
				<control type="label">
					<left>776</left><!-- 820 -->
					<top>0</top>
					<width>100</width>
					<height>40</height>
					<font>Light20</font>
					<align>right</align>
					<aligny>center</aligny>
					<label>$INFO[Player.Duration(hh:mm:ss)]</label>
				</control>
			</control>
		</control>
	</controls>
</window>
