<?xml version="1.0" encoding="UTF-8"?>
<includes>
	
	
	
	<include name="VolumeAmplification_Preset_DRC_OnLoad_OFF">
		
		<!-- Set "Volume Amplification" to 0 dB (max is 60 dB) -->
		<!-- volampdown 6 x 10 -->
		<onload>volampdown</onload><onload>volampdown</onload><onload>volampdown</onload><onload>volampdown</onload><onload>volampdown</onload><onload>volampdown</onload><onload>volampdown</onload><onload>volampdown</onload><onload>volampdown</onload><onload>volampdown</onload>
		<onload>volampdown</onload><onload>volampdown</onload><onload>volampdown</onload><onload>volampdown</onload><onload>volampdown</onload><onload>volampdown</onload><onload>volampdown</onload><onload>volampdown</onload><onload>volampdown</onload><onload>volampdown</onload>
		<onload>volampdown</onload><onload>volampdown</onload><onload>volampdown</onload><onload>volampdown</onload><onload>volampdown</onload><onload>volampdown</onload><onload>volampdown</onload><onload>volampdown</onload><onload>volampdown</onload><onload>volampdown</onload>
		<onload>volampdown</onload><onload>volampdown</onload><onload>volampdown</onload><onload>volampdown</onload><onload>volampdown</onload><onload>volampdown</onload><onload>volampdown</onload><onload>volampdown</onload><onload>volampdown</onload><onload>volampdown</onload>
		<onload>volampdown</onload><onload>volampdown</onload><onload>volampdown</onload><onload>volampdown</onload><onload>volampdown</onload><onload>volampdown</onload><onload>volampdown</onload><onload>volampdown</onload><onload>volampdown</onload><onload>volampdown</onload>
		<onload>volampdown</onload><onload>volampdown</onload><onload>volampdown</onload><onload>volampdown</onload><onload>volampdown</onload><onload>volampdown</onload><onload>volampdown</onload><onload>volampdown</onload><onload>volampdown</onload><onload>volampdown</onload>
		
		<!-- Set "Volume" to 0 dB -->
		<onload>SetVolume(100,false)</onload>
		
		<onload>SetProperty(DRC,False,home)</onload>
		<onload>SetProperty(DRCid,$INFO[Player.Filename],home)</onload>
		 
		<!--<onload>Notification(VA-DRC,OFF,2500)</onload>-->
		
	</include>
	
	
	
	<include name="VolumeAmplification_Preset_DRC_OnLoad_ON">
		
		<!-- Set "Volume Amplification" to 0 dB (max is 60 dB) -->
		<!-- volampdown 6 x 10 -->
		<onload>volampdown</onload><onload>volampdown</onload><onload>volampdown</onload><onload>volampdown</onload><onload>volampdown</onload><onload>volampdown</onload><onload>volampdown</onload><onload>volampdown</onload><onload>volampdown</onload><onload>volampdown</onload>
		<onload>volampdown</onload><onload>volampdown</onload><onload>volampdown</onload><onload>volampdown</onload><onload>volampdown</onload><onload>volampdown</onload><onload>volampdown</onload><onload>volampdown</onload><onload>volampdown</onload><onload>volampdown</onload>
		<onload>volampdown</onload><onload>volampdown</onload><onload>volampdown</onload><onload>volampdown</onload><onload>volampdown</onload><onload>volampdown</onload><onload>volampdown</onload><onload>volampdown</onload><onload>volampdown</onload><onload>volampdown</onload>
		<onload>volampdown</onload><onload>volampdown</onload><onload>volampdown</onload><onload>volampdown</onload><onload>volampdown</onload><onload>volampdown</onload><onload>volampdown</onload><onload>volampdown</onload><onload>volampdown</onload><onload>volampdown</onload>
		<onload>volampdown</onload><onload>volampdown</onload><onload>volampdown</onload><onload>volampdown</onload><onload>volampdown</onload><onload>volampdown</onload><onload>volampdown</onload><onload>volampdown</onload><onload>volampdown</onload><onload>volampdown</onload>
		<onload>volampdown</onload><onload>volampdown</onload><onload>volampdown</onload><onload>volampdown</onload><onload>volampdown</onload><onload>volampdown</onload><onload>volampdown</onload><onload>volampdown</onload><onload>volampdown</onload><onload>volampdown</onload>
		
		<!-- Set "Volume" to -7,8 dB -->
		<onload>SetVolume(87,false)</onload>
		
		<!-- Set "Volume Amplification" to 10 dB (max is 60 dB) -->
		<!-- volampup x 10 -->
		<onload>volampup</onload><onload>volampup</onload><onload>volampup</onload><onload>volampup</onload><onload>volampup</onload><onload>volampup</onload><onload>volampup</onload><onload>volampup</onload><onload>volampup</onload><onload>volampup</onload>
		
		<onload>SetProperty(DRC,True,home)</onload>
		<onload>SetProperty(DRCid,$INFO[Player.Filename],home)</onload>
		
		<!--<onload>Notification(VA-DRC,ON,2500)</onload>-->
		
	</include>
	
	
	
	<include name="VolumeAmplification_Preset_DRC_Toggle">
		
		
		<!-- Set "Volume Amplification" to 0 dB (max is 60 dB) -->
		<!-- volampdown 6 x 10 -->
		<onclick condition="!Player.Passthrough + String.IsEqual(Window(home).Property(DRC),True)">volampdown</onclick><onclick condition="!Player.Passthrough + String.IsEqual(Window(home).Property(DRC),True)">volampdown</onclick><onclick condition="!Player.Passthrough + String.IsEqual(Window(home).Property(DRC),True)">volampdown</onclick><onclick condition="!Player.Passthrough + String.IsEqual(Window(home).Property(DRC),True)">volampdown</onclick><onclick condition="!Player.Passthrough + String.IsEqual(Window(home).Property(DRC),True)">volampdown</onclick><onclick condition="!Player.Passthrough + String.IsEqual(Window(home).Property(DRC),True)">volampdown</onclick><onclick condition="!Player.Passthrough + String.IsEqual(Window(home).Property(DRC),True)">volampdown</onclick><onclick condition="!Player.Passthrough + String.IsEqual(Window(home).Property(DRC),True)">volampdown</onclick><onclick condition="!Player.Passthrough + String.IsEqual(Window(home).Property(DRC),True)">volampdown</onclick><onclick condition="!Player.Passthrough + String.IsEqual(Window(home).Property(DRC),True)">volampdown</onclick>
		<onclick condition="!Player.Passthrough + String.IsEqual(Window(home).Property(DRC),True)">volampdown</onclick><onclick condition="!Player.Passthrough + String.IsEqual(Window(home).Property(DRC),True)">volampdown</onclick><onclick condition="!Player.Passthrough + String.IsEqual(Window(home).Property(DRC),True)">volampdown</onclick><onclick condition="!Player.Passthrough + String.IsEqual(Window(home).Property(DRC),True)">volampdown</onclick><onclick condition="!Player.Passthrough + String.IsEqual(Window(home).Property(DRC),True)">volampdown</onclick><onclick condition="!Player.Passthrough + String.IsEqual(Window(home).Property(DRC),True)">volampdown</onclick><onclick condition="!Player.Passthrough + String.IsEqual(Window(home).Property(DRC),True)">volampdown</onclick><onclick condition="!Player.Passthrough + String.IsEqual(Window(home).Property(DRC),True)">volampdown</onclick><onclick condition="!Player.Passthrough + String.IsEqual(Window(home).Property(DRC),True)">volampdown</onclick><onclick condition="!Player.Passthrough + String.IsEqual(Window(home).Property(DRC),True)">volampdown</onclick>
		<onclick condition="!Player.Passthrough + String.IsEqual(Window(home).Property(DRC),True)">volampdown</onclick><onclick condition="!Player.Passthrough + String.IsEqual(Window(home).Property(DRC),True)">volampdown</onclick><onclick condition="!Player.Passthrough + String.IsEqual(Window(home).Property(DRC),True)">volampdown</onclick><onclick condition="!Player.Passthrough + String.IsEqual(Window(home).Property(DRC),True)">volampdown</onclick><onclick condition="!Player.Passthrough + String.IsEqual(Window(home).Property(DRC),True)">volampdown</onclick><onclick condition="!Player.Passthrough + String.IsEqual(Window(home).Property(DRC),True)">volampdown</onclick><onclick condition="!Player.Passthrough + String.IsEqual(Window(home).Property(DRC),True)">volampdown</onclick><onclick condition="!Player.Passthrough + String.IsEqual(Window(home).Property(DRC),True)">volampdown</onclick><onclick condition="!Player.Passthrough + String.IsEqual(Window(home).Property(DRC),True)">volampdown</onclick><onclick condition="!Player.Passthrough + String.IsEqual(Window(home).Property(DRC),True)">volampdown</onclick>
		<onclick condition="!Player.Passthrough + String.IsEqual(Window(home).Property(DRC),True)">volampdown</onclick><onclick condition="!Player.Passthrough + String.IsEqual(Window(home).Property(DRC),True)">volampdown</onclick><onclick condition="!Player.Passthrough + String.IsEqual(Window(home).Property(DRC),True)">volampdown</onclick><onclick condition="!Player.Passthrough + String.IsEqual(Window(home).Property(DRC),True)">volampdown</onclick><onclick condition="!Player.Passthrough + String.IsEqual(Window(home).Property(DRC),True)">volampdown</onclick><onclick condition="!Player.Passthrough + String.IsEqual(Window(home).Property(DRC),True)">volampdown</onclick><onclick condition="!Player.Passthrough + String.IsEqual(Window(home).Property(DRC),True)">volampdown</onclick><onclick condition="!Player.Passthrough + String.IsEqual(Window(home).Property(DRC),True)">volampdown</onclick><onclick condition="!Player.Passthrough + String.IsEqual(Window(home).Property(DRC),True)">volampdown</onclick><onclick condition="!Player.Passthrough + String.IsEqual(Window(home).Property(DRC),True)">volampdown</onclick>
		<onclick condition="!Player.Passthrough + String.IsEqual(Window(home).Property(DRC),True)">volampdown</onclick><onclick condition="!Player.Passthrough + String.IsEqual(Window(home).Property(DRC),True)">volampdown</onclick><onclick condition="!Player.Passthrough + String.IsEqual(Window(home).Property(DRC),True)">volampdown</onclick><onclick condition="!Player.Passthrough + String.IsEqual(Window(home).Property(DRC),True)">volampdown</onclick><onclick condition="!Player.Passthrough + String.IsEqual(Window(home).Property(DRC),True)">volampdown</onclick><onclick condition="!Player.Passthrough + String.IsEqual(Window(home).Property(DRC),True)">volampdown</onclick><onclick condition="!Player.Passthrough + String.IsEqual(Window(home).Property(DRC),True)">volampdown</onclick><onclick condition="!Player.Passthrough + String.IsEqual(Window(home).Property(DRC),True)">volampdown</onclick><onclick condition="!Player.Passthrough + String.IsEqual(Window(home).Property(DRC),True)">volampdown</onclick><onclick condition="!Player.Passthrough + String.IsEqual(Window(home).Property(DRC),True)">volampdown</onclick>
		<onclick condition="!Player.Passthrough + String.IsEqual(Window(home).Property(DRC),True)">volampdown</onclick><onclick condition="!Player.Passthrough + String.IsEqual(Window(home).Property(DRC),True)">volampdown</onclick><onclick condition="!Player.Passthrough + String.IsEqual(Window(home).Property(DRC),True)">volampdown</onclick><onclick condition="!Player.Passthrough + String.IsEqual(Window(home).Property(DRC),True)">volampdown</onclick><onclick condition="!Player.Passthrough + String.IsEqual(Window(home).Property(DRC),True)">volampdown</onclick><onclick condition="!Player.Passthrough + String.IsEqual(Window(home).Property(DRC),True)">volampdown</onclick><onclick condition="!Player.Passthrough + String.IsEqual(Window(home).Property(DRC),True)">volampdown</onclick><onclick condition="!Player.Passthrough + String.IsEqual(Window(home).Property(DRC),True)">volampdown</onclick><onclick condition="!Player.Passthrough + String.IsEqual(Window(home).Property(DRC),True)">volampdown</onclick><onclick condition="!Player.Passthrough + String.IsEqual(Window(home).Property(DRC),True)">volampdown</onclick>
		
		<!-- Set "Volume" to 0 dB -->
		<onclick condition="!Player.Passthrough + String.IsEqual(Window(home).Property(DRC),True)">SetVolume(100,false)</onclick>
		
		<onclick condition="!Player.Passthrough + String.IsEqual(Window(home).Property(DRC),True)">SetProperty(DRC,False,home)</onclick>
		<onclick condition="!Player.Passthrough + String.IsEqual(Window(home).Property(DRC),True)">SetProperty(DRCid,$INFO[Player.Filename],home)</onclick>
		
		<onclick condition="!Player.Passthrough + String.IsEqual(Window(home).Property(DRC),True)">Notification(VA-DRC,OFF,1000)</onclick>
		
		
		
		<!-- Set "Volume Amplification" to 0 dB (max is 60 dB) -->
		<!-- volampdown 6 x 10 -->
		<onclick condition="!Player.Passthrough + String.IsEqual(Window(home).Property(DRC),False) | String.IsEmpty(Window(home).Property(DRC))">volampdown</onclick><onclick condition="!Player.Passthrough + String.IsEqual(Window(home).Property(DRC),False) | String.IsEmpty(Window(home).Property(DRC))">volampdown</onclick><onclick condition="!Player.Passthrough + String.IsEqual(Window(home).Property(DRC),False) | String.IsEmpty(Window(home).Property(DRC))">volampdown</onclick><onclick condition="!Player.Passthrough + String.IsEqual(Window(home).Property(DRC),False) | String.IsEmpty(Window(home).Property(DRC))">volampdown</onclick><onclick condition="!Player.Passthrough + String.IsEqual(Window(home).Property(DRC),False) | String.IsEmpty(Window(home).Property(DRC))">volampdown</onclick><onclick condition="!Player.Passthrough + String.IsEqual(Window(home).Property(DRC),False) | String.IsEmpty(Window(home).Property(DRC))">volampdown</onclick><onclick condition="!Player.Passthrough + String.IsEqual(Window(home).Property(DRC),False) | String.IsEmpty(Window(home).Property(DRC))">volampdown</onclick><onclick condition="!Player.Passthrough + String.IsEqual(Window(home).Property(DRC),False) | String.IsEmpty(Window(home).Property(DRC))">volampdown</onclick><onclick condition="!Player.Passthrough + String.IsEqual(Window(home).Property(DRC),False) | String.IsEmpty(Window(home).Property(DRC))">volampdown</onclick><onclick condition="!Player.Passthrough + String.IsEqual(Window(home).Property(DRC),False) | String.IsEmpty(Window(home).Property(DRC))">volampdown</onclick>
		<onclick condition="!Player.Passthrough + String.IsEqual(Window(home).Property(DRC),False) | String.IsEmpty(Window(home).Property(DRC))">volampdown</onclick><onclick condition="!Player.Passthrough + String.IsEqual(Window(home).Property(DRC),False) | String.IsEmpty(Window(home).Property(DRC))">volampdown</onclick><onclick condition="!Player.Passthrough + String.IsEqual(Window(home).Property(DRC),False) | String.IsEmpty(Window(home).Property(DRC))">volampdown</onclick><onclick condition="!Player.Passthrough + String.IsEqual(Window(home).Property(DRC),False) | String.IsEmpty(Window(home).Property(DRC))">volampdown</onclick><onclick condition="!Player.Passthrough + String.IsEqual(Window(home).Property(DRC),False) | String.IsEmpty(Window(home).Property(DRC))">volampdown</onclick><onclick condition="!Player.Passthrough + String.IsEqual(Window(home).Property(DRC),False) | String.IsEmpty(Window(home).Property(DRC))">volampdown</onclick><onclick condition="!Player.Passthrough + String.IsEqual(Window(home).Property(DRC),False) | String.IsEmpty(Window(home).Property(DRC))">volampdown</onclick><onclick condition="!Player.Passthrough + String.IsEqual(Window(home).Property(DRC),False) | String.IsEmpty(Window(home).Property(DRC))">volampdown</onclick><onclick condition="!Player.Passthrough + String.IsEqual(Window(home).Property(DRC),False) | String.IsEmpty(Window(home).Property(DRC))">volampdown</onclick><onclick condition="!Player.Passthrough + String.IsEqual(Window(home).Property(DRC),False) | String.IsEmpty(Window(home).Property(DRC))">volampdown</onclick>
		<onclick condition="!Player.Passthrough + String.IsEqual(Window(home).Property(DRC),False) | String.IsEmpty(Window(home).Property(DRC))">volampdown</onclick><onclick condition="!Player.Passthrough + String.IsEqual(Window(home).Property(DRC),False) | String.IsEmpty(Window(home).Property(DRC))">volampdown</onclick><onclick condition="!Player.Passthrough + String.IsEqual(Window(home).Property(DRC),False) | String.IsEmpty(Window(home).Property(DRC))">volampdown</onclick><onclick condition="!Player.Passthrough + String.IsEqual(Window(home).Property(DRC),False) | String.IsEmpty(Window(home).Property(DRC))">volampdown</onclick><onclick condition="!Player.Passthrough + String.IsEqual(Window(home).Property(DRC),False) | String.IsEmpty(Window(home).Property(DRC))">volampdown</onclick><onclick condition="!Player.Passthrough + String.IsEqual(Window(home).Property(DRC),False) | String.IsEmpty(Window(home).Property(DRC))">volampdown</onclick><onclick condition="!Player.Passthrough + String.IsEqual(Window(home).Property(DRC),False) | String.IsEmpty(Window(home).Property(DRC))">volampdown</onclick><onclick condition="!Player.Passthrough + String.IsEqual(Window(home).Property(DRC),False) | String.IsEmpty(Window(home).Property(DRC))">volampdown</onclick><onclick condition="!Player.Passthrough + String.IsEqual(Window(home).Property(DRC),False) | String.IsEmpty(Window(home).Property(DRC))">volampdown</onclick><onclick condition="!Player.Passthrough + String.IsEqual(Window(home).Property(DRC),False) | String.IsEmpty(Window(home).Property(DRC))">volampdown</onclick>
		<onclick condition="!Player.Passthrough + String.IsEqual(Window(home).Property(DRC),False) | String.IsEmpty(Window(home).Property(DRC))">volampdown</onclick><onclick condition="!Player.Passthrough + String.IsEqual(Window(home).Property(DRC),False) | String.IsEmpty(Window(home).Property(DRC))">volampdown</onclick><onclick condition="!Player.Passthrough + String.IsEqual(Window(home).Property(DRC),False) | String.IsEmpty(Window(home).Property(DRC))">volampdown</onclick><onclick condition="!Player.Passthrough + String.IsEqual(Window(home).Property(DRC),False) | String.IsEmpty(Window(home).Property(DRC))">volampdown</onclick><onclick condition="!Player.Passthrough + String.IsEqual(Window(home).Property(DRC),False) | String.IsEmpty(Window(home).Property(DRC))">volampdown</onclick><onclick condition="!Player.Passthrough + String.IsEqual(Window(home).Property(DRC),False) | String.IsEmpty(Window(home).Property(DRC))">volampdown</onclick><onclick condition="!Player.Passthrough + String.IsEqual(Window(home).Property(DRC),False) | String.IsEmpty(Window(home).Property(DRC))">volampdown</onclick><onclick condition="!Player.Passthrough + String.IsEqual(Window(home).Property(DRC),False) | String.IsEmpty(Window(home).Property(DRC))">volampdown</onclick><onclick condition="!Player.Passthrough + String.IsEqual(Window(home).Property(DRC),False) | String.IsEmpty(Window(home).Property(DRC))">volampdown</onclick><onclick condition="!Player.Passthrough + String.IsEqual(Window(home).Property(DRC),False) | String.IsEmpty(Window(home).Property(DRC))">volampdown</onclick>
		<onclick condition="!Player.Passthrough + String.IsEqual(Window(home).Property(DRC),False) | String.IsEmpty(Window(home).Property(DRC))">volampdown</onclick><onclick condition="!Player.Passthrough + String.IsEqual(Window(home).Property(DRC),False) | String.IsEmpty(Window(home).Property(DRC))">volampdown</onclick><onclick condition="!Player.Passthrough + String.IsEqual(Window(home).Property(DRC),False) | String.IsEmpty(Window(home).Property(DRC))">volampdown</onclick><onclick condition="!Player.Passthrough + String.IsEqual(Window(home).Property(DRC),False) | String.IsEmpty(Window(home).Property(DRC))">volampdown</onclick><onclick condition="!Player.Passthrough + String.IsEqual(Window(home).Property(DRC),False) | String.IsEmpty(Window(home).Property(DRC))">volampdown</onclick><onclick condition="!Player.Passthrough + String.IsEqual(Window(home).Property(DRC),False) | String.IsEmpty(Window(home).Property(DRC))">volampdown</onclick><onclick condition="!Player.Passthrough + String.IsEqual(Window(home).Property(DRC),False) | String.IsEmpty(Window(home).Property(DRC))">volampdown</onclick><onclick condition="!Player.Passthrough + String.IsEqual(Window(home).Property(DRC),False) | String.IsEmpty(Window(home).Property(DRC))">volampdown</onclick><onclick condition="!Player.Passthrough + String.IsEqual(Window(home).Property(DRC),False) | String.IsEmpty(Window(home).Property(DRC))">volampdown</onclick><onclick condition="!Player.Passthrough + String.IsEqual(Window(home).Property(DRC),False) | String.IsEmpty(Window(home).Property(DRC))">volampdown</onclick>
		<onclick condition="!Player.Passthrough + String.IsEqual(Window(home).Property(DRC),False) | String.IsEmpty(Window(home).Property(DRC))">volampdown</onclick><onclick condition="!Player.Passthrough + String.IsEqual(Window(home).Property(DRC),False) | String.IsEmpty(Window(home).Property(DRC))">volampdown</onclick><onclick condition="!Player.Passthrough + String.IsEqual(Window(home).Property(DRC),False) | String.IsEmpty(Window(home).Property(DRC))">volampdown</onclick><onclick condition="!Player.Passthrough + String.IsEqual(Window(home).Property(DRC),False) | String.IsEmpty(Window(home).Property(DRC))">volampdown</onclick><onclick condition="!Player.Passthrough + String.IsEqual(Window(home).Property(DRC),False) | String.IsEmpty(Window(home).Property(DRC))">volampdown</onclick><onclick condition="!Player.Passthrough + String.IsEqual(Window(home).Property(DRC),False) | String.IsEmpty(Window(home).Property(DRC))">volampdown</onclick><onclick condition="!Player.Passthrough + String.IsEqual(Window(home).Property(DRC),False) | String.IsEmpty(Window(home).Property(DRC))">volampdown</onclick><onclick condition="!Player.Passthrough + String.IsEqual(Window(home).Property(DRC),False) | String.IsEmpty(Window(home).Property(DRC))">volampdown</onclick><onclick condition="!Player.Passthrough + String.IsEqual(Window(home).Property(DRC),False) | String.IsEmpty(Window(home).Property(DRC))">volampdown</onclick><onclick condition="!Player.Passthrough + String.IsEqual(Window(home).Property(DRC),False) | String.IsEmpty(Window(home).Property(DRC))">volampdown</onclick>
		
		<!-- Set "Volume" to -7,8 dB -->
		<onclick condition="!Player.Passthrough + String.IsEqual(Window(home).Property(DRC),False) | String.IsEmpty(Window(home).Property(DRC))">SetVolume(87,false)</onclick>
		
		<!-- Set "Volume Amplification" to 10 dB (max is 60 dB) -->
		<!-- volampup x 10 -->
		<onclick condition="!Player.Passthrough + String.IsEqual(Window(home).Property(DRC),False) | String.IsEmpty(Window(home).Property(DRC))">volampup</onclick><onclick condition="!Player.Passthrough + String.IsEqual(Window(home).Property(DRC),False) | String.IsEmpty(Window(home).Property(DRC))">volampup</onclick><onclick condition="!Player.Passthrough + String.IsEqual(Window(home).Property(DRC),False) | String.IsEmpty(Window(home).Property(DRC))">volampup</onclick><onclick condition="!Player.Passthrough + String.IsEqual(Window(home).Property(DRC),False) | String.IsEmpty(Window(home).Property(DRC))">volampup</onclick><onclick condition="!Player.Passthrough + String.IsEqual(Window(home).Property(DRC),False) | String.IsEmpty(Window(home).Property(DRC))">volampup</onclick><onclick condition="!Player.Passthrough + String.IsEqual(Window(home).Property(DRC),False) | String.IsEmpty(Window(home).Property(DRC))">volampup</onclick><onclick condition="!Player.Passthrough + String.IsEqual(Window(home).Property(DRC),False) | String.IsEmpty(Window(home).Property(DRC))">volampup</onclick><onclick condition="!Player.Passthrough + String.IsEqual(Window(home).Property(DRC),False) | String.IsEmpty(Window(home).Property(DRC))">volampup</onclick><onclick condition="!Player.Passthrough + String.IsEqual(Window(home).Property(DRC),False) | String.IsEmpty(Window(home).Property(DRC))">volampup</onclick><onclick condition="!Player.Passthrough + String.IsEqual(Window(home).Property(DRC),False) | String.IsEmpty(Window(home).Property(DRC))">volampup</onclick>
		
		<onclick condition="!Player.Passthrough + String.IsEqual(Window(home).Property(DRC),False) | String.IsEmpty(Window(home).Property(DRC))">SetProperty(DRC,True,home)</onclick>
		<onclick condition="!Player.Passthrough + String.IsEqual(Window(home).Property(DRC),False) | String.IsEmpty(Window(home).Property(DRC))">SetProperty(DRCid,$INFO[Player.Filename],home)</onclick>
		
		<onclick condition="!Player.Passthrough + String.IsEqual(Window(home).Property(DRC),False) | String.IsEmpty(Window(home).Property(DRC))">Notification(VA-DRC,ON,1000)</onclick>
		
		
		<onclick condition="Player.Passthrough">Notification(Can't use VolumeAmplification-DRC,DISABLE audio passthrough first,5000,DefaultIconError.png)</onclick>
		
	</include>
	
	
</includes>
