<?xml version="1.0" encoding="UTF-8"?>
<includes>
	<include name="HomeScreenContentWidgets">
		
		<control type="group">
			
			<include>idleFadeOutFull</include>
			
			<control type="group" id="9003">
				<depth>DepthMenu</depth>
				<onup>600</onup>
				<ondown>9000</ondown>
				<include>VisibleFadeEffect</include>
				
				<include>Window_OpenClose_Animation</include>
				
				
				<!-- MOVIES -->
				<control type="group">
					<left>285</left>
					<top>128</top>
					<visible>Library.HasContent(Movies)</visible>
					<visible>!Skin.HasSetting(HomepageHideRecentlyAddedVideo) + Container(9000).Hasfocus(10)</visible>
					
					<include>RecentlyAddedVisibleHiddenAnimations</include>
					
					<control type="group">
						<animation effect="slide" start="0,0" end="135,0" time="0" condition="Integer.IsEqual(Container(8000).NumItems,4)">conditional</animation>
						<animation effect="slide" start="0,0" end="270,0" time="0" condition="Integer.IsEqual(Container(8000).NumItems,3)">conditional</animation>
						<animation effect="slide" start="0,0" end="405,0" time="0" condition="Integer.IsEqual(Container(8000).NumItems,2)">conditional</animation>
						<animation effect="slide" start="0,0" end="540,0" time="0" condition="Integer.IsEqual(Container(8000).NumItems,1)">conditional</animation>
						
						
						<control type="label">
							<description>Title label</description>
							<left>-177</left>
							<top>60</top>
							<width>165</width>
							<height>150</height>
							<label>31328</label>
							<align>right</align>
							<aligny>top</aligny>
							<font>Regular17</font>
							<textcolor>white</textcolor>
							<wrapmultiline>true</wrapmultiline>
							<visible>Control.HasFocus(8000)</visible>
							<include>VisibleFadeEffect</include>
						</control>
						
						<control type="scrollbar" id="80">
							<left>9</left>
							<top>-21</top>
							<width>1332</width>
							<include>scrollBarStyleDefaultHeight</include>
							<showonepage>false</showonepage>
							<visible>Control.HasFocus(8000)</visible>
							<animation effect="fade" start="100" end="50" time="0" condition="true">Conditional</animation>
							<enable>false</enable>
							<include>VisibleFadeEffect</include>
							<include>scrollBarStyleDefaultNoBg</include>
						</control>
						
						<control type="list" id="8000">
							<left>0</left>
							<top>2</top><!-- 1080p convert "1" inside a xml tag -->
							<!-- move down 1px due to layout change. Only for type1 -->
							<width>1350</width>
							<height>354</height>
							<onleft>8000</onleft>
							<onright>8000</onright>
							<onup>600</onup>
							<ondown>9000</ondown>
							<viewtype label="535">list</viewtype>
							<pagecontrol>80</pagecontrol>
							<include>StandardScrollTime</include>
							<orientation>Horizontal</orientation>
							
							<onfocus condition="System.HasAddon(service.duration.helper)">SetProperty(DurationHelper.WidgetContainerId,8000,home)</onfocus>
							<onfocus condition="System.HasAddon(service.duration.helper)">SetProperty(DurationHelper.WidgetContainerWindowName,home,home)</onfocus>
							<onunfocus condition="System.HasAddon(service.duration.helper)">ClearProperty(DurationHelper.WidgetContainerId,home)</onunfocus>
							<onunfocus condition="System.HasAddon(service.duration.helper)">ClearProperty(DurationHelper.WidgetContainerWindowName,home)</onunfocus>
							
							<onfocus condition="System.HasAddon(service.listitem.helper)">SetProperty(ListItemHelper.WidgetContainerId,8000,home)</onfocus>
							<onfocus condition="System.HasAddon(service.listitem.helper)">SetProperty(ListItemHelper.WidgetContainerWindowName,home,home)</onfocus>
							<onunfocus condition="System.HasAddon(service.listitem.helper)">ClearProperty(ListItemHelper.WidgetContainerId,home)</onunfocus>
							<onunfocus condition="System.HasAddon(service.listitem.helper)">ClearProperty(ListItemHelper.WidgetContainerWindowName,home)</onunfocus>
							
							<include content="HomeItemsWidgetLayoutType1">
								<param name="list_id" value="8000" />
							</include>
							
							<content target="videos" limit="15" browse="never">videodb://recentlyaddedmovies/</content>
							
						</control>
					</control>
					<control type="button">
						<description>left Arrow</description>
						<left>-53</left>
						<top>139</top>
						<width>52</width>
						<height>52</height>
						<texturefocus colordiffuse="$VAR[bigArrowLeftColorDiffuse]">arrow-white-left.png</texturefocus>
						<texturenofocus colordiffuse="$VAR[bigArrowLeftColorDiffuse]">arrow-white-left.png</texturenofocus>
						<visible>Control.HasFocus(8000) + Container(8000).HasPrevious</visible>
						<include>VisibleFadeEffect</include>
					</control>
					<control type="button">
						<description>right Arrow</description>
						<left>1351</left>
						<top>139</top>
						<width>52</width>
						<height>52</height>
						<texturefocus colordiffuse="$VAR[bigArrowLeftColorDiffuse]" flipx="true">arrow-white-left.png</texturefocus>
						<texturenofocus colordiffuse="$VAR[bigArrowLeftColorDiffuse]" flipx="true">arrow-white-left.png</texturenofocus>
						<visible>Control.HasFocus(8000) + Container(8000).HasNext</visible>
						<include>VisibleFadeEffect</include>
					</control>
				</control>
				
				<!-- TV SHOWS -->
				<control type="group">
					<left>285</left>
					<top>128</top>
					<visible>!Skin.HasSetting(RecentlyAddedTvShowsChangeWidgetTypeToEpisodes)</visible>
					<visible>Library.HasContent(TVShows)</visible>
					<visible>!Skin.HasSetting(HomepageHideRecentlyAddedVideo) + Container(9000).Hasfocus(11)</visible>
					
					<include>RecentlyAddedVisibleHiddenAnimations</include>
					
					<control type="group">
						<animation effect="slide" start="0,0" end="135,0" time="0" condition="Integer.IsEqual(Container(8007).NumItems,4)">conditional</animation>
						<animation effect="slide" start="0,0" end="270,0" time="0" condition="Integer.IsEqual(Container(8007).NumItems,3)">conditional</animation>
						<animation effect="slide" start="0,0" end="405,0" time="0" condition="Integer.IsEqual(Container(8007).NumItems,2)">conditional</animation>
						<animation effect="slide" start="0,0" end="540,0" time="0" condition="Integer.IsEqual(Container(8007).NumItems,1)">conditional</animation>
						
						<control type="label">
							<description>Title label</description>
							<left>-177</left>
							<top>60</top>
							<width>165</width>
							<height>150</height>
							<label>31328</label>
							<align>right</align>
							<aligny>top</aligny>
							<font>Regular17</font>
							<textcolor>white</textcolor>
							<wrapmultiline>true</wrapmultiline>
							<visible>Control.HasFocus(8007)</visible>
							<include>VisibleFadeEffect</include>
						</control>
						
						<control type="scrollbar" id="81">
							<left>9</left>
							<top>-21</top>
							<width>1332</width>
							<include>scrollBarStyleDefaultHeight</include>
							<showonepage>false</showonepage>
							<visible>Control.HasFocus(8007)</visible>
							<animation effect="fade" start="100" end="50" time="0" condition="true">Conditional</animation>
							<enable>false</enable>
							<include>VisibleFadeEffect</include>
							<include>scrollBarStyleDefaultNoBg</include>
						</control>
						
						<control type="list" id="8007">
							<left>0</left>
							<top>2</top><!-- 1080p convert "1" inside a xml tag -->
							<!-- move down 1px due to layout change. Only for type1 -->
							<width>1350</width>
							<height>354</height>
							<onleft>8007</onleft>
							<onright>8007</onright>
							<onup>600</onup>
							<ondown>9000</ondown>
							<viewtype label="535">list</viewtype>
							<pagecontrol>81</pagecontrol>
							<include>StandardScrollTime</include>
							<orientation>Horizontal</orientation>
							
							<onfocus condition="System.HasAddon(service.duration.helper)">SetProperty(DurationHelper.WidgetContainerId,8007,home)</onfocus>
							<onfocus condition="System.HasAddon(service.duration.helper)">SetProperty(DurationHelper.WidgetContainerWindowName,home,home)</onfocus>
							<onunfocus condition="System.HasAddon(service.duration.helper)">ClearProperty(DurationHelper.WidgetContainerId,home)</onunfocus>
							<onunfocus condition="System.HasAddon(service.duration.helper)">ClearProperty(DurationHelper.WidgetContainerWindowName,home)</onunfocus>
							
							<onfocus condition="System.HasAddon(service.listitem.helper)">SetProperty(ListItemHelper.WidgetContainerId,8007,home)</onfocus>
							<onfocus condition="System.HasAddon(service.listitem.helper)">SetProperty(ListItemHelper.WidgetContainerWindowName,home,home)</onfocus>
							<onunfocus condition="System.HasAddon(service.listitem.helper)">ClearProperty(ListItemHelper.WidgetContainerId,home)</onunfocus>
							<onunfocus condition="System.HasAddon(service.listitem.helper)">ClearProperty(ListItemHelper.WidgetContainerWindowName,home)</onunfocus>
							
							<include content="HomeItemsWidgetLayoutType1">
								<param name="list_id" value="8007" />
							</include>
							
							<content target="videos" limit="15" browse="never">special://skin/Special Lists/TV shows - Special Lists/tvshows_by_date_added.xsp</content>
						</control>
					</control>
					
					<control type="button">
						<description>left Arrow</description>
						<left>-53</left>
						<top>139</top>
						<width>52</width>
						<height>52</height>
						<texturefocus colordiffuse="$VAR[bigArrowLeftColorDiffuse]">arrow-white-left.png</texturefocus>
						<texturenofocus colordiffuse="$VAR[bigArrowLeftColorDiffuse]">arrow-white-left.png</texturenofocus>
						<visible>Control.HasFocus(8007) + Container(8007).HasPrevious</visible>
						<include>VisibleFadeEffect</include>
					</control>
					<control type="button">
						<description>right Arrow</description>
						<left>1351</left>
						<top>139</top>
						<width>52</width>
						<height>52</height>
						<texturefocus colordiffuse="$VAR[bigArrowLeftColorDiffuse]" flipx="true">arrow-white-left.png</texturefocus>
						<texturenofocus colordiffuse="$VAR[bigArrowLeftColorDiffuse]" flipx="true">arrow-white-left.png</texturenofocus>
						<visible>Control.HasFocus(8007) + Container(8007).HasNext</visible>
						<include>VisibleFadeEffect</include>
					</control>
				</control>

				
				<!-- TV-SHOWS Episodes -->
				<control type="group">
					<left>243</left>
					<top>128</top>
					<visible>Skin.HasSetting(RecentlyAddedTvShowsChangeWidgetTypeToEpisodes)</visible>
					<visible>Library.HasContent(TVShows)</visible>
					<visible>!Skin.HasSetting(HomepageHideRecentlyAddedVideo) + Container(9000).Hasfocus(11)</visible>
					
					<include>RecentlyAddedVisibleHiddenAnimations</include>
					
					<control type="group">
						<animation effect="slide" start="0,0" end="180,0" time="0" condition="Integer.IsEqual(Container(8001).NumItems,3)">conditional</animation>
						<animation effect="slide" start="0,0" end="360,0" time="0" condition="Integer.IsEqual(Container(8001).NumItems,2)">conditional</animation>
						<animation effect="slide" start="0,0" end="540,0" time="0" condition="Integer.IsEqual(Container(8001).NumItems,1)">conditional</animation>
						
						<control type="label">
							<description>Title label</description>
							<left>-177</left>
							<top>60</top>
							<width>165</width>
							<height>150</height>
							<label>31328</label>
							<align>right</align>
							<aligny>top</aligny>
							<font>Regular17</font>
							<textcolor>white</textcolor>
							<wrapmultiline>true</wrapmultiline>
							<visible>Control.HasFocus(8001)</visible>
							<include>VisibleFadeEffect</include>
						</control>
						
						<control type="scrollbar" id="81">
							<left>8</left>
							<top>-21</top>
							<width>1425</width>
							<include>scrollBarStyleDefaultHeight</include>
							<showonepage>false</showonepage>
							<visible>Control.HasFocus(8001)</visible>
							<animation effect="fade" start="100" end="50" time="0" condition="true">Conditional</animation>
							<enable>false</enable>
							<include>VisibleFadeEffect</include>
							<include>scrollBarStyleDefaultNoBg</include>
						</control>
						
						<control type="list" id="8001">
							<left>0</left>
							<top>0</top>
							<width>1440</width>
							<height>330</height>
							<onleft>8001</onleft>
							<onright>8001</onright>
							<onup>600</onup>
							<ondown>9000</ondown>
							<viewtype label="535">list</viewtype>
							<pagecontrol>81</pagecontrol>
							<include>StandardScrollTime</include>
							<orientation>Horizontal</orientation>
							
							<onfocus condition="System.HasAddon(service.duration.helper)">SetProperty(DurationHelper.WidgetContainerId,8001,home)</onfocus>
							<onfocus condition="System.HasAddon(service.duration.helper)">SetProperty(DurationHelper.WidgetContainerWindowName,home,home)</onfocus>
							<onunfocus condition="System.HasAddon(service.duration.helper)">ClearProperty(DurationHelper.WidgetContainerId,home)</onunfocus>
							<onunfocus condition="System.HasAddon(service.duration.helper)">ClearProperty(DurationHelper.WidgetContainerWindowName,home)</onunfocus>
							
							<onfocus condition="System.HasAddon(service.listitem.helper)">SetProperty(ListItemHelper.WidgetContainerId,8001,home)</onfocus>
							<onfocus condition="System.HasAddon(service.listitem.helper)">SetProperty(ListItemHelper.WidgetContainerWindowName,home,home)</onfocus>
							<onunfocus condition="System.HasAddon(service.listitem.helper)">ClearProperty(ListItemHelper.WidgetContainerId,home)</onunfocus>
							<onunfocus condition="System.HasAddon(service.listitem.helper)">ClearProperty(ListItemHelper.WidgetContainerWindowName,home)</onunfocus>
							
							<include content="HomeItemsWidgetLayoutType2">
								<param name="list_id" value="8001" />
							</include>
							
							<content target="videos" limit="15" browse="never">videodb://recentlyaddedepisodes/</content>
						</control>
					</control>
					
					<control type="button">
						<description>left Arrow</description>
						<left>-53</left>
						<top>139</top>
						<width>52</width>
						<height>52</height>
						<texturefocus colordiffuse="$VAR[bigArrowLeftColorDiffuse]">arrow-white-left.png</texturefocus>
						<texturenofocus colordiffuse="$VAR[bigArrowLeftColorDiffuse]">arrow-white-left.png</texturenofocus>
						<visible>Control.HasFocus(8001) + Container(8001).HasPrevious</visible>
						<include>VisibleFadeEffect</include>
					</control>
					<control type="button">
						<description>right Arrow</description>
						<left>1441</left>
						<top>139</top>
						<width>52</width>
						<height>52</height>
						<texturefocus colordiffuse="$VAR[bigArrowLeftColorDiffuse]" flipx="true">arrow-white-left.png</texturefocus>
						<texturenofocus colordiffuse="$VAR[bigArrowLeftColorDiffuse]" flipx="true">arrow-white-left.png</texturenofocus>
						<visible>Control.HasFocus(8001) + Container(8001).HasNext</visible>
						<include>VisibleFadeEffect</include>
					</control>
				</control>
				
				
				<!-- MUSIC -->
				<control type="group">
					<left>360</left>
					<top>128</top>
					<visible>Library.HasContent(Music)</visible>
					<visible>!Skin.HasSetting(HomepageHideRecentlyAddedAlbums) + Container(9000).Hasfocus(3)</visible>
					
					<include>RecentlyAddedVisibleHiddenAnimations</include>
					
					<control type="group">
						<animation effect="slide" start="0,0" end="150,0" time="0" condition="Integer.IsEqual(Container(8002).NumItems,3)">conditional</animation>
						<animation effect="slide" start="0,0" end="300,0" time="0" condition="Integer.IsEqual(Container(8002).NumItems,2)">conditional</animation>
						<animation effect="slide" start="0,0" end="450,0" time="0" condition="Integer.IsEqual(Container(8002).NumItems,1)">conditional</animation>
						
						<control type="label">
							<description>Title label</description>
							<left>-177</left>
							<top>60</top>
							<width>165</width>
							<height>150</height>
							<label>31328</label>
							<align>right</align>
							<aligny>top</aligny>
							<font>Regular17</font>
							<textcolor>white</textcolor>
							<wrapmultiline>true</wrapmultiline>
							<visible>Control.HasFocus(8002)</visible>
							<include>VisibleFadeEffect</include>
						</control>
						
						<control type="scrollbar" id="82">
							<left>8</left>
							<top>-21</top>
							<width>1185</width>
							<include>scrollBarStyleDefaultHeight</include>
							<showonepage>false</showonepage>
							<visible>Control.HasFocus(8002)</visible>
							<animation effect="fade" start="100" end="50" time="0" condition="true">Conditional</animation>
							<enable>false</enable>
							<include>VisibleFadeEffect</include>
							<include>scrollBarStyleDefaultNoBg</include>
						</control>
						
						<control type="list" id="8002">
							<left>0</left>
							<top>0</top>
							<width>1200</width>
							<height>330</height>
							<onleft>8002</onleft>
							<onright>8002</onright>
							<onup>600</onup>
							<ondown>9000</ondown>
							<viewtype label="535">list</viewtype>
							<pagecontrol>82</pagecontrol>
							<include>StandardScrollTime</include>
							<orientation>Horizontal</orientation>
							
							<include content="HomeItemsWidgetLayoutType3">
								<param name="list_id" value="8002" />
							</include>
							
							<content target="music" limit="15" browse="never">musicdb://recentlyaddedalbums/</content>
							
						</control>
					</control>
					<control type="button">
						<description>left Arrow</description>
						<left>-53</left>
						<top>139</top>
						<width>52</width>
						<height>52</height>
						<texturefocus colordiffuse="$VAR[bigArrowLeftColorDiffuse]">arrow-white-left.png</texturefocus>
						<texturenofocus colordiffuse="$VAR[bigArrowLeftColorDiffuse]">arrow-white-left.png</texturenofocus>
						<visible>Control.HasFocus(8002) + Container(8002).HasPrevious</visible>
						<include>VisibleFadeEffect</include>
					</control>
					<control type="button">
						<description>right Arrow</description>
						<left>1201</left>
						<top>139</top>
						<width>52</width>
						<height>52</height>
						<texturefocus colordiffuse="$VAR[bigArrowLeftColorDiffuse]" flipx="true">arrow-white-left.png</texturefocus>
						<texturenofocus colordiffuse="$VAR[bigArrowLeftColorDiffuse]" flipx="true">arrow-white-left.png</texturenofocus>
						<visible>Control.HasFocus(8002) + Container(8002).HasNext</visible>
						<include>VisibleFadeEffect</include>
					</control>
				</control>
				
				
				
				
				
				<!-- PVR TV (max 4) -->
				<control type="group">
					<left>360</left>
					<top>128</top>
					<visible>!Skin.HasSetting(HomepageHideRecentlyPlayedLiveTV) + Container(9000).Hasfocus(12) + ![PVR.IsRecording | PVR.HasNonRecordingTimer]</visible>
					<include>RecentlyAddedVisibleHiddenAnimations</include>
					
					<animation effect="slide" start="0,0" end="-240,0" time="0" condition="[PVR.IsRecording | PVR.HasNonRecordingTimer] + Integer.IsEqual(Container(8003).NumItems,3)">conditional</animation>
					<animation effect="slide" start="0,0" end="-90,0" time="0" condition="[PVR.IsRecording | PVR.HasNonRecordingTimer] + Integer.IsEqual(Container(8003).NumItems,2)">conditional</animation>
					
					<control type="group">
						<animation effect="slide" start="0,0" end="150,0" time="0" condition="Integer.IsEqual(Container(8003).NumItems,3)">conditional</animation>
						<animation effect="slide" start="0,0" end="300,0" time="0" condition="Integer.IsEqual(Container(8003).NumItems,2)">conditional</animation>
						<animation effect="slide" start="0,0" end="450,0" time="0" condition="Integer.IsEqual(Container(8003).NumItems,1)">conditional</animation>
						
						
						<control type="scrollbar" id="83">
							<left>8</left>
							<top>-21</top>
							<width>1185</width>
							<include>scrollBarStyleDefaultHeight</include>
							<showonepage>false</showonepage>
							<visible>Control.HasFocus(8003)</visible>
							<animation effect="fade" start="100" end="50" time="0" condition="true">Conditional</animation>
							<enable>false</enable>
							<include>VisibleFadeEffect</include>
							<include>scrollBarStyleDefaultNoBg</include>
						</control>
						
						<control type="list" id="8003">
							<left>0</left>
							<top>0</top>
							<width>1200</width>
							<height>330</height>
							<onleft>8003</onleft>
							<onright>8003</onright>
							<onup>600</onup>
							<ondown>9000</ondown>
							<viewtype label="535">list</viewtype>
							<pagecontrol>83</pagecontrol>
							<include>StandardScrollTime</include>
							<orientation>Horizontal</orientation>
							
							<include content="HomeItemsWidgetLayoutTypePVR">
								<param name="list_id" value="8003" />
							</include>
							
							<include content="RecentlyPlayedPvrNormal" />
							
						</control>
					</control>
				</control>
				
				<!-- PVR TV (max 3) -->
				<control type="group">
					<left>360</left>
					<top>128</top>
					<visible>!Skin.HasSetting(HomepageHideRecentlyPlayedLiveTV) + Container(9000).Hasfocus(12) + [PVR.IsRecording | PVR.HasNonRecordingTimer]</visible>
					<include>RecentlyAddedVisibleHiddenAnimations</include>
					
					<animation effect="slide" start="0,0" end="-240,0" time="0" condition="[PVR.IsRecording | PVR.HasNonRecordingTimer] + Integer.IsEqual(Container(8004).NumItems,3)">conditional</animation>
					<animation effect="slide" start="0,0" end="-90,0" time="0" condition="[PVR.IsRecording | PVR.HasNonRecordingTimer] + Integer.IsEqual(Container(8004).NumItems,2)">conditional</animation>
					
					<control type="group">
						<animation effect="slide" start="0,0" end="150,0" time="0" condition="Integer.IsEqual(Container(8004).NumItems,3)">conditional</animation>
						<animation effect="slide" start="0,0" end="300,0" time="0" condition="Integer.IsEqual(Container(8004).NumItems,2)">conditional</animation>
						<animation effect="slide" start="0,0" end="450,0" time="0" condition="Integer.IsEqual(Container(8004).NumItems,1)">conditional</animation>
						
						<control type="scrollbar" id="84">
							<left>8</left>
							<top>-21</top>
							<width>1185</width>
							<include>scrollBarStyleDefaultHeight</include>
							<showonepage>false</showonepage>
							<visible>Control.HasFocus(8004)</visible>
							<animation effect="fade" start="100" end="50" time="0" condition="true">Conditional</animation>
							<enable>false</enable>
							<include>VisibleFadeEffect</include>
							<include>scrollBarStyleDefaultNoBg</include>
						</control>
						
						<control type="list" id="8004">
							<left>0</left>
							<top>0</top>
							<width>1200</width>
							<height>330</height>
							<onleft>8004</onleft>
							<onright>8004</onright>
							<onup>600</onup>
							<ondown>9000</ondown>
							<viewtype label="535">list</viewtype>
							<pagecontrol>84</pagecontrol>
							<include>StandardScrollTime</include>
							<orientation>Horizontal</orientation>
							
							<include content="HomeItemsWidgetLayoutTypePVR">
								<param name="list_id" value="8004" />
							</include>
							
							<include content="RecentlyPlayedPvrShort" />
							
						</control>
					</control>
				</control>
				
				
				
				
				
				
				<!-- FAVORITES -->
				<control type="group">
					<left>285</left>
					<top>138</top>
					<visible>!Skin.HasSetting(HomepageHideWidgetFavorites) + [Container(9000).Hasfocus(19) | Container(9000).Hasfocus(199)]</visible>
					
					<include>RecentlyAddedVisibleHiddenAnimations</include>
					
					<control type="group">
						<control type="panel" id="8006">
							<left>0</left>
							<top>0</top>
							<width>1368</width>
							<height>264</height>
							<onleft>8006</onleft>
							<onright>8006</onright>
							<onup>600</onup>
							<ondown>9000</ondown>
							<include>StandardScrollTime</include>
							<orientation>Vertical</orientation>
							<onclick>$INFO[ListItem.FileNameAndPath]</onclick>
							
							<onfocus condition="System.HasAddon(service.duration.helper)">ClearProperty(DurationHelper.WidgetContainerId,home)</onfocus>
							<onfocus condition="System.HasAddon(service.duration.helper)">ClearProperty(DurationHelper.WidgetContainerWindowName,home)</onfocus>
							
							<onfocus condition="System.HasAddon(service.listitem.helper)">ClearProperty(ListItemHelper.WidgetContainerId,home)</onfocus>
							<onfocus condition="System.HasAddon(service.listitem.helper)">ClearProperty(ListItemHelper.WidgetContainerWindowName,home)</onfocus>
							
							<include>favoritesLayout1</include>
							
							<content limit="6" browse="never">favourites://</content>
							
						</control>
					</control>
				</control>
				
			</control>
		</control>
	</include>
</includes>
