<?xml version="1.0" encoding="UTF-8"?>
<window type="dialog">
	<defaultcontrol always="true">3</defaultcontrol>
	<include>dialogeffect</include>
	<depth>DepthDialog+</depth>
	<controls>
		<include condition="[Window.IsVisible(gamestretchmode) | Window.IsVisible(gamevideofilter) | Window.IsVisible(gamevideorotation)] + ![Window.IsActive(GameSaves) | Window.IsActive(InGameSaves)]">GameDialogSelectLayout</include>
		<include condition="![Window.IsVisible(gamestretchmode) | Window.IsVisible(gamevideofilter) | Window.IsVisible(gamevideorotation)] + Window.IsActive(GameSaves)">GameDialogGameSavesLayout</include>
		<include condition="![Window.IsVisible(gamestretchmode) | Window.IsVisible(gamevideofilter) | Window.IsVisible(gamevideorotation)] + Window.IsActive(InGameSaves)">GameDialogInGameSavesLayout</include>
		<include condition="![Window.IsActive(gamestretchmode) | Window.IsActive(gamevideofilter) | Window.IsActive(gamevideorotation)] + ![Window.IsActive(InGameSaves) | Window.IsActive(GameSaves)]">DefaultDialogSelectLayout</include>
	</controls>
</window>
