<?xml version="1.0" encoding="UTF-8"?>
<includes>
	
	
	<!-- LibreELEC settings visual fix -->
	<variable name="GlobalFanartVar">
		<value>_added_img/100x100_black_90.png</value>
	</variable>
	
	
	
	<variable name="ItemRatingExternalOptional">
		
		<value condition="!String.IsEmpty(ListItem.IMDBNumber) + System.HasAddon(service.listitem.helper) + String.IsEqual(ListItem.DBID,Window(Home).Property(ListItemHelper.DBID))">    $INFO[Window(Home).Property(ListItemHelper.rating.rottentomatoes.percent),   RT: ,%]$INFO[Window(Home).Property(ListItemHelper.rating.metacritic.percent),   MC: ,%]$INFO[Window(Home).Property(ListItemHelper.rating.imdb.percent),   IMDB: ,%]</value>
		<value></value>
	</variable>
	
	<variable name="ItemRatingExternalOptionalRottenTomatoes">
		<value condition="!String.IsEmpty(ListItem.IMDBNumber) + System.HasAddon(service.listitem.helper) + String.IsEqual(ListItem.DBID,Window(Home).Property(ListItemHelper.DBID)) + !String.IsEmpty(Window(Home).Property(ListItemHelper.rating.rottentomatoes.percent))">$INFO[Window(Home).Property(ListItemHelper.rating.rottentomatoes.percent)]</value>
		<value></value>
	</variable>
	<variable name="ItemRatingExternalOptionalMetacritic">
		<value condition="!String.IsEmpty(ListItem.IMDBNumber) + System.HasAddon(service.listitem.helper) + String.IsEqual(ListItem.DBID,Window(Home).Property(ListItemHelper.DBID)) + !String.IsEmpty(Window(Home).Property(ListItemHelper.rating.metacritic.percent))">$INFO[Window(Home).Property(ListItemHelper.rating.metacritic.percent)]</value>
		<value></value>
	</variable>
	<variable name="ItemRatingExternalOptionalIMDB">
		<value condition="!String.IsEmpty(ListItem.IMDBNumber) + System.HasAddon(service.listitem.helper) + String.IsEqual(ListItem.DBID,Window(Home).Property(ListItemHelper.DBID)) + !String.IsEmpty(Window(Home).Property(ListItemHelper.rating.imdb.percent))">$INFO[Window(Home).Property(ListItemHelper.rating.imdb.percent)]</value>
		<value></value>
	</variable>
	<variable name="ItemRatingExternalOptionalRottenTomatoesAudience">
		<value condition="!String.IsEmpty(ListItem.IMDBNumber) + System.HasAddon(service.listitem.helper) + String.IsEqual(ListItem.DBID,Window(Home).Property(ListItemHelper.DBID)) + !String.IsEmpty(Window(Home).Property(ListItemHelper.rating.rottentomatoes.audience)) + !String.IsEqual(Window(Home).Property(ListItemHelper.rating.rottentomatoes.audience),N/A)">$INFO[Window(Home).Property(ListItemHelper.rating.rottentomatoes.audience)]</value>
		<value></value>
	</variable>
	
	
	
	
	<variable name="ItemDurationHourLabel">
		<value condition="!String.IsEqual(System.Language,German)">h</value>
		<value>Std.</value>
	</variable>
	<variable name="ItemDurationMinutesLabel">
		<value condition="!String.IsEqual(System.Language,German)">min</value>
		<value>Min.</value>
	</variable>
	<variable name="ItemDurationLabelSpace">
		<value condition="!String.IsEqual(System.Language,German)"></value>
		<value>$INFO[Window(Home).Property(nonExistantWorkaroundProperty)] </value>
	</variable>
	<variable name="ItemDuration">
		
		<value condition="System.HasAddon(service.duration.helper) + !String.IsEmpty(ListItem.DBID) + String.IsEqual(Window(Home).Property(DurationHelper.DBID),ListItem.DBID) 
											+ !String.IsEmpty(Window(Home).Property(DurationHelper.Duration.H)) + !String.IsEmpty(Window(Home).Property(DurationHelper.Duration.M)) 
											+ !String.IsEqual(Window(Home).Property(DurationHelper.Duration.H),0) 
											+ !String.IsEqual(Window(Home).Property(DurationHelper.Duration.M),0)">$INFO[Window(Home).Property(DurationHelper.Duration.H)]$VAR[ItemDurationLabelSpace]$VAR[ItemDurationHourLabel] $INFO[Window(Home).Property(DurationHelper.Duration.M)]$VAR[ItemDurationLabelSpace]$VAR[ItemDurationMinutesLabel]</value>
		
		<value condition="System.HasAddon(service.duration.helper) + !String.IsEmpty(ListItem.DBID) + String.IsEqual(Window(Home).Property(DurationHelper.DBID),ListItem.DBID) 
											+ !String.IsEmpty(Window(Home).Property(DurationHelper.Duration.H)) + !String.IsEmpty(Window(Home).Property(DurationHelper.Duration.M)) 
											+ !String.IsEqual(Window(Home).Property(DurationHelper.Duration.H),0) 
											+ String.IsEqual(Window(Home).Property(DurationHelper.Duration.M),0)">$INFO[Window(Home).Property(DurationHelper.Duration.H)]$VAR[ItemDurationLabelSpace]$VAR[ItemDurationHourLabel]</value>
		
		<value condition="System.HasAddon(service.duration.helper) + !String.IsEmpty(ListItem.DBID) + String.IsEqual(Window(Home).Property(DurationHelper.DBID),ListItem.DBID) 
											+ !String.IsEmpty(Window(Home).Property(DurationHelper.Duration.H)) + !String.IsEmpty(Window(Home).Property(DurationHelper.Duration.M)) 
											+ String.IsEqual(Window(Home).Property(DurationHelper.Duration.H),0) 
											+ !String.IsEmpty(Window(Home).Property(DurationHelper.Duration.M))">$INFO[Window(Home).Property(DurationHelper.Duration.M)]$VAR[ItemDurationLabelSpace]$VAR[ItemDurationMinutesLabel]</value>
		
		<value>$INFO[ListItem.Duration]$VAR[ItemDurationLabelSpace]$VAR[ItemDurationMinutesLabel]</value>
	</variable>
	
	<variable name="ratingstars">
		
		<value condition="System.HasAddon(service.listitem.helper) 
											+ String.IsEqual(ListItem.DBID,Window(Home).Property(ListItemHelper.DBID)) 
											+ !String.IsEmpty(Window(Home).Property(ListItemHelper.rating.highestScaleTo10)) 
											+ !Skin.HasSetting(DisableBestScoreRating)">$VAR[ratingstarsExternal]</value>
		
		<value condition="String.IsEqual(ListItem.rating,0.0) | String.IsEqual(ListItem.rating,0.00) | String.IsEqual(ListItem.rating,0)">0.00</value>
		
		<value condition="!String.IsEqual(ListItem.rating,0.0) + !String.IsEqual(ListItem.rating,0.00) + !String.IsEqual(ListItem.rating,0) + String.StartsWith(ListItem.rating,0.)">0.25</value>
		
		<value condition="String.Contains(ListItem.rating,1.0)">0.50</value>
		<value condition="String.Contains(ListItem.rating,1.1)">0.50</value>
		<value condition="String.Contains(ListItem.rating,1.2)">0.50</value>
		
		<value condition="String.Contains(ListItem.rating,1.3)">0.75</value>
		<value condition="String.Contains(ListItem.rating,1.4)">0.75</value>
		<value condition="String.Contains(ListItem.rating,1.5)">0.75</value>
		<value condition="String.Contains(ListItem.rating,1.6)">0.75</value>
		<value condition="String.Contains(ListItem.rating,1.7)">0.75</value>
		
		<value condition="String.Contains(ListItem.rating,1.8)">1.00</value>
		<value condition="String.Contains(ListItem.rating,1.9)">1.00</value>
		<value condition="String.Contains(ListItem.rating,2.0)">1.00</value>
		<value condition="String.Contains(ListItem.rating,2.1)">1.00</value>
		<value condition="String.Contains(ListItem.rating,2.2)">1.00</value>
		
		<value condition="String.Contains(ListItem.rating,2.3)">1.25</value>
		<value condition="String.Contains(ListItem.rating,2.4)">1.25</value>
		<value condition="String.Contains(ListItem.rating,2.5)">1.25</value>
		<value condition="String.Contains(ListItem.rating,2.6)">1.25</value>
		<value condition="String.Contains(ListItem.rating,2.7)">1.25</value>

		<value condition="String.Contains(ListItem.rating,2.8)">1.50</value>
		<value condition="String.Contains(ListItem.rating,2.9)">1.50</value>
		<value condition="String.Contains(ListItem.rating,3.0)">1.50</value>
		<value condition="String.Contains(ListItem.rating,3.1)">1.50</value>
		<value condition="String.Contains(ListItem.rating,3.2)">1.50</value>
		
		<value condition="String.Contains(ListItem.rating,3.3)">1.75</value>
		<value condition="String.Contains(ListItem.rating,3.4)">1.75</value>
		<value condition="String.Contains(ListItem.rating,3.5)">1.75</value>
		<value condition="String.Contains(ListItem.rating,3.6)">1.75</value>
		<value condition="String.Contains(ListItem.rating,3.7)">1.75</value>

		<value condition="String.Contains(ListItem.rating,3.8)">2.00</value>
		<value condition="String.Contains(ListItem.rating,3.9)">2.00</value>
		<value condition="String.Contains(ListItem.rating,4.0)">2.00</value>
		<value condition="String.Contains(ListItem.rating,4.1)">2.00</value>
		<value condition="String.Contains(ListItem.rating,4.2)">2.00</value>
		
		<value condition="String.Contains(ListItem.rating,4.3)">2.25</value>
		<value condition="String.Contains(ListItem.rating,4.4)">2.25</value>
		<value condition="String.Contains(ListItem.rating,4.5)">2.25</value>
		<value condition="String.Contains(ListItem.rating,4.6)">2.25</value>
		<value condition="String.Contains(ListItem.rating,4.7)">2.25</value>

		<value condition="String.Contains(ListItem.rating,4.8)">2.50</value>
		<value condition="String.Contains(ListItem.rating,4.9)">2.50</value>
		<value condition="String.Contains(ListItem.rating,5.0)">2.50</value>
		<value condition="String.Contains(ListItem.rating,5.1)">2.50</value>
		<value condition="String.Contains(ListItem.rating,5.2)">2.50</value>
		
		<value condition="String.Contains(ListItem.rating,5.3)">2.75</value>
		<value condition="String.Contains(ListItem.rating,5.4)">2.75</value>
		<value condition="String.Contains(ListItem.rating,5.5)">2.75</value>
		<value condition="String.Contains(ListItem.rating,5.6)">2.75</value>
		<value condition="String.Contains(ListItem.rating,5.7)">2.75</value>

		<value condition="String.Contains(ListItem.rating,5.8)">3.00</value>
		<value condition="String.Contains(ListItem.rating,5.9)">3.00</value>
		<value condition="String.Contains(ListItem.rating,6.0)">3.00</value>
		<value condition="String.Contains(ListItem.rating,6.1)">3.00</value>
		<value condition="String.Contains(ListItem.rating,6.2)">3.00</value>
		
		<value condition="String.Contains(ListItem.rating,6.3)">3.25</value>
		<value condition="String.Contains(ListItem.rating,6.4)">3.25</value>
		<value condition="String.Contains(ListItem.rating,6.5)">3.25</value>
		<value condition="String.Contains(ListItem.rating,6.6)">3.25</value>
		<value condition="String.Contains(ListItem.rating,6.7)">3.25</value>

		<value condition="String.Contains(ListItem.rating,6.8)">3.50</value>
		<value condition="String.Contains(ListItem.rating,6.9)">3.50</value>
		<value condition="String.Contains(ListItem.rating,7.0)">3.50</value>
		<value condition="String.Contains(ListItem.rating,7.1)">3.50</value>
		<value condition="String.Contains(ListItem.rating,7.2)">3.50</value>
		
		<value condition="String.Contains(ListItem.rating,7.3)">3.75</value>
		<value condition="String.Contains(ListItem.rating,7.4)">3.75</value>
		<value condition="String.Contains(ListItem.rating,7.5)">3.75</value>
		<value condition="String.Contains(ListItem.rating,7.6)">3.75</value>
		<value condition="String.Contains(ListItem.rating,7.7)">3.75</value>

		<value condition="String.Contains(ListItem.rating,7.8)">4.00</value>
		<value condition="String.Contains(ListItem.rating,7.9)">4.00</value>
		<value condition="String.Contains(ListItem.rating,8.0)">4.00</value>
		<value condition="String.Contains(ListItem.rating,8.1)">4.00</value>
		<value condition="String.Contains(ListItem.rating,8.2)">4.00</value>
		
		<value condition="String.Contains(ListItem.rating,8.3)">4.25</value>
		<value condition="String.Contains(ListItem.rating,8.4)">4.25</value>
		<value condition="String.Contains(ListItem.rating,8.5)">4.25</value>
		<value condition="String.Contains(ListItem.rating,8.6)">4.25</value>
		<value condition="String.Contains(ListItem.rating,8.7)">4.25</value>

		<value condition="String.Contains(ListItem.rating,8.8)">4.50</value>
		<value condition="String.Contains(ListItem.rating,8.9)">4.50</value>
		<value condition="String.Contains(ListItem.rating,9.0)">4.50</value>
		<value condition="String.Contains(ListItem.rating,9.1)">4.50</value>
		<value condition="String.Contains(ListItem.rating,9.2)">4.50</value>
		
		<value condition="String.Contains(ListItem.rating,9.3)">4.75</value>
		<value condition="String.Contains(ListItem.rating,9.4)">4.75</value>
		<value condition="String.Contains(ListItem.rating,9.5)">4.75</value>
		<value condition="String.Contains(ListItem.rating,9.6)">4.75</value>
		<value condition="String.Contains(ListItem.rating,9.7)">4.75</value>

		<value condition="String.Contains(ListItem.rating,9.8)">5.00</value>
		<value condition="String.Contains(ListItem.rating,9.9)">5.00</value>
		
		<value condition="String.StartsWith(ListItem.rating,10)">5.00</value>
		<value>empty</value>
		
	</variable>
	
	<variable name="ratingstarsExternal">
	
		<value condition="String.IsEqual(Window(Home).Property(ListItemHelper.rating.highestScaleTo10),0.0) | String.IsEqual(Window(Home).Property(ListItemHelper.rating.highestScaleTo10),0.00) | String.IsEqual(Window(Home).Property(ListItemHelper.rating.highestScaleTo10),0)">0.00</value>
		
		<value condition="!String.IsEqual(Window(Home).Property(ListItemHelper.rating.highestScaleTo10),0.0) + !String.IsEqual(Window(Home).Property(ListItemHelper.rating.highestScaleTo10),0.00) + !String.IsEqual(Window(Home).Property(ListItemHelper.rating.highestScaleTo10),0) + String.StartsWith(Window(Home).Property(ListItemHelper.rating.highestScaleTo10),0.)">0.25</value>
		
		<value condition="String.Contains(Window(Home).Property(ListItemHelper.rating.highestScaleTo10),1.0)">0.50</value>
		<value condition="String.Contains(Window(Home).Property(ListItemHelper.rating.highestScaleTo10),1.1)">0.50</value>
		<value condition="String.Contains(Window(Home).Property(ListItemHelper.rating.highestScaleTo10),1.2)">0.50</value>
		
		<value condition="String.Contains(Window(Home).Property(ListItemHelper.rating.highestScaleTo10),1.3)">0.75</value>
		<value condition="String.Contains(Window(Home).Property(ListItemHelper.rating.highestScaleTo10),1.4)">0.75</value>
		<value condition="String.Contains(Window(Home).Property(ListItemHelper.rating.highestScaleTo10),1.5)">0.75</value>
		<value condition="String.Contains(Window(Home).Property(ListItemHelper.rating.highestScaleTo10),1.6)">0.75</value>
		<value condition="String.Contains(Window(Home).Property(ListItemHelper.rating.highestScaleTo10),1.7)">0.75</value>
		
		<value condition="String.Contains(Window(Home).Property(ListItemHelper.rating.highestScaleTo10),1.8)">1.00</value>
		<value condition="String.Contains(Window(Home).Property(ListItemHelper.rating.highestScaleTo10),1.9)">1.00</value>
		<value condition="String.Contains(Window(Home).Property(ListItemHelper.rating.highestScaleTo10),2.0)">1.00</value>
		<value condition="String.Contains(Window(Home).Property(ListItemHelper.rating.highestScaleTo10),2.1)">1.00</value>
		<value condition="String.Contains(Window(Home).Property(ListItemHelper.rating.highestScaleTo10),2.2)">1.00</value>
		
		<value condition="String.Contains(Window(Home).Property(ListItemHelper.rating.highestScaleTo10),2.3)">1.25</value>
		<value condition="String.Contains(Window(Home).Property(ListItemHelper.rating.highestScaleTo10),2.4)">1.25</value>
		<value condition="String.Contains(Window(Home).Property(ListItemHelper.rating.highestScaleTo10),2.5)">1.25</value>
		<value condition="String.Contains(Window(Home).Property(ListItemHelper.rating.highestScaleTo10),2.6)">1.25</value>
		<value condition="String.Contains(Window(Home).Property(ListItemHelper.rating.highestScaleTo10),2.7)">1.25</value>

		<value condition="String.Contains(Window(Home).Property(ListItemHelper.rating.highestScaleTo10),2.8)">1.50</value>
		<value condition="String.Contains(Window(Home).Property(ListItemHelper.rating.highestScaleTo10),2.9)">1.50</value>
		<value condition="String.Contains(Window(Home).Property(ListItemHelper.rating.highestScaleTo10),3.0)">1.50</value>
		<value condition="String.Contains(Window(Home).Property(ListItemHelper.rating.highestScaleTo10),3.1)">1.50</value>
		<value condition="String.Contains(Window(Home).Property(ListItemHelper.rating.highestScaleTo10),3.2)">1.50</value>
		
		<value condition="String.Contains(Window(Home).Property(ListItemHelper.rating.highestScaleTo10),3.3)">1.75</value>
		<value condition="String.Contains(Window(Home).Property(ListItemHelper.rating.highestScaleTo10),3.4)">1.75</value>
		<value condition="String.Contains(Window(Home).Property(ListItemHelper.rating.highestScaleTo10),3.5)">1.75</value>
		<value condition="String.Contains(Window(Home).Property(ListItemHelper.rating.highestScaleTo10),3.6)">1.75</value>
		<value condition="String.Contains(Window(Home).Property(ListItemHelper.rating.highestScaleTo10),3.7)">1.75</value>

		<value condition="String.Contains(Window(Home).Property(ListItemHelper.rating.highestScaleTo10),3.8)">2.00</value>
		<value condition="String.Contains(Window(Home).Property(ListItemHelper.rating.highestScaleTo10),3.9)">2.00</value>
		<value condition="String.Contains(Window(Home).Property(ListItemHelper.rating.highestScaleTo10),4.0)">2.00</value>
		<value condition="String.Contains(Window(Home).Property(ListItemHelper.rating.highestScaleTo10),4.1)">2.00</value>
		<value condition="String.Contains(Window(Home).Property(ListItemHelper.rating.highestScaleTo10),4.2)">2.00</value>
		
		<value condition="String.Contains(Window(Home).Property(ListItemHelper.rating.highestScaleTo10),4.3)">2.25</value>
		<value condition="String.Contains(Window(Home).Property(ListItemHelper.rating.highestScaleTo10),4.4)">2.25</value>
		<value condition="String.Contains(Window(Home).Property(ListItemHelper.rating.highestScaleTo10),4.5)">2.25</value>
		<value condition="String.Contains(Window(Home).Property(ListItemHelper.rating.highestScaleTo10),4.6)">2.25</value>
		<value condition="String.Contains(Window(Home).Property(ListItemHelper.rating.highestScaleTo10),4.7)">2.25</value>

		<value condition="String.Contains(Window(Home).Property(ListItemHelper.rating.highestScaleTo10),4.8)">2.50</value>
		<value condition="String.Contains(Window(Home).Property(ListItemHelper.rating.highestScaleTo10),4.9)">2.50</value>
		<value condition="String.Contains(Window(Home).Property(ListItemHelper.rating.highestScaleTo10),5.0)">2.50</value>
		<value condition="String.Contains(Window(Home).Property(ListItemHelper.rating.highestScaleTo10),5.1)">2.50</value>
		<value condition="String.Contains(Window(Home).Property(ListItemHelper.rating.highestScaleTo10),5.2)">2.50</value>
		
		<value condition="String.Contains(Window(Home).Property(ListItemHelper.rating.highestScaleTo10),5.3)">2.75</value>
		<value condition="String.Contains(Window(Home).Property(ListItemHelper.rating.highestScaleTo10),5.4)">2.75</value>
		<value condition="String.Contains(Window(Home).Property(ListItemHelper.rating.highestScaleTo10),5.5)">2.75</value>
		<value condition="String.Contains(Window(Home).Property(ListItemHelper.rating.highestScaleTo10),5.6)">2.75</value>
		<value condition="String.Contains(Window(Home).Property(ListItemHelper.rating.highestScaleTo10),5.7)">2.75</value>

		<value condition="String.Contains(Window(Home).Property(ListItemHelper.rating.highestScaleTo10),5.8)">3.00</value>
		<value condition="String.Contains(Window(Home).Property(ListItemHelper.rating.highestScaleTo10),5.9)">3.00</value>
		<value condition="String.Contains(Window(Home).Property(ListItemHelper.rating.highestScaleTo10),6.0)">3.00</value>
		<value condition="String.Contains(Window(Home).Property(ListItemHelper.rating.highestScaleTo10),6.1)">3.00</value>
		<value condition="String.Contains(Window(Home).Property(ListItemHelper.rating.highestScaleTo10),6.2)">3.00</value>
		
		<value condition="String.Contains(Window(Home).Property(ListItemHelper.rating.highestScaleTo10),6.3)">3.25</value>
		<value condition="String.Contains(Window(Home).Property(ListItemHelper.rating.highestScaleTo10),6.4)">3.25</value>
		<value condition="String.Contains(Window(Home).Property(ListItemHelper.rating.highestScaleTo10),6.5)">3.25</value>
		<value condition="String.Contains(Window(Home).Property(ListItemHelper.rating.highestScaleTo10),6.6)">3.25</value>
		<value condition="String.Contains(Window(Home).Property(ListItemHelper.rating.highestScaleTo10),6.7)">3.25</value>

		<value condition="String.Contains(Window(Home).Property(ListItemHelper.rating.highestScaleTo10),6.8)">3.50</value>
		<value condition="String.Contains(Window(Home).Property(ListItemHelper.rating.highestScaleTo10),6.9)">3.50</value>
		<value condition="String.Contains(Window(Home).Property(ListItemHelper.rating.highestScaleTo10),7.0)">3.50</value>
		<value condition="String.Contains(Window(Home).Property(ListItemHelper.rating.highestScaleTo10),7.1)">3.50</value>
		<value condition="String.Contains(Window(Home).Property(ListItemHelper.rating.highestScaleTo10),7.2)">3.50</value>
		
		<value condition="String.Contains(Window(Home).Property(ListItemHelper.rating.highestScaleTo10),7.3)">3.75</value>
		<value condition="String.Contains(Window(Home).Property(ListItemHelper.rating.highestScaleTo10),7.4)">3.75</value>
		<value condition="String.Contains(Window(Home).Property(ListItemHelper.rating.highestScaleTo10),7.5)">3.75</value>
		<value condition="String.Contains(Window(Home).Property(ListItemHelper.rating.highestScaleTo10),7.6)">3.75</value>
		<value condition="String.Contains(Window(Home).Property(ListItemHelper.rating.highestScaleTo10),7.7)">3.75</value>

		<value condition="String.Contains(Window(Home).Property(ListItemHelper.rating.highestScaleTo10),7.8)">4.00</value>
		<value condition="String.Contains(Window(Home).Property(ListItemHelper.rating.highestScaleTo10),7.9)">4.00</value>
		<value condition="String.Contains(Window(Home).Property(ListItemHelper.rating.highestScaleTo10),8.0)">4.00</value>
		<value condition="String.Contains(Window(Home).Property(ListItemHelper.rating.highestScaleTo10),8.1)">4.00</value>
		<value condition="String.Contains(Window(Home).Property(ListItemHelper.rating.highestScaleTo10),8.2)">4.00</value>
		
		<value condition="String.Contains(Window(Home).Property(ListItemHelper.rating.highestScaleTo10),8.3)">4.25</value>
		<value condition="String.Contains(Window(Home).Property(ListItemHelper.rating.highestScaleTo10),8.4)">4.25</value>
		<value condition="String.Contains(Window(Home).Property(ListItemHelper.rating.highestScaleTo10),8.5)">4.25</value>
		<value condition="String.Contains(Window(Home).Property(ListItemHelper.rating.highestScaleTo10),8.6)">4.25</value>
		<value condition="String.Contains(Window(Home).Property(ListItemHelper.rating.highestScaleTo10),8.7)">4.25</value>

		<value condition="String.Contains(Window(Home).Property(ListItemHelper.rating.highestScaleTo10),8.8)">4.50</value>
		<value condition="String.Contains(Window(Home).Property(ListItemHelper.rating.highestScaleTo10),8.9)">4.50</value>
		<value condition="String.Contains(Window(Home).Property(ListItemHelper.rating.highestScaleTo10),9.0)">4.50</value>
		<value condition="String.Contains(Window(Home).Property(ListItemHelper.rating.highestScaleTo10),9.1)">4.50</value>
		<value condition="String.Contains(Window(Home).Property(ListItemHelper.rating.highestScaleTo10),9.2)">4.50</value>
		
		<value condition="String.Contains(Window(Home).Property(ListItemHelper.rating.highestScaleTo10),9.3)">4.75</value>
		<value condition="String.Contains(Window(Home).Property(ListItemHelper.rating.highestScaleTo10),9.4)">4.75</value>
		<value condition="String.Contains(Window(Home).Property(ListItemHelper.rating.highestScaleTo10),9.5)">4.75</value>
		<value condition="String.Contains(Window(Home).Property(ListItemHelper.rating.highestScaleTo10),9.6)">4.75</value>
		<value condition="String.Contains(Window(Home).Property(ListItemHelper.rating.highestScaleTo10),9.7)">4.75</value>

		<value condition="String.Contains(Window(Home).Property(ListItemHelper.rating.highestScaleTo10),9.8)">5.00</value>
		<value condition="String.Contains(Window(Home).Property(ListItemHelper.rating.highestScaleTo10),9.9)">5.00</value>
		
		<value condition="String.StartsWith(Window(Home).Property(ListItemHelper.rating.highestScaleTo10),10)">5.00</value>
		
		<value>empty</value>
		
	</variable>
	
	<variable name="MediaFanartVar">
		
		<!-- NOW PLAYING FANART -->
		<value condition="Player.HasAudio + [Control.IsVisible(500) | Control.IsVisible(908) | Control.IsVisible(909)] + !Container.Content(Albums) + !Container.Content(Artists) + !String.IsEmpty(Player.Art(album.fanart))">$INFO[Player.Art(album.fanart)]</value>
		<value condition="Player.HasAudio + [Control.IsVisible(500) | Control.IsVisible(908) | Control.IsVisible(909)] + !Container.Content(Albums) + !Container.Content(Artists) + !String.IsEmpty(Player.Art(fanart))">$INFO[Player.Art(fanart)]</value>
		
		<value condition="!Window.IsVisible(1171) + !String.IsEmpty(ListItem.Art(season.fanart))">$INFO[ListItem.Art(season.fanart)]</value>
		<value condition="!Window.IsVisible(1171) + !String.IsEmpty(Container.Art(season.fanart))">$INFO[Container.Art(season.fanart)]</value>
		
		<value condition="!Window.IsVisible(1171) + !String.IsEmpty(Container.Art(tvshow.fanart))">$INFO[Container.Art(tvshow.fanart)]</value>
		<value condition="!Window.IsVisible(1171) + !String.IsEmpty(Container.Art(artist.fanart))">$INFO[Container.Art(artist.fanart)]</value>
		<value condition="!Window.IsVisible(1171) + !String.IsEmpty(Container.Art(fanart))">$INFO[Container.Art(fanart)]</value>
		<value condition="!Window.IsVisible(1171) + !String.IsEmpty(ListItem.Art(fanart))">$INFO[ListItem.Art(fanart)]</value>
		<value condition="!Window.IsVisible(1171) + !String.IsEmpty(ListItem.Art(album.fanart))">$INFO[ListItem.Art(album.fanart)]</value>
		
		<value condition="!Window.IsVisible(1171) + !String.IsEmpty(Container(8000).ListItem.Art(fanart)) + Control.HasFocus(8000)">$INFO[Container(8000).ListItem.Art(fanart)]</value>
		<value condition="!Window.IsVisible(1171) + !String.IsEmpty(Container(8001).ListItem.Art(fanart)) + Control.HasFocus(8001)">$INFO[Container(8001).ListItem.Art(fanart)]</value>
		<value condition="!Window.IsVisible(1171) + !String.IsEmpty(Container(8002).ListItem.Art(fanart)) + Control.HasFocus(8002)">$INFO[Container(8002).ListItem.Art(fanart)]</value>
		
		<!-- NOW PLAYING FANART -->
		<value condition="!String.IsEmpty(Player.Art(album.fanart))">$INFO[Player.Art(album.fanart)]</value>
		<value condition="!String.IsEmpty(Player.Art(fanart))">$INFO[Player.Art(fanart)]</value>
		<value></value>
		
	</variable>
	
	<variable name="FanartThumbnail">
		
		<value condition="!String.IsEmpty(ListItem.Art(season.fanart))">$INFO[ListItem.Art(season.fanart)]</value>
		
		<value condition="!String.IsEmpty(ListItem.Art(tvshow.fanart))">$INFO[ListItem.Art(tvshow.fanart)]</value>
		<value condition="!String.IsEmpty(ListItem.Art(fanart))">$INFO[ListItem.Art(fanart)]</value>
		
	</variable>
	
	<variable name="BreadcrumbsVideoVar">
		<value condition="String.IsEmpty(Container.PluginName) + [Container.Content(Movies) | String.StartsWith(Container.folderpath,library://video/movies/) | String.StartsWith(Container.folderpath,videodb://movies)]">$LOCALIZE[20342]</value>
		<value condition="String.IsEmpty(Container.PluginName) + [Container.Content(MusicVideos) | String.StartsWith(Container.folderpath,library://video/musicvideos/) | String.StartsWith(Container.folderpath,videodb://musicvideos)]">$LOCALIZE[20389]</value>
		<value condition="String.IsEmpty(Container.PluginName) + [Container.Content(TVShows) | Container.Content(Seasons) | Container.Content(Episodes) | String.StartsWith(Container.folderpath,library://video/tvshows/) | String.StartsWith(Container.folderpath,videodb://tvshows)]">$LOCALIZE[20343]</value>
		<value>$LOCALIZE[3]</value>
	</variable>
	
	
	
	<variable name="BackgroundTypeVar">
		<value condition="String.IsEqual(Skin.String(BackgroundType),0)">Solid /Black  [LIGHT](1/16)[/LIGHT]</value>
		<value condition="String.IsEqual(Skin.String(BackgroundType),1)">Solid /Gray  [LIGHT](2/16)[/LIGHT]</value>
		<value condition="String.IsEqual(Skin.String(BackgroundType),2)">Circles /Gray  [LIGHT](3/16)[/LIGHT]</value>
		<value condition="String.IsEqual(Skin.String(BackgroundType),3)">Circles /Blue  [LIGHT](4/16)[/LIGHT]</value>
		<value condition="String.IsEqual(Skin.String(BackgroundType),4)">Polygons /Grey  [LIGHT](5/16)[/LIGHT]</value>
		<!-- default -->
		<value condition="String.IsEqual(Skin.String(BackgroundType),5)">Polygons /Blue  [LIGHT](6/16)[/LIGHT]</value>
		<value condition="String.IsEqual(Skin.String(BackgroundType),6)">Hexagons Flat /Gray  [LIGHT](7/16)[/LIGHT]</value>
		<value condition="String.IsEqual(Skin.String(BackgroundType),7)">Hexagons Flat /Blue  [LIGHT](8/16)[/LIGHT]</value>
		
		
		
		
		
		<value condition="String.IsEqual(Skin.String(BackgroundType),8) | String.IsEmpty(Skin.String(BackgroundType))">[LIGHT](Default)[/LIGHT]   Frosted Glass /Light Colors  [LIGHT](9/16)[/LIGHT]</value>
		<value condition="String.IsEqual(Skin.String(BackgroundType),9)">Frosted Glass /Rainbow  [LIGHT](10/16)[/LIGHT]</value>
		<value condition="String.IsEqual(Skin.String(BackgroundType),10)">Frosted Glass /Sunrise  [LIGHT](11/16)[/LIGHT]</value>
		<value condition="String.IsEqual(Skin.String(BackgroundType),11)">Frosted Glass /Silver  [LIGHT](12/16)[/LIGHT]</value>
		
		<value condition="String.IsEqual(Skin.String(BackgroundType),12)">Frosted Glass /Blue Sea  [LIGHT](13/16)[/LIGHT]</value>
		<value condition="String.IsEqual(Skin.String(BackgroundType),13)">Frosted Glass /Forest  [LIGHT](14/16)[/LIGHT]</value>
		
		<value condition="String.IsEqual(Skin.String(BackgroundType),90)">Cinema /Red Curtain  [LIGHT](15/16)[/LIGHT]</value>
		
		
		
		
		<value condition="String.IsEqual(Skin.String(BackgroundType),99)">Hexagons Advanced  [LIGHT](16/16)[/LIGHT]</value>
	</variable>
	<variable name="BackgroundTypeNoVar">
		<value condition="String.IsEmpty(Skin.String(BackgroundType))">8</value>
		<!-- default -->
		<value>$INFO[Skin.String(BackgroundType)]</value>
	</variable>
	
	
	
	<variable name="BackgroundHexagonsVariantVar">
		
		<value condition="String.IsEqual(Skin.String(BackgroundHexagonsVariant),0) | String.IsEmpty(Skin.String(BackgroundHexagonsVariant))">[LIGHT](Default)[/LIGHT]   Smoke Animated /Red  [LIGHT](1/10)[/LIGHT]</value>
		<value condition="String.IsEqual(Skin.String(BackgroundHexagonsVariant),1)">Smoke Animated /Purple  [LIGHT](2/10)[/LIGHT]</value>
		<value condition="String.IsEqual(Skin.String(BackgroundHexagonsVariant),2)">Smoke Animated /Blue  [LIGHT](3/10)[/LIGHT]</value>
		
		<value condition="String.IsEqual(Skin.String(BackgroundHexagonsVariant),3)">Colorful Animated  [LIGHT](4/10)[/LIGHT]</value>
		<value condition="String.IsEqual(Skin.String(BackgroundHexagonsVariant),4)">Colorful Static  [LIGHT](5/10)[/LIGHT]</value>
		<value condition="String.IsEqual(Skin.String(BackgroundHexagonsVariant),5)">Dark Static  [LIGHT](6/10)[/LIGHT]</value>
		
		<value condition="String.IsEqual(Skin.String(BackgroundHexagonsVariant),6)">FireSparks Animated  [LIGHT](7/10)[/LIGHT]</value>
		
		<value condition="String.IsEqual(Skin.String(BackgroundHexagonsVariant),7)">Particles Animated /Purple  [LIGHT](8/10)[/LIGHT]</value>
		<value condition="String.IsEqual(Skin.String(BackgroundHexagonsVariant),8)">Meteors Rising Animated /Blue  [LIGHT](9/10)[/LIGHT]</value>
		<value condition="String.IsEqual(Skin.String(BackgroundHexagonsVariant),9)">Organic Core Animated  [LIGHT](10/10)[/LIGHT]</value>
	</variable>
	
	<variable name="BackgroundHexagonsVariantVarFilenameTranslate">
		
		<value condition="String.IsEqual(Skin.String(BackgroundHexagonsVariant),0) | String.IsEmpty(Skin.String(BackgroundHexagonsVariant))">bg_smoke_ani_red.gif</value>
		<value condition="String.IsEqual(Skin.String(BackgroundHexagonsVariant),1)">bg_smoke_ani_purple.gif</value>
		<value condition="String.IsEqual(Skin.String(BackgroundHexagonsVariant),2)">bg_smoke_ani_blue.gif</value>
		
		<value condition="String.IsEqual(Skin.String(BackgroundHexagonsVariant),3)">bg_colorful_ani.apng</value>
		<value condition="String.IsEqual(Skin.String(BackgroundHexagonsVariant),4)">bg_colorful_static.png</value>
		<value condition="String.IsEqual(Skin.String(BackgroundHexagonsVariant),5)"></value>
		
		<value condition="String.IsEqual(Skin.String(BackgroundHexagonsVariant),6)">bg_firesparks_ani.gif</value>
		
		<value condition="String.IsEqual(Skin.String(BackgroundHexagonsVariant),7)">bg_particles_ani_purple.gif</value>
		<value condition="String.IsEqual(Skin.String(BackgroundHexagonsVariant),8)">bg_meteors_rising_ani_blue.gif</value>
		<value condition="String.IsEqual(Skin.String(BackgroundHexagonsVariant),9)">bg_organic_core_ani.gif</value>
	</variable>
	
	
	
	<variable name="BackgroundCustomModeVar">
		<value condition="String.IsEqual(Skin.String(UseCustomBackground),0) | String.IsEmpty(Skin.String(UseCustomBackground))">[LIGHT](Default)[/LIGHT]   Disabled  [LIGHT](1/3)[/LIGHT]</value>
		<value condition="String.IsEqual(Skin.String(UseCustomBackground),1)">Single Image  [LIGHT](2/3)[/LIGHT]</value>
		<value condition="String.IsEqual(Skin.String(UseCustomBackground),2)">Multiple Images  [LIGHT](3/3)[/LIGHT]</value>
	</variable>
	
	<variable name="BackgroundDarkenVar">
		<value condition="String.IsEqual(Skin.String(BackgroundDarkenStrength),0)">Disabled  [LIGHT](1/4)[/LIGHT]</value>
		<value condition="String.IsEqual(Skin.String(BackgroundDarkenStrength),1) | String.IsEmpty(Skin.String(BackgroundDarkenStrength))">[LIGHT](Default)[/LIGHT]   Minimal  [LIGHT](2/4)[/LIGHT]</value>
		<value condition="String.IsEqual(Skin.String(BackgroundDarkenStrength),2)">Medium  [LIGHT](3/4)[/LIGHT]</value>
		<value condition="String.IsEqual(Skin.String(BackgroundDarkenStrength),3)">Strong  [LIGHT](4/4)[/LIGHT]</value>
	</variable>
	
	
	
	<variable name="StartScreenDelayVar">
		<value condition="String.IsEqual(Skin.String(StartScreenDelay),0) | String.IsEmpty(Skin.String(StartScreenDelay))">[LIGHT](Default)[/LIGHT]   No Delay  [LIGHT](1/6)[/LIGHT]</value>
		<value condition="String.IsEqual(Skin.String(StartScreenDelay),1)">1 Seconds  [LIGHT](2/6)[/LIGHT]</value>
		<value condition="String.IsEqual(Skin.String(StartScreenDelay),2)">2 Seconds  [LIGHT](3/6)[/LIGHT]</value>
		<value condition="String.IsEqual(Skin.String(StartScreenDelay),3)">3 Seconds  [LIGHT](4/6)[/LIGHT]</value>
		<value condition="String.IsEqual(Skin.String(StartScreenDelay),4)">6 Seconds  [LIGHT](5/6)[/LIGHT]</value>
		<value condition="String.IsEqual(Skin.String(StartScreenDelay),5)">9 Seconds  [LIGHT](6/6)[/LIGHT]</value>
	</variable>
	<variable name="LogoScreenLogoTypeVar">
		<value condition="String.IsEqual(Skin.String(LogoScreenLogoType),0) | String.IsEmpty(Skin.String(LogoScreenLogoType))">[LIGHT](Default)[/LIGHT]   Kodi logo  [LIGHT](1/4)[/LIGHT]</value>
		<value condition="String.IsEqual(Skin.String(LogoScreenLogoType),1)">madVR logo  [LIGHT](2/4)[/LIGHT]</value>
		<value condition="String.IsEqual(Skin.String(LogoScreenLogoType),2)">Kodi logo + small madVR logo  [LIGHT](3/4)[/LIGHT]</value>
		<value condition="String.IsEqual(Skin.String(LogoScreenLogoType),3)">No logo  [LIGHT](4/4)[/LIGHT]</value>
	</variable>
	<variable name="LogoScreenLogoTypeVarFilenameTranslate">
		<value condition="String.IsEqual(Skin.String(LogoScreenLogoType),1)">madvr-logo-large$VAR[isUhdScreenStringSuffix].png</value>
		<value condition="String.IsEqual(Skin.String(LogoScreenLogoType),3)"></value>
		<value>kodi-logo-large$VAR[isUhdScreenStringSuffix].png</value>
	</variable>
	
	
	<variable name="HomeScreenIdleUIFadeOut_Preset_1">
		<value>15</value>
	</variable>
	<variable name="HomeScreenIdleUIFadeOut_Preset_2">
		<value>30</value>
	</variable>
	<variable name="HomeScreenIdleUIFadeOut_Preset_3">
		<value>60</value>
	</variable>
	<variable name="HomeScreenIdleUIFadeOut_Preset_4">
		<value>120</value>
	</variable>
	<variable name="HomeScreenIdleUIFadeOutVar">
		<value condition="String.IsEqual(Skin.String(HomeScreenIdleUIFadeOut),0) | String.IsEmpty(Skin.String(HomeScreenIdleUIFadeOut))">[LIGHT](Default)[/LIGHT]   Disabled  [LIGHT](1/5)[/LIGHT]</value>
		<value condition="String.IsEqual(Skin.String(HomeScreenIdleUIFadeOut),1)">$VAR[HomeScreenIdleUIFadeOut_Preset_1] Seconds  [LIGHT](2/5)[/LIGHT]</value>
		<value condition="String.IsEqual(Skin.String(HomeScreenIdleUIFadeOut),2)">$VAR[HomeScreenIdleUIFadeOut_Preset_2] Seconds  [LIGHT](3/5)[/LIGHT]</value>
		<value condition="String.IsEqual(Skin.String(HomeScreenIdleUIFadeOut),3)">$VAR[HomeScreenIdleUIFadeOut_Preset_3] Seconds  [LIGHT](4/5)[/LIGHT]</value>
		<value condition="String.IsEqual(Skin.String(HomeScreenIdleUIFadeOut),4)">$VAR[HomeScreenIdleUIFadeOut_Preset_4] Seconds  [LIGHT](5/5)[/LIGHT]</value>
	</variable>
	
	
	
	
	<variable name="CustomBackgroundMultipleTimePerImage_Preset_1">
		<value>3</value>
	</variable>
	<variable name="CustomBackgroundMultipleTimePerImage_Preset_2">
		<value>5</value>
	</variable>
	<variable name="CustomBackgroundMultipleTimePerImage_Preset_3">
		<value>7</value>
	</variable>
	<variable name="CustomBackgroundMultipleTimePerImage_Preset_4">
		<value>9</value>
	</variable>
	<variable name="CustomBackgroundMultipleTimePerImage_Preset_5">
		<value>12</value>
	</variable>
	<variable name="CustomBackgroundMultipleTimePerImage_Preset_6">
		<value>15</value>
	</variable>
	<variable name="CustomBackgroundMultipleTimePerImageVar">
		<value condition="String.IsEqual(Skin.String(CustomBackgroundMultipleTimePerImage),0)">Only on window load  [LIGHT](1/7)[/LIGHT]</value>
		<value condition="String.IsEqual(Skin.String(CustomBackgroundMultipleTimePerImage),1) | String.IsEmpty(Skin.String(CustomBackgroundMultipleTimePerImage))">[LIGHT](Default)[/LIGHT]   Every $VAR[CustomBackgroundMultipleTimePerImage_Preset_1] Seconds  [LIGHT](2/7)[/LIGHT]</value>
		<value condition="String.IsEqual(Skin.String(CustomBackgroundMultipleTimePerImage),2)">Every $VAR[CustomBackgroundMultipleTimePerImage_Preset_2] Seconds  [LIGHT](3/7)[/LIGHT]</value>
		<value condition="String.IsEqual(Skin.String(CustomBackgroundMultipleTimePerImage),3)">Every $VAR[CustomBackgroundMultipleTimePerImage_Preset_3] Seconds  [LIGHT](4/7)[/LIGHT]</value>
		<value condition="String.IsEqual(Skin.String(CustomBackgroundMultipleTimePerImage),4)">Every $VAR[CustomBackgroundMultipleTimePerImage_Preset_4] Seconds  [LIGHT](5/7)[/LIGHT]</value>
		<value condition="String.IsEqual(Skin.String(CustomBackgroundMultipleTimePerImage),5)">Every $VAR[CustomBackgroundMultipleTimePerImage_Preset_5] Seconds  [LIGHT](6/7)[/LIGHT]</value>
		<value condition="String.IsEqual(Skin.String(CustomBackgroundMultipleTimePerImage),6)">Every $VAR[CustomBackgroundMultipleTimePerImage_Preset_6] Seconds  [LIGHT](7/7)[/LIGHT]</value>
	</variable>
	
	<variable name="VideoPlayerAudioLanguage">
		
		<!-- Workaround for madVR+LAVFilters language names which are long and ugly -->
		
		<value condition="String.Contains(Player.Process(pixformat),madVR)
											+ [String.Contains(VideoPlayer.AudioLanguage,german) | String.Contains(VideoPlayer.AudioLanguage,deu) | String.Contains(VideoPlayer.AudioLanguage,ger)]
											">ger</value>
		<value condition="String.Contains(Player.Process(pixformat),madVR)
											+ [String.Contains(VideoPlayer.AudioLanguage,english) | String.Contains(VideoPlayer.AudioLanguage,englisch) | String.Contains(VideoPlayer.AudioLanguage,eng)]
											">eng</value>
		
		<value condition="String.Contains(Player.Process(pixformat),madVR)
											+ [String.Contains(VideoPlayer.AudioLanguage,spanish) | String.Contains(VideoPlayer.AudioLanguage,spanisch) | String.Contains(VideoPlayer.AudioLanguage,spa)]
											">spa</value>
		<value condition="String.Contains(Player.Process(pixformat),madVR)
											+ [String.Contains(VideoPlayer.AudioLanguage,italian) | String.Contains(VideoPlayer.AudioLanguage,italienisch) | String.Contains(VideoPlayer.AudioLanguage,ita)]
											">ita</value>
		<value condition="String.Contains(Player.Process(pixformat),madVR)
											+ [String.Contains(VideoPlayer.AudioLanguage,dutch) | String.Contains(VideoPlayer.AudioLanguage,niederländisch) | String.Contains(VideoPlayer.AudioLanguage,dut)]
											">dut</value>
		<value condition="String.Contains(Player.Process(pixformat),madVR)
											+ [String.Contains(VideoPlayer.AudioLanguage,french) | String.Contains(VideoPlayer.AudioLanguage,französisch) | String.Contains(VideoPlayer.AudioLanguage,fre)]
											">fre</value>
		<value condition="String.Contains(Player.Process(pixformat),madVR)
											+ [String.Contains(VideoPlayer.AudioLanguage,japanese) | String.Contains(VideoPlayer.AudioLanguage,japanisch) | String.Contains(VideoPlayer.AudioLanguage,jpn)]
											">jpn</value>
		<value condition="String.Contains(Player.Process(pixformat),madVR)
											+ [String.Contains(VideoPlayer.AudioLanguage,russian) | String.Contains(VideoPlayer.AudioLanguage,russisch) | String.Contains(VideoPlayer.AudioLanguage,rus)]
											">rus</value>
		
		<value condition="String.Contains(Player.Process(pixformat),madVR)
											+ [String.StartsWith(VideoPlayer.AudioLanguage,a:) | String.StartsWith(VideoPlayer.AudioLanguage,stereo ) | String.Contains(VideoPlayer.AudioLanguage,unk)]
											">und</value>
		
		<value condition="!String.Contains(Player.Process(pixformat),madVR)
											+ [String.StartsWith(VideoPlayer.AudioLanguage,unk)]
											">und</value>
		
		<value condition="String.IsEmpty(VideoPlayer.AudioLanguage) + !String.IsEmpty(VideoPlayer.AudioChannels) + Integer.IsGreater(VideoPlayer.AudioChannels,0)">und</value>
		
		<value>$INFO[VideoPlayer.AudioLanguage]</value>
		
	</variable>
	
	
	
	<variable name="VideoPlayerSubtitlesLanguage">
		
		<!-- Workaround for madVR+LAVFilters language names which are long and ugly -->
		
		<value condition="String.Contains(Player.Process(pixformat),madVR)
											+ [String.Contains(VideoPlayer.SubtitlesLanguage,german) | String.Contains(VideoPlayer.SubtitlesLanguage,deu) | String.Contains(VideoPlayer.SubtitlesLanguage,ger)]
											">ger</value>
		<value condition="String.Contains(Player.Process(pixformat),madVR)
											+ [String.Contains(VideoPlayer.SubtitlesLanguage,english) | String.Contains(VideoPlayer.SubtitlesLanguage,englisch) | String.Contains(VideoPlayer.SubtitlesLanguage,eng)]
											">eng</value>
		
		<value condition="String.Contains(Player.Process(pixformat),madVR)
											+ [String.Contains(VideoPlayer.SubtitlesLanguage,spanish) | String.Contains(VideoPlayer.SubtitlesLanguage,spanisch) | String.Contains(VideoPlayer.SubtitlesLanguage,spa)]
											">spa</value>
		<value condition="String.Contains(Player.Process(pixformat),madVR)
											+ [String.Contains(VideoPlayer.SubtitlesLanguage,italian) | String.Contains(VideoPlayer.SubtitlesLanguage,italienisch) | String.Contains(VideoPlayer.SubtitlesLanguage,ita)]
											">ita</value>
		<value condition="String.Contains(Player.Process(pixformat),madVR)
											+ [String.Contains(VideoPlayer.SubtitlesLanguage,dutch) | String.Contains(VideoPlayer.SubtitlesLanguage,niederländisch) | String.Contains(VideoPlayer.SubtitlesLanguage,dut)]
											">dut</value>
		<value condition="String.Contains(Player.Process(pixformat),madVR)
											+ [String.Contains(VideoPlayer.SubtitlesLanguage,french) | String.Contains(VideoPlayer.SubtitlesLanguage,französisch) | String.Contains(VideoPlayer.SubtitlesLanguage,fre)]
											">fre</value>
		<value condition="String.Contains(Player.Process(pixformat),madVR)
											+ [String.Contains(VideoPlayer.SubtitlesLanguage,japanese) | String.Contains(VideoPlayer.SubtitlesLanguage,japanisch) | String.Contains(VideoPlayer.SubtitlesLanguage,jpn)]
											">jpn</value>
		
		<value condition="String.Contains(Player.Process(pixformat),madVR)
											+ [String.Contains(VideoPlayer.SubtitlesLanguage,no subtitles)]
											">–</value>
		
		<value condition="String.Contains(Player.Process(pixformat),madVR)
											+ [String.Contains(VideoPlayer.SubtitlesLanguage,auto) | String.Contains(VideoPlayer.SubtitlesLanguage,forced)]
											">auto</value>
		
		<value condition="!String.Contains(Player.Process(pixformat),madVR)
											+ [String.StartsWith(VideoPlayer.SubtitlesLanguage,unk)]
											">und</value>
		
		<value>$INFO[VideoPlayer.SubtitlesLanguage]</value>
		
	</variable>
	
	
	
	
	<variable name="ExperimentalPostMovieInfoDialogTypeVar">
		<value condition="String.IsEqual(Skin.String(ExperimentalPostMovieInfoDialogType),0) | String.IsEmpty(Skin.String(ExperimentalPostMovieInfoDialogType))">[LIGHT](Default)[/LIGHT]   Off   [LIGHT](1/3)[/LIGHT]</value>
		<value condition="String.IsEqual(Skin.String(ExperimentalPostMovieInfoDialogType),1)">Movie Info Dialog  [LIGHT](2/3)[/LIGHT]</value>
		<value condition="String.IsEqual(Skin.String(ExperimentalPostMovieInfoDialogType),2)">Cinema Screen  [LIGHT](3/3)[/LIGHT]</value>
	</variable>
	
	
	
	<variable name="TrailerSearchLanguageTypeVar">
		<value condition="String.IsEqual(Skin.String(TrailerSearchLanguageType),0) | String.IsEmpty(Skin.String(TrailerSearchLanguageType))">[LIGHT](Default)[/LIGHT]   English  [LIGHT](1/3)[/LIGHT]</value>
		<value condition="String.IsEqual(Skin.String(TrailerSearchLanguageType),1)">Deutsch German  [LIGHT](2/3)[/LIGHT]</value>
		<value condition="String.IsEqual(Skin.String(TrailerSearchLanguageType),2)">KODI language: $INFO[System.Language]  [LIGHT](3/3)[/LIGHT]</value>
	</variable>
	
	<variable name="TrailerSearchLanguageString">
		<value condition="String.IsEqual(Skin.String(TrailerSearchLanguageType),0) | String.IsEmpty(Skin.String(TrailerSearchLanguageType))">English </value>
		<value condition="String.IsEqual(Skin.String(TrailerSearchLanguageType),1)">Deutsch German </value>
		<value condition="String.IsEqual(Skin.String(TrailerSearchLanguageType),2) + !String.IsEmpty(System.Language)">$INFO[System.Language] </value>
		<value></value>
	</variable>
	
	
	<variable name="TrailerSearchMethodVar">
		<value condition="String.IsEqual(Skin.String(TrailerSearchMethod),0) | String.IsEmpty(Skin.String(TrailerSearchMethod))">[LIGHT](Default)[/LIGHT]   Kodi YouTube Add-on  [LIGHT](1/2)[/LIGHT]</value>
		<value condition="String.IsEqual(Skin.String(TrailerSearchMethod),1)">Open in Default Web Browser  [LIGHT](2/2)[/LIGHT]</value>
	</variable>
	
	
	<variable name="SkinSettingsCompressionLevelLabel">
		<value condition="String.IsEqual(Skin.String(ExperimentalVolumeAmplificationLevel),0) | String.IsEmpty(Skin.String(ExperimentalVolumeAmplificationLevel))">[LIGHT](Default)[/LIGHT]   +10dB   [LIGHT](1/6)[/LIGHT]</value>
		<value condition="String.IsEqual(Skin.String(ExperimentalVolumeAmplificationLevel),1)">+12dB   [LIGHT](2/6)[/LIGHT]</value>
		<value condition="String.IsEqual(Skin.String(ExperimentalVolumeAmplificationLevel),2)">+14dB   [LIGHT](3/6)[/LIGHT]</value>
		<value condition="String.IsEqual(Skin.String(ExperimentalVolumeAmplificationLevel),3)">+16dB   [LIGHT](4/6)[/LIGHT]</value>
		<value condition="String.IsEqual(Skin.String(ExperimentalVolumeAmplificationLevel),4)">+18dB   [LIGHT](5/6)[/LIGHT]</value>
		<value condition="String.IsEqual(Skin.String(ExperimentalVolumeAmplificationLevel),5)">+20dB   [LIGHT](6/6)[/LIGHT]</value>
	</variable>
	
	
	<variable name="HomeScreenKodiLogoVar">
		<value condition="String.IsEqual(Skin.String(HomeScreenKodiLogo),0) | String.IsEmpty(Skin.String(HomeScreenKodiLogo))">[LIGHT](Default)[/LIGHT]   Hide  [LIGHT](1/3)[/LIGHT]</value>
		<value condition="String.IsEqual(Skin.String(HomeScreenKodiLogo),1)">Kodi logo  [LIGHT](2/3)[/LIGHT]</value>
		<value condition="String.IsEqual(Skin.String(HomeScreenKodiLogo),2)">madVR logo  [LIGHT](3/3)[/LIGHT]</value>
	</variable>
	
	<variable name="HomeScreenSearchButtonVar">
		<value condition="String.IsEqual(Skin.String(HomeScreenSearchButton),0) | String.IsEmpty(Skin.String(HomeScreenSearchButton))">[LIGHT](Default)[/LIGHT]   Multi search dialog  [LIGHT](1/4)[/LIGHT]</value>
		<value condition="String.IsEqual(Skin.String(HomeScreenSearchButton),1)">Hide  [LIGHT](2/4)[/LIGHT]</value>
		<value condition="String.IsEqual(Skin.String(HomeScreenSearchButton),2)">Direct video library search  [LIGHT](3/4)[/LIGHT]</value>
		<value condition="String.IsEqual(Skin.String(HomeScreenSearchButton),3)">"Global Search" Add-on  [LIGHT](4/4)[/LIGHT]</value>
	</variable>
	
	<variable name="HomeDateTimeTypeVar">
		<value condition="String.IsEqual(Skin.String(HomeDateTimeType),0) | String.IsEmpty(Skin.String(HomeDateTimeType))">[LIGHT](Default)[/LIGHT]   Time only  [LIGHT](1/3)[/LIGHT]</value>
		<value condition="String.IsEqual(Skin.String(HomeDateTimeType),1)">Date + Time  [LIGHT](2/3)[/LIGHT]</value>
		<value condition="String.IsEqual(Skin.String(HomeDateTimeType),2)">Hide  [LIGHT](3/3)[/LIGHT]</value>
	</variable>
	
	<variable name="ForcePresetViewsMoviesCategoriesVARDefault">
		<value>500,508,508</value>
	</variable>
	<variable name="ForcePresetViewsMoviesCategoriesVAR">
		<value condition="!String.IsEmpty(Skin.String(ForcePresetViewsMoviesCategories))">$INFO[Skin.String(ForcePresetViewsMoviesCategories)]</value>
		<value>$VAR[ForcePresetViewsMoviesCategoriesVARDefault]</value>
	</variable>
	<variable name="ForcePresetViewsTvShowsCategoriesVARDefault">
		<value>508,508,509,510,52</value>
	</variable>
	<variable name="ForcePresetViewsTvShowsCategoriesVAR">
		<value condition="!String.IsEmpty(Skin.String(ForcePresetViewsTvShowsCategories))">$INFO[Skin.String(ForcePresetViewsTvShowsCategories)]</value>
		<value>$VAR[ForcePresetViewsTvShowsCategoriesVARDefault]</value>
	</variable>
	
	<variable name="ForcePresetViewsMusicPicturesCategoriesVARDefault">
		<value>500,588,500</value>
	</variable>
	<variable name="ForcePresetViewsMusicPicturesCategoriesVAR">
		<value condition="!String.IsEmpty(Skin.String(ForcePresetViewsMusicPicturesCategories))">$INFO[Skin.String(ForcePresetViewsMusicPicturesCategories)]</value>
		<value>$VAR[ForcePresetViewsMusicPicturesCategoriesVARDefault]</value>
	</variable>
	
	<variable name="ForcePresetViewsGlobalMiscCategoriesVARDefault">
		<value>500,500,52,500</value>
	</variable>
	<variable name="ForcePresetViewsGlobalMiscCategoriesVAR">
		<value condition="!String.IsEmpty(Skin.String(ForcePresetViewsGlobalMiscCategories))">$INFO[Skin.String(ForcePresetViewsGlobalMiscCategories)]</value>
		<value>$VAR[ForcePresetViewsGlobalMiscCategoriesVARDefault]</value>
	</variable>
	
	
	
	
	
	
	<variable name="isUhdScreenStringSuffix">
		<value condition="Integer.IsGreater(System.ScreenWidth,3100) | Integer.IsGreater(System.ScreenHeight,1700)">_uhd</value>
		<value></value>
	</variable>
	<variable name="isUhdScreenStringFolder">
		<value condition="Integer.IsGreater(System.ScreenWidth,3100) | Integer.IsGreater(System.ScreenHeight,1700)">uhd/</value>
		<value></value>
	</variable>
	
	
	
	<variable name="VideoItemLabel2">
		<value condition="
											[Container.Content(Episodes) | Container.Content(Files) | 
											[String.StartsWith(Container.FolderPath,videodb://recentlyaddedepisodes) | String.Contains(Container.FolderPath,special://skin/Special Lists/TV shows - Special Lists/episodes_by_recently_played.xsp) | String.Contains(Container.FolderPath,special://skin/Special Lists/TV shows - Special Lists/_mylist_episodes.xsp)]
											] 
											+ 
											[
											String.IsEqual(Container.SortMethod,$LOCALIZE[20359]) | String.IsEqual(Container.SortMethod,$LOCALIZE[551]) | 
											[String.StartsWith(Container.FolderPath,videodb://recentlyaddedepisodes) | String.Contains(Container.FolderPath,special://skin/Special Lists/TV shows - Special Lists/episodes_by_recently_played.xsp) | String.Contains(Container.FolderPath,special://skin/Special Lists/TV shows - Special Lists/_mylist_episodes.xsp)]
											] 
											+ !String.IsEmpty(ListItem.Duration)
											">$INFO[ListItem.Duration] $VAR[ItemDurationMinutesLabel]</value>
		<value condition="
											[Container.Content(Episodes) | Container.Content(Files) | 
											[String.StartsWith(Container.FolderPath,videodb://recentlyaddedepisodes) | String.Contains(Container.FolderPath,special://skin/Special Lists/TV shows - Special Lists/episodes_by_recently_played.xsp) | String.Contains(Container.FolderPath,special://skin/Special Lists/TV shows - Special Lists/_mylist_episodes.xsp)]
											] 
											+ 
											[
											String.IsEqual(Container.SortMethod,$LOCALIZE[20359]) | String.IsEqual(Container.SortMethod,$LOCALIZE[551]) | 
											[String.StartsWith(Container.FolderPath,videodb://recentlyaddedepisodes) | String.Contains(Container.FolderPath,special://skin/Special Lists/TV shows - Special Lists/episodes_by_recently_played.xsp) | String.Contains(Container.FolderPath,special://skin/Special Lists/TV shows - Special Lists/_mylist_episodes.xsp)]
											] 
											+ String.IsEmpty(ListItem.Duration)
											"></value>
		<value>$INFO[ListItem.Label2]</value>
	</variable>
	
	
	
	<variable name="TvShowEpisodePlayerArt">
		<value condition="VideoPlayer.Content(Episodes) + !String.IsEmpty(Player.Art(season.poster))">$INFO[Player.Art(season.poster)]</value>
		<value condition="VideoPlayer.Content(Episodes) + !String.IsEmpty(Player.Art(tvshow.poster))">$INFO[Player.Art(tvshow.poster)]</value>
		<value condition="VideoPlayer.Content(Movies) + !String.IsEmpty(Player.Art(poster))">$INFO[Player.Art(poster)]</value>
		<value>$INFO[Player.Art(thumb)]</value>
	</variable>
	
	<variable name="EpisodesViewLabel">
		
		<value condition="![String.StartsWith(Container.FolderPath,videodb://tvshows/titles/) + 
												String.Contains(Container.FolderPath,/-1/?tvshowid=)] + 
											![String.StartsWith(Container.FolderPath,videodb://tvshows/titles/) + 
												String.Contains(Container.FolderPath,/-2/?tvshowid=)] + 
											
											!String.StartsWith(Container.FolderPath,videodb://recentlyaddedepisodes) + !String.Contains(Container.FolderPath,special://skin/Special Lists/TV shows - Special Lists/episodes_by_recently_played.xsp) + !String.Contains(Container.FolderPath,special://skin/Special Lists/TV shows - Special Lists/_mylist_episodes.xsp) 
												+ !String.IsEmpty(ListItem.Title)">[COLOR=grey2]$INFO[ListItem.Season,S, ]$INFO[ListItem.Episode,E,][/COLOR]   $INFO[ListItem.Title]</value>
		<!-- added season no even for explicit season windows (before: only episode no) -->
		
		<value condition="![String.StartsWith(Container.FolderPath,videodb://tvshows/titles/) + 
												String.Contains(Container.FolderPath,/-1/?tvshowid=)] +
											![String.StartsWith(Container.FolderPath,videodb://tvshows/titles/) + 
												String.Contains(Container.FolderPath,/-2/?tvshowid=)] + 
												
												!String.StartsWith(Container.FolderPath,videodb://recentlyaddedepisodes) + !String.Contains(Container.FolderPath,special://skin/Special Lists/TV shows - Special Lists/episodes_by_recently_played.xsp) + !String.Contains(Container.FolderPath,special://skin/Special Lists/TV shows - Special Lists/_mylist_episodes.xsp) 
												+ !String.IsEmpty(ListItem.Label)">$INFO[ListItem.Label]</value>
		
		<value condition="!ListItem.IsParentFolder + 
											[
												[String.StartsWith(Container.FolderPath,videodb://tvshows/titles/) + 
												String.Contains(Container.FolderPath,/-1/?tvshowid=)]
												|
												[String.StartsWith(Container.FolderPath,videodb://tvshows/titles/) + 
												String.Contains(Container.FolderPath,/-2/?tvshowid=)]
											]
												">[COLOR=grey]$INFO[ListItem.Season,S, ]$INFO[ListItem.Episode,E,][/COLOR]   $INFO[ListItem.Title]</value>
		
		<value condition="!ListItem.IsParentFolder">$INFO[ListItem.TVShowTitle][COLOR=grey2]$INFO[ListItem.Season,  S,]$INFO[ListItem.Episode, E,][/COLOR]   $INFO[ListItem.Title]</value>
		<value condition="ListItem.IsParentFolder">$INFO[ListItem.Label]</value>
	</variable>
	
	
	
	
	<variable name="CinemaPostMovieContentUrl">
		<value condition="String.IsEqual(Skin.String(ExperimentalPostMovieInfoDialogType),1) + !String.IsEmpty(Window(home).Property(PostMovieDBID))">plugin://service.library.data.provider.lite?type=movie&amp;dbid=$INFO[Window(home).Property(PostMovieDBID)]</value>
		<value></value>
	</variable>
	
	<variable name="CinemaPostMovieCinemaScreenImage">
		<value condition="String.IsEqual(Skin.String(ExperimentalPostMovieInfoDialogType),2)">special://skin/backgrounds/$VAR[isUhdScreenStringFolder]cinema_screen.jpg</value>
		<value></value>
	</variable>
	<variable name="ExperimentalPostMovieInfoDialogCinemaScreenTextVar">
		<value condition="!String.IsEmpty(Skin.String(ExperimentalPostMovieInfoDialogCinemaScreenText))">$INFO[Skin.String(ExperimentalPostMovieInfoDialogCinemaScreenText)]</value>
		<value></value>
	</variable>
	
	
	
	
	<variable name="MyListLabel">
		<!-- NOT on My List -->
		<value condition="[ String.IsEmpty(Window(home).Property(CinemaHelper.UserRating.Action)) + !String.IsEqual(ListItem.UserRating,1) ] 
																	| String.IsEqual(Window(home).Property(CinemaHelper.UserRating.Action),WatchListRemove)">My List</value>
		<!-- IS on  My List -->
		<value condition="[ String.IsEmpty(Window(home).Property(CinemaHelper.UserRating.Action)) + String.IsEqual(ListItem.UserRating,1) ]  
																	| String.IsEqual(Window(home).Property(CinemaHelper.UserRating.Action),WatchListAdd)">My List</value>
	</variable>
	
	
	
	<variable name="WatchedStateLabel">
		<!-- NOT Watched -->
		<value condition="[ String.IsEmpty(Window(home).Property(CinemaHelper.WatchedState.Action)) + String.IsEmpty(ListItem.PlayCount) ]  
																	| String.IsEqual(Window(home).Property(CinemaHelper.WatchedState.Action),SetNotWatched)">$LOCALIZE[16102]</value>
		<!-- IS Watched -->
		<value condition="[ [ String.IsEmpty(Window(home).Property(CinemaHelper.WatchedState.Action)) + !String.IsEmpty(ListItem.PlayCount) ] 
																	| String.IsEqual(Window(home).Property(CinemaHelper.WatchedState.Action),SetWatched) ] + !Control.HasFocus(98156)">$LOCALIZE[16102]</value>
		<value condition="[ [ String.IsEmpty(Window(home).Property(CinemaHelper.WatchedState.Action)) + !String.IsEmpty(ListItem.PlayCount) ] 
																	| String.IsEqual(Window(home).Property(CinemaHelper.WatchedState.Action),SetWatched) ] + Control.HasFocus(98156)">$LOCALIZE[16102]</value>
	</variable>
	
	<variable name="PlayButtonLabel">
		<value condition="!Container.Content(TVShows)">$LOCALIZE[208]</value>
		<value>$LOCALIZE[1024]</value>
	</variable>
	
	<!-- for: episodes view -->
	<variable name="EpisodesThumbnail">
		<value condition="!Skin.HasSetting(EpisodeSpoilerProtection)">$VAR[PosterThumb]</value>
		<value>$VAR[FanartThumbnail]</value>
	</variable>
	
	<!-- for: widget recently added episodes -->
	<variable name="EpisodesThumbnailRecentlyAdded">
		<value condition="!Skin.HasSetting(EpisodeSpoilerProtection) + !String.IsEqual(ListItem.Icon,DefaultVideo.png) + !String.IsEqual(ListItem.Icon,DefaultVideoCover.png)">$INFO[ListItem.Icon]</value>
		<value>$VAR[FanartThumbnail]</value>
	</variable>
	
	<variable name="WallViewLabel">
		<value condition="!Container.Content(Albums)">$INFO[ListItem.Label]</value>
		<value condition="Container.Content(Albums) + !String.IsEqual(ListItem.AlbumArtist,$LOCALIZE[340])">$INFO[ListItem.Label]$INFO[ListItem.AlbumArtist, – ,]</value>
		<value>$INFO[ListItem.Label]</value>
	</variable>
	
	
	
	<variable name="FavoritesThumbnail">
		<value condition="!String.IsEmpty(Listitem.Icon) + !String.IsEqual(Listitem.Icon,DefaultFavourites.png)">$INFO[Listitem.Icon]</value>
		<value>DefaultFolder.png</value>
	</variable>
	
	
	<variable name="FanartViewListItemTitle">
		<value condition="ListItem.IsPlaying">[COLOR=selected]$INFO[ListItem.Label][/COLOR]</value>
		<value>$INFO[ListItem.Label]</value>
	</variable>
	<variable name="FanartViewListItemYear">
		<value condition="Container.Content(Albums) + !String.IsEmpty(ListItem.Year) + !String.IsEmpty(ListItem.Genre)">$INFO[ListItem.Year]$INFO[ListItem.Genre, [B]·[/B] ,]</value>
		<value condition="Container.Content(Albums) + String.IsEmpty(ListItem.Year) + !String.IsEmpty(ListItem.Genre)">$INFO[ListItem.Genre]</value>
		<value>$INFO[ListItem.Year]</value>
	</variable>
	
	<variable name="FanartViewListItemSubTitle">
		<value>$INFO[ListItem.Property(Album_Artist)]</value>
	</variable>
	
	<variable name="FanartViewListItemPlot">
		<value condition="Container.Content(Albums)">$INFO[ListItem.Property(Album_Description)]</value>
		<value>$INFO[ListItem.TagLine,,[CR]]$INFO[ListItem.Plot]</value>
	</variable>
	
	
	
	
	
	<variable name="DialogSelectSearchImage">
		<value condition="!String.IsEmpty(ListItem.Art(season.fanart))">$INFO[ListItem.Art(season.fanart)]</value>
		<value condition="!String.IsEmpty(ListItem.Art(season.poster))">$INFO[ListItem.Art(season.poster)]</value>
		<value condition="!String.IsEmpty(ListItem.Art(tvshow.poster))">$INFO[ListItem.Art(tvshow.poster)]</value>
		<value condition="!String.IsEmpty(ListItem.Art(poster))">$INFO[ListItem.Art(poster)]</value>
		<value>$INFO[ListItem.Icon]</value>
	</variable>
	
	<variable name="VideoOSDNextSubtitleLabel">
		<value condition="String.StartsWith(System.BuildVersion,17.7) |  String.StartsWith(System.BuildVersion,17.6 Git:20171126-13194ec)">$LOCALIZE[24012]</value>
		<value>$LOCALIZE[209] $LOCALIZE[462]</value>
	</variable>
	
	
	
	
	<variable name="ListItemStudioLabelShort">
		<value condition="String.IsEqual(ListItem.DBID,Window(Home).Property(ListItemHelper.DBID)) + !String.IsEmpty(ListItem.Studio) + !String.IsEmpty(Window(Home).Property(ListItemHelper.studio.1)) + String.IsEmpty(Window(Home).Property(ListItemHelper.studio.2))">$INFO[Window(Home).Property(ListItemHelper.studio.1)]</value>
		<value condition="String.IsEqual(ListItem.DBID,Window(Home).Property(ListItemHelper.DBID)) + !String.IsEmpty(ListItem.Studio) + !String.IsEmpty(Window(Home).Property(ListItemHelper.studio.1)) + !String.IsEmpty(Window(Home).Property(ListItemHelper.studio.2))">$INFO[Window(Home).Property(ListItemHelper.studio.1)]  |  $INFO[Window(Home).Property(ListItemHelper.studio.2)]</value>
		<value>$INFO[ListItem.Studio]</value>
	</variable>
	
	<variable name="ListItemFocusLabel">
		<value condition="!String.IsEmpty(ListItem.Property(focusLabelDifferent)) + Control.HasFocus(49)">$INFO[ListItem.Property(focusLabelDifferent)]</value>
		<value>$INFO[ListItem.Label2]</value>
	</variable>
	
	<variable name="VideoPlayerStudioLabelOnlyFirst">
		<value condition="String.IsEqual(VideoPlayer.DBID,Window(Home).Property(CinemaHelper.player.DBID)) + !String.IsEmpty(VideoPlayer.Studio) + !String.IsEmpty(Window(Home).Property(CinemaHelper.player.studio.1))">$INFO[Window(Home).Property(CinemaHelper.player.studio.1)]</value>
		<value>$INFO[VideoPlayer.Studio]</value>
	</variable>
	
	<variable name="VideoFullScreenTitle">
		<value condition="!String.IsEmpty(Player.Title)">$INFO[Player.Title]</value>
		<value condition="String.IsEmpty(Player.Title)">$INFO[VideoPlayer.ChannelName]</value>
	</variable>
	<variable name="MusicVisualisationTitle">
		<value condition="!String.IsEmpty(Player.Title) | !MusicPlayer.Content(LiveTV)">$INFO[Player.Title]</value>
		<value condition="String.IsEmpty(Player.Title) + MusicPlayer.Content(LiveTV)">$INFO[VideoPlayer.ChannelName]</value>
	</variable>
	<variable name="MusicVisualisationSubLabel">
		<value condition="!MusicPlayer.Content(LiveTV)">$VAR[FullScreenMusicTrackArtist]$INFO[MusicPlayer.Album, – ]$INFO[MusicPlayer.Year,  (,)]</value>
		<value>$INFO[MusicPlayer.ChannelNumberLabel,[COLOR=blue],[/COLOR]    ]$INFO[MusicPlayer.ChannelName]</value>
	</variable>
	
	
	
	<variable name="PVRRecordingPlot">
		<value condition="!String.IsEmpty(Container(50).ListItem.EpisodeName) + !String.IsEqual(Container(50).ListItem.EpisodeName,Container(50).ListItem.Plot)">$INFO[Container(50).ListItem.EpisodeName,,[CR][CR]]$INFO[Container(50).ListItem.Plot]</value>
		<value condition="!String.IsEmpty(Container(50).ListItem.EpisodeName) + String.IsEqual(Container(50).ListItem.EpisodeName,Container(50).ListItem.Plot)">$INFO[Container(50).ListItem.Plot]</value>
		<value condition="!String.IsEmpty(Container(50).ListItem.Plot)">$INFO[Container(50).ListItem.Plot]</value>
	</variable>
	
	<variable name="PVRPlotText">
		<value condition="!String.IsEmpty(ListItem.EpisodeName) + !String.IsEqual(ListItem.EpisodeName,ListItem.Plot)">$INFO[ListItem.EpisodeName,,[CR]]$INFO[ListItem.Plot]</value>
		<value condition="!String.IsEmpty(ListItem.EpisodeName) + String.IsEqual(ListItem.EpisodeName,ListItem.Plot)">$INFO[ListItem.Plot]</value>
		<value>$INFO[ListItem.Plot]</value>
	</variable>
	
	<variable name="FullScreenMusicTrackArtist">
		<value condition="!String.IsEmpty(MusicPlayer.AlbumArtist)">$INFO[MusicPlayer.AlbumArtist]</value>
		<value>$INFO[MusicPlayer.Artist]</value>
	</variable>
	
	<variable name="FullScreenMusicNextTrackArtist">
		<value condition="!String.IsEmpty(MusicPlayer.offset(1).AlbumArtist)">$LOCALIZE[19031]:  $INFO[MusicPlayer.offset(1).AlbumArtist,, – ]$INFO[MusicPlayer.offset(1).Title]</value>
		<value>$LOCALIZE[19031]: $INFO[MusicPlayer.offset(1).Artist,, – ]$INFO[MusicPlayer.offset(1).Title]</value>
	</variable>
	
	<variable name="scrollBarStyleDefaultBgColorDiffuse">
		<value>F7FFFFFF</value>
	</variable>
	<variable name="scrollBarStyleDefaultBarColorDiffuse">
		<value>F7FFFFFF</value>
	</variable>
	<variable name="SeparatorColorDiffuse">
		<value>1FFFFFFF</value>
	</variable>
	
	<variable name="VideosIconAlternativeSuffix">
		<value condition="Skin.HasSetting(VideosPseudoLibraryIconEnable) + 
							[
								[!Library.HasContent(Movies) | Skin.HasSetting(HomeMenuNoMovieButton)] 
								+ 
								[!Library.HasContent(TVShows) | Skin.HasSetting(HomeMenuNoTVShowButton)] 
							]">_pseudolib</value>
		<value></value>
	</variable>
	
	
	
	<variable name="mainMenuColorDiffuseActive">
		<value>d90079c3</value>
	</variable>
	<variable name="mainMenuColorDiffuseInActive">
		<value>d92e2e2e</value>
	</variable>
	
	<variable name="bigArrowLeftColorDiffuse">
		<value>9e666666</value>
	</variable>
	
	<variable name="keyboardEditAreaColorDiffuse">
		<value>FF1d1d1d</value>
	</variable>
	
	
	
	<variable name="TvShowSeasonPoster">
		<value condition="Container.Content(Seasons) + !ListItem.IsParentFolder + String.IsEqual(ListItem.Label,$LOCALIZE[20366]) + String.StartsWith(System.BuildVersion,17.) + [Control.IsVisible(500) | Control.IsVisible(908) | Control.IsVisible(909) | Control.IsVisible(51)]">DefaultFolder.png</value><!-- Kodi 17-only workaround for weird Kodi bug when accessing "Container.Art(tvshow.poster)" from within itemlayout/focusedlayout (returns empty string even if value is not empty)-->
		<value condition="!String.IsEmpty(ListItem.Art(season.poster))">$INFO[ListItem.Art(season.poster)]</value>
		<!--
		<value condition="!String.IsEmpty(ListItem.Art(poster))">$INFO[ListItem.Art(poster)]</value>
		moved down test
		-->
		<value condition="!String.IsEmpty(Container.Art(tvshow.poster))">$INFO[Container.Art(tvshow.poster)]</value>
		
		<value condition="!String.IsEmpty(ListItem.Art(poster))">$INFO[ListItem.Art(poster)]</value>
		
		<value condition="!String.IsEmpty(Container.Art(poster))">$INFO[Container.Art(poster)]</value>
	</variable>
	
	<variable name="TvShowSeasonsLabel">
		<value condition="Integer.IsGreater(ListItem.Property(TotalSeasons),1) | String.IsEqual(ListItem.Property(TotalSeasons),0)">$LOCALIZE[33054]</value>
		<value>$LOCALIZE[20373]</value>
	</variable>
	<variable name="TvShowEpisodesLabel">
		<value condition="Integer.IsGreater(ListItem.Property(TotalEpisodes),1)">$LOCALIZE[20360]</value>
		<value>$LOCALIZE[20359]</value>
	</variable>
	
	
	<variable name="ListViewsColorDiffuseType1">
		<value>b8FFFFFF</value>
	</variable>
	
	
	<variable name="HexagonsBaseOverlay">
		<value condition="Skin.HasSetting(BackgroundHexagonsDisable3D)">special://skin/backgrounds/hexagons/base_overlay_2d$VAR[isUhdScreenStringSuffix].png</value>
		<value>special://skin/backgrounds/hexagons/base_overlay_3d$VAR[isUhdScreenStringSuffix].png</value>
	</variable>
	
	<variable name="AutoCompletionContentVar">
		<!--
		1019 = "Enter the username"
		1014 = "Username"
		-->
		<value condition="System.HasAddon(plugin.program.autocompletion) + !System.HasHiddenInput 
						+ !String.Contains(Control.GetLabel(311),API ) 
						+ !String.Contains(Control.GetLabel(311),API-) 
						+ !String.IsEqual(Control.GetLabel(311),$LOCALIZE[1019]) 
						+ !String.Contains(Control.GetLabel(311),$LOCALIZE[1014]) 
						+ !String.Contains(Control.GetLabel(311),$LOCALIZE[733])">plugin://plugin.program.autocompletion?info=autocomplete&amp;&amp;id=$INFO[Control.GetLabel(312).index(1)]&amp;&amp;limit=9</value>
	</variable>
	
	
	<variable name="PlayerChapter">
		<value condition="Integer.IsLess(Player.Chapter,100) + String.IsEqual(Player.Chapter,01)">1</value>
		<value condition="Integer.IsLess(Player.Chapter,100) + String.IsEqual(Player.Chapter,02)">2</value>
		<value condition="Integer.IsLess(Player.Chapter,100) + String.IsEqual(Player.Chapter,03)">3</value>
		<value condition="Integer.IsLess(Player.Chapter,100) + String.IsEqual(Player.Chapter,04)">4</value>
		<value condition="Integer.IsLess(Player.Chapter,100) + String.IsEqual(Player.Chapter,05)">5</value>
		<value condition="Integer.IsLess(Player.Chapter,100) + String.IsEqual(Player.Chapter,06)">6</value>
		<value condition="Integer.IsLess(Player.Chapter,100) + String.IsEqual(Player.Chapter,07)">7</value>
		<value condition="Integer.IsLess(Player.Chapter,100) + String.IsEqual(Player.Chapter,08)">8</value>
		<value condition="Integer.IsLess(Player.Chapter,100) + String.IsEqual(Player.Chapter,09)">9</value>
		<value>$INFO[Player.Chapter]</value>
	</variable>
	
	<variable name="PlayerChapterCount">
		<value condition="Integer.IsLess(Player.ChapterCount,100) + String.IsEqual(Player.ChapterCount,01)">1</value>
		<value condition="Integer.IsLess(Player.ChapterCount,100) + String.IsEqual(Player.ChapterCount,02)">2</value>
		<value condition="Integer.IsLess(Player.ChapterCount,100) + String.IsEqual(Player.ChapterCount,03)">3</value>
		<value condition="Integer.IsLess(Player.ChapterCount,100) + String.IsEqual(Player.ChapterCount,04)">4</value>
		<value condition="Integer.IsLess(Player.ChapterCount,100) + String.IsEqual(Player.ChapterCount,05)">5</value>
		<value condition="Integer.IsLess(Player.ChapterCount,100) + String.IsEqual(Player.ChapterCount,06)">6</value>
		<value condition="Integer.IsLess(Player.ChapterCount,100) + String.IsEqual(Player.ChapterCount,07)">7</value>
		<value condition="Integer.IsLess(Player.ChapterCount,100) + String.IsEqual(Player.ChapterCount,08)">8</value>
		<value condition="Integer.IsLess(Player.ChapterCount,100) + String.IsEqual(Player.ChapterCount,09)">9</value>
		<value>$INFO[Player.ChapterCount]</value>
	</variable>
	
	<variable name="TvShowTotalSeasonsLabel">
		<value condition="Integer.IsGreater(Window(Home).Property(CinemaHelper.ListItem.TvShowTotalSeasons),1)">$LOCALIZE[33054]</value>
		<value condition="Integer.IsEqual(Window(Home).Property(CinemaHelper.ListItem.TvShowTotalSeasons),1)">$LOCALIZE[20373]</value>
	</variable>
	
	<variable name="DialogAddonInfoTopMessageIcon">
		<value condition="!String.IsEmpty(ListItem.AddonBroken)">DefaultIconError-flag.png</value>
		<value condition="String.IsEqual(ListItem.Property(Addon.Status),$LOCALIZE[24995])">DefaultIconInfo-flag.png</value>
	</variable>
	
	<variable name="DialogAddonInfoTopMessageText1">
		<value condition="!String.IsEmpty(ListItem.AddonBroken)">$LOCALIZE[24096]</value>
		<value condition="String.IsEqual(ListItem.Property(Addon.Status),$LOCALIZE[24995])">$LOCALIZE[24995]</value>
	</variable>
	
	<variable name="DialogAddonInfoTopMessageText2">
		<value condition="!String.IsEmpty(ListItem.AddonBroken)">$INFO[ListItem.AddonBroken]</value>
		<value condition="String.IsEqual(ListItem.Property(Addon.Status),$LOCALIZE[24995])"></value>
	</variable>
	
	
	<variable name="DefaultBackgroundXExtension">
		<value condition="Integer.IsGreater(Skin.String(BackgroundType),7) | String.IsEmpty(Skin.String(BackgroundType)) | String.IsEqual(Skin.String(BackgroundType),2) | String.IsEqual(Skin.String(BackgroundType),3)">.jpg</value>
		<value>.png</value>
	</variable>
	<variable name="DefaultBackgroundX">
		<value>special://skin/backgrounds/$VAR[isUhdScreenStringFolder]background_$VAR[BackgroundTypeNoVar]$VAR[DefaultBackgroundXExtension]</value>
	</variable>
	
	
	
</includes>
