<?xml version="1.0" encoding="UTF-8"?>
<window type="dialog" id="1199">
	
	<visible>Skin.HasSetting(ExperimentalVolumeAmplificationFeaturesEnabled) + Skin.HasSetting(ExperimentalVolumeAmplificationUseAutomaticPresetSwitching) +      Player.Playing +    Player.HasMedia + !String.IsEqual(Player.FileNameAndPath,Window(Home).Property(DRCid)) + [[Player.HasVideo + VideoPlayer.IsFullscreen] | [!Player.HasVideo + Player.HasAudio]]</visible>
	
	<include condition="!Player.Passthrough + !String.IsEqual(Player.FileNameAndPath,Window(Home).Property(DRCid)) + [[!String.StartsWith(Window(Home).Property(DRCidFileName),pvr.) + !String.EndsWith(Window(Home).Property(DRCidFileName),.pvr)] | [!String.StartsWith(Player.Filename,pvr.) + !String.EndsWith(Player.Filename,.pvr)]] +        ![!Player.IsInternetStream + VideoPlayer.Content(Movies)]">VolumeAmplification_Preset_DRC_OnLoad_OFF</include>
	<include condition="!Player.Passthrough + !String.IsEqual(Player.FileNameAndPath,Window(Home).Property(DRCid)) + [[!String.StartsWith(Window(Home).Property(DRCidFileName),pvr.) + !String.EndsWith(Window(Home).Property(DRCidFileName),.pvr)] | [!String.StartsWith(Player.Filename,pvr.) + !String.EndsWith(Player.Filename,.pvr)]] +         [!Player.IsInternetStream + VideoPlayer.Content(Movies)]">VolumeAmplification_Preset_DRC_OnLoad_ON</include>
	
	<onload condition="!Player.Passthrough">SetProperty(DRCid,"$INFO[Player.FileNameAndPath]",home)</onload>
	<onload condition="!Player.Passthrough">SetProperty(DRCidFileName,"$INFO[Player.Filename]",home)</onload>
	
	<onload condition="Player.Passthrough">Notification(VolumeAmplification-DRC Error,Disable audio passthrough first,5000,DefaultIconError.png)</onload>
	
	<controls></controls>
</window>
