<?xml version="1.0" encoding="UTF-8"?>
<window>
	<defaultcontrol>996</defaultcontrol>
	<include>dialogeffect</include>
	
	<controls>
		
		<control type="image" id="999">
			<description>background image</description>
			<left>0</left>
			<top>-12</top>
			<width>510</width>
			<height>1089</height>
			<texture border="38">DialogBack-rounded.png</texture>
		</control>
		<control type="grouplist" id="996">
			<description>grouplist for context buttons</description>
			<left>30</left>
			<top>30</top>
			<width>450</width>
			<height max="1005">auto</height>
			<itemgap>3</itemgap>
		</control>
		<control type="button" id="1000">
			<description>button template</description>
			<left></left>
			<top></top>
			<width>450</width>
			<height>63</height>
			<font>fontContextMenu</font>
			<align>center</align>
			<textcolor>grey2</textcolor>
			<focusedcolor>white</focusedcolor>
			<texturenofocus></texturenofocus>
			<texturefocus border="14" colordiffuse="$VAR[accentColorDiffuseForNeutralTextures]">button-focus-neutral.png</texturefocus>
		</control>
	</controls>
</window>
