<?xml version="1.0" encoding="UTF-8"?>
<window>
	<defaultcontrol always="true">50</defaultcontrol>
	<menucontrol>7000</menucontrol>
	<views>50</views>
	
	<controls><!-- WRAPPER START --><control type="group"><centerleft>50%</centerleft><centertop>50%</centertop><width>1920</width><height>1080</height><!-- WRAPPER START -->
		
		<include>CommonBackground</include>
		<include>ContentPanelBackgrounds</include>
		
		<control type="group">
			<include>Window_OpenClose_Animation</include>
			<control type="group">
				<include>VisibleFadeEffect</include>
				<visible>Control.IsVisible(50)</visible>
			</control>
		</control>
		
		<control type="group">
			<include>Window_OpenClose_Animation</include>
			<description>Recordings group</description>
			<visible>Control.IsVisible(50)</visible>
			<include>VisibleFadeEffect</include>
			<control type="list" id="50">
				<left>105</left>
				<top>114</top>
				<width>1140</width>
				<height>842</height>
				<onleft>102</onleft>
				<onright>72</onright>
				<onup>50</onup>
				<ondown>50</ondown>
				<viewtype label="535">list</viewtype>
				<pagecontrol>72</pagecontrol>
				<include>ScrollTimeOld</include>
				
				<itemlayout height="60" width="1140">
					<control type="image">
						<left>15</left>
						<top>8</top>
						<width>45</width>
						<height>45</height>
						<texture background="true" fallback="DefaultPVRChannels.png">$INFO[ListItem.ActualIcon]</texture>
						<aspectratio>keep</aspectratio>
						<visible>[!String.IsEqual(ListItem.ActualIcon,DefaultVideo.png) + !String.IsEqual(ListItem.ActualIcon,DefaultTVShows.png)]</visible>
					</control>
					<control type="image">
						<left>15</left>
						<top>8</top>
						<width>45</width>
						<height>45</height>
						<texture background="true" fallback="DefaultPVRChannels.png">DefaultPVRChannels.png</texture>
						<aspectratio>keep</aspectratio>
						<visible>![!String.IsEqual(ListItem.ActualIcon,DefaultVideo.png) + !String.IsEqual(ListItem.ActualIcon,DefaultTVShows.png)]</visible>
					</control>
					<control type="label">
						<left>75</left>
						<top>0</top>
						<width>908</width>
						<height>60</height>
						<font>Regular20</font>
						<textcolor>white</textcolor>
						<selectedcolor>selected</selectedcolor>
						<align>left</align>
						<aligny>center</aligny>
						<!--
						<label>$INFO[ListItem.Label,, ]$INFO[ListItem.EpisodeName,(,) ]$INFO[Listitem.Season,,.]$INFO[Listitem.Episode]</label>
						-->
						<label>$INFO[ListItem.Label]</label>
					</control>
					<control type="label">
						<left>338</left>
						<top>0</top>
						<width>750</width>
						<height>60</height>
						<font>Regular17</font>
						<textcolor>grey2</textcolor>
						<selectedcolor>selected</selectedcolor>
						<align>right</align>
						<aligny>center</aligny>
						<label>$INFO[ListItem.Date]</label>
					</control>
					<control type="image">
						<left>1098</left>
						<top>12</top>
						<width>33</width>
						<height>33</height>
						<texture colordiffuse="ffd2d2d2">OverlayWatching.png</texture>
						<visible>ListItem.IsResumable</visible>
					</control>
					<control type="image">
						<left>1098</left>
						<top>12</top>
						<width>33</width>
						<height>33</height>
						<texture colordiffuse="ffd2d2d2">$INFO[ListItem.Overlay]</texture>
						<aspectratio>keep</aspectratio>
					</control>
				</itemlayout>
				<focusedlayout height="60" width="1140">
					<control type="image">
						<left>0</left>
						<top>0</top>
						<width>1140</width>
						<height>62</height>
						<texture border="12" colordiffuse="$VAR[accentColorDiffuseForNeutralTextures]">MenuItemFO-rounded-10px-neutral.png</texture>
						<include>VisibleFadeEffect</include>
						<include>FocusAnimationType1</include>
					</control>
					<control type="image">
						<left>0</left>
						<top>0</top>
						<width>76</width>
						<height>62</height>
						<texture border="12" colordiffuse="FF000000">colors/white_border11l_-10r.png</texture>
						<animation effect="fade" end="25" time="0" condition="true">Conditional</animation>
						<include>VisibleFadeEffect</include>
						<include>FocusAnimationType1</include>
					</control>
					<control type="image">
						<left>15</left>
						<top>8</top>
						<width>45</width>
						<height>45</height>
						<texture background="true" fallback="DefaultPVRChannels.png">$INFO[ListItem.ActualIcon]</texture>
						<aspectratio>keep</aspectratio>
						<visible>[!String.IsEqual(ListItem.ActualIcon,DefaultVideo.png) + !String.IsEqual(ListItem.ActualIcon,DefaultTVShows.png)]</visible>
					</control>
					<control type="image">
						<left>15</left>
						<top>8</top>
						<width>45</width>
						<height>45</height>
						<texture background="true" fallback="DefaultPVRChannels.png">DefaultPVRChannels.png</texture>
						<aspectratio>keep</aspectratio>
						<visible>![!String.IsEqual(ListItem.ActualIcon,DefaultVideo.png) + !String.IsEqual(ListItem.ActualIcon,DefaultTVShows.png)]</visible>
					</control>
					<control type="label">
						<left>75</left>
						<top>0</top>
						<width>945</width>
						<height>60</height>
						<font>Regular20</font>
						<textcolor>white</textcolor>
						<selectedcolor>selected</selectedcolor>
						<align>left</align>
						<aligny>center</aligny>
						<!--
						<label>$INFO[ListItem.Label,, ]$INFO[ListItem.EpisodeName,(,) ]$INFO[Listitem.Season,,.]$INFO[Listitem.Episode]</label>
						-->
						<label>$INFO[ListItem.Label]</label>
					</control>
					<control type="label">
						<left>338</left>
						<top>0</top>
						<width>750</width>
						<height>60</height>
						<font>Regular17</font>
						<textcolor>grey2</textcolor>
						<selectedcolor>selected</selectedcolor>
						<align>right</align>
						<aligny>center</aligny>
						<label>$INFO[ListItem.Date]</label>
					</control>
					<control type="image">
						<left>1098</left>
						<top>12</top>
						<width>33</width>
						<height>33</height>
						<texture>OverlayWatching.png</texture>
						<visible>ListItem.IsResumable</visible>
					</control>
					<control type="image">
						<left>1098</left>
						<top>12</top>
						<width>33</width>
						<height>33</height>
						<texture>$INFO[ListItem.Overlay]</texture>
						<aspectratio>keep</aspectratio>
					</control>
				</focusedlayout>
				
			</control>
			<control type="scrollbar" id="72">
				<left>1272</left>
				<top>114</top>
				<include>scrollBarStyleDefaultWidth</include>
				<height>842</height>
				<onleft>50</onleft>
				<onright>72</onright>
				<showonepage>false</showonepage>
				<include>scrollBarStyleDefault</include>
			</control>
			<control type="group">
				<left>1365</left>
				<top>105</top>
				<control type="textbox">
					<description>Description Value for TV Show</description>
					<left>0</left>
					<top>0</top>
					<width>450</width>
					<height>744</height>
					<font>Light20</font>
					<align>left</align>
					<textcolor>white</textcolor>
					<label>[COLOR=blue][B]$INFO[Container(50).ListItem.Title,,[CR][CR]][/B][/COLOR]$VAR[PVRRecordingPlot]</label>
					<autoscroll>false</autoscroll>
				</control>
				
				<control type="label">
					<description>Disk usage text</description>
					<left>15</left>
					<top>794</top>
					<width>435</width>
					<height>30</height>
					<label>$INFO[PVR.backenddiskspace]</label>
					<align>center</align>
					<aligny>center</aligny>
					<textcolor>grey</textcolor>
					<font>Light17</font>
					<visible>!Integer.IsGreater(PVR.backenddiskspaceprogr,100)</visible>
				</control>
				
				<control type="image">
					<left>14</left>
					<top>840</top>
					<width>3</width>
					<height>9</height>
					<texture colordiffuse="30FFFFFF">osd/progress/progress-9px-start-end.png</texture>
				</control>
				<control type="image">
					<left>448</left>
					<top>840</top>
					<width>3</width>
					<height>9</height>
					<texture colordiffuse="30FFFFFF" flipx="true">osd/progress/progress-9px-start-end.png</texture>
				</control>
				<control type="image">
					<left>14</left>
					<top>840</top>
					<width>3</width>
					<height>9</height>
					<texture colordiffuse="EBFFFFFF">osd/progress/progress-9px-start-end.png</texture>
				</control>
				<control type="image">
					<left>448</left>
					<top>840</top>
					<width>3</width>
					<height>9</height>
					<texture colordiffuse="EBFFFFFF" flipx="true">osd/progress/progress-9px-start-end.png</texture>
					<visible>Integer.IsGreater(PVR.backenddiskspaceprogr,99)</visible>
				</control>
				<control type="progress">
					<description>Disk usage bar</description>
					<left>17</left>
					<top>840</top>
					<width>431</width>
					<height>9</height>
					<info>PVR.backenddiskspaceprogr</info>
					<visible>!Integer.IsGreater(PVR.backenddiskspaceprogr,100)</visible>
					<include>progressBarStyleDefault</include>
				</control>
				
			</control>
		</control>
		
		<include>ScrollOffsetLabel</include>
		
		<include>PVRHeader</include>
		
		<include>BehindDialogFadeOut</include>
		
		<control type="image">
			<left>0</left>
			<top>0</top>
			<width>1920</width>
			<height>1080</height>
			<texture>colors/black_70.png</texture>
			<animation effect="fade" time="300">Visible</animation>
			<animation effect="fade" time="150">Hidden</animation>
			<!--
			<visible>Window.IsActive(FileBrowser) | Window.IsActive(PVRGuideInfo) | Window.IsActive(PVRRecordingInfo) | Window.IsActive(PVRTimerSetting) | Window.IsActive(PVRGroupManager) | Window.IsActive(PVRGuideSearch)</visible>
			-->
			<visible>Window.IsActive(FileBrowser) | Window.IsActive(PVRTimerSetting) | Window.IsActive(PVRGroupManager) | Window.IsActive(PVRGuideSearch) | Window.IsActive(PVRChannelManager)</visible>
		</control>
		
		<include>PVRSideBlade</include>
		
		
		
		<include condition="Integer.IsLess(Window(Home).Property(CinemaHelper.GetSettingValue.lookandfeel.skinzoom),0) | !String.IsEqual(Skin.AspectRatio,16:9)">SkinOutOfBoundsMasks</include>
		
		
		
	<include condition="Skin.HasSetting(EnableSkinDebugOutput)">DebugOverlay</include><!-- WRAPPER STOP --></control><!-- WRAPPER STOP --></controls>
</window>
