<?xml version="1.0" encoding="UTF-8"?>
<window>
	
	<defaultcontrol always="true">100</defaultcontrol>
	
	<onload condition="!MusicPlayer.Content(LiveTV) + Player.PauseEnabled">SetFocus(602)</onload>
	<onload condition="!MusicPlayer.Content(LiveTV) + !Player.PauseEnabled">SetFocus(603)</onload>
	<onload condition="MusicPlayer.Content(LiveTV)">SetFocus(300)</onload>
	
	<include>dialogeffectSlower</include>
	
	<depth>DepthOSD</depth>
	
	<controls><!-- WRAPPER START --><control type="group"><centerleft>50%</centerleft><centertop>50%</centertop><width>1920</width><height>1080</height><!-- WRAPPER START -->
		
		
		
		<control type="group">
			
			
			<!-- Never show any MusicOSD if a slider is visible -->
			<visible>!Window.IsVisible(SliderDialog)</visible>
			
			
			<animation effect="fade" end="100" time="700">Visible</animation>
			<animation effect="fade" end="0" time="350">Hidden</animation>
			
			
			<control type="image" id="4010">
				<description>Seekbar focus border for mouse</description>
				<include>OSD_SeekBar_Focus_Dimensions</include>
				<texture border="14" colordiffuse="$VAR[accentColorDiffuseForNeutralTextures]">_added_img/focus_border_2px-rounded-12px-neutral.png</texture>
				<visible>Control.HasFocus(87) + System.GetBool(input.enablemouse) + ![Window.IsVisible(SliderDialog) | VideoPlayer.Content(LiveTV)] + [Window.IsActive(VideoOSD) | Window.IsActive(MusicOSD)]</visible>
			</control>
			
			
			<control type="slider" id="87">
				<depth>DepthOSD+</depth>
				<description>Seek Slider</description>
				<include>OSD_SeekBar_Mouse_Dimensions</include>
				<action>seek</action>
				<texturesliderbar></texturesliderbar>
				<textureslidernib></textureslidernib>
				<textureslidernibfocus></textureslidernibfocus>
				
				<visible>System.GetBool(input.enablemouse) + ![Window.IsVisible(SliderDialog) | MusicPlayer.Content(LiveTV)]</visible>
			</control>
			
			
			
			
			
			
			
			
			<!-- OSD buttons | LEFT side -->
			<control type="grouplist" id="100">
				<orientation>horizontal</orientation>
				<itemgap>0</itemgap>
				
				<left>239</left>
				<top>117r</top>
				
				<onleft>10199</onleft>
				<onright>10198</onright>
				
				<control type="button" id="10098">
					<description>Fake Button to fix Navigation</description>
					<visible>false</visible>
				</control>
				
				<control type="button" id="300">
					<include>OSD_Button_Dimensions</include>
					<label>210</label>
					<font />
					<include content="OSD_Button_Textures"><param name="texture" value="OSDChannelUP" /></include>
					<onclick>ChannelUp</onclick>
					<!-- PlayerControl(Previous) -->
					<visible>MusicPlayer.Content(LiveTV)</visible>
				</control>
				<control type="button" id="301">
					<include>OSD_Button_Dimensions</include>
					<label>209</label>
					<font />
					<include content="OSD_Button_Textures"><param name="texture" value="OSDChannelDown" /></include>
					<onclick>ChannelDown</onclick>
					<!-- PlayerControl(Next) -->
					<visible>MusicPlayer.Content(LiveTV)</visible>
				</control>
				<control type="button" id="600">
					<include>OSD_Button_Dimensions</include>
					<label>210</label>
					<font />
					<include content="OSD_Button_Textures"><param name="texture" value="OSDPrevTrack" /></include>
					<onclick>PlayerControl(Previous)</onclick>
					<visible>!MusicPlayer.Content(LiveTV)</visible>
				</control>
				<control type="button" id="601">
					<include>OSD_Button_Dimensions</include>
					<label>31354</label>
					<font />
					<include content="OSD_Button_Textures"><param name="texture" value="OSDRewind" /></include>
					<onclick>PlayerControl(Rewind)</onclick>
					<visible>Player.SeekEnabled + Skin.HasSetting(DisableFullScreenOsdButtonSimplicity)</visible>
				</control>
				<control type="togglebutton" id="602">
					<include>OSD_Button_Dimensions</include>
					<label>31351</label>
					<altlabel>208</altlabel>
					<font />
					
					<include content="OSD_Button_Textures"><param name="texture" value="OSDPause" /></include>
					
					<usealttexture>Player.Paused | Player.Forwarding | Player.Rewinding</usealttexture>
					
					<alttexturefocus>osd/buttons/OSDPlayFO.png</alttexturefocus>
					<alttexturenofocus>osd/buttons/OSDPlayNF.png</alttexturenofocus>
					
					<onup condition="Player.Playing">PlayerControl(TempoUp)</onup>
					<ondown condition="Player.Playing">PlayerControl(TempoDown)</ondown>
					
					<onclick>PlayerControl(Play)</onclick>
					<visible>Player.PauseEnabled</visible>
				</control>
				<control type="button" id="603">
					<include>OSD_Button_Dimensions</include>
					<label>31352</label>
					<font />
					<include content="OSD_Button_Textures"><param name="texture" value="OSDStop" /></include>
					<onclick>PlayerControl(Stop)</onclick>
				</control>
				<control type="button" id="604">
					<include>OSD_Button_Dimensions</include>
					<label>31353</label>
					<font />
					<include content="OSD_Button_Textures"><param name="texture" value="OSDForward" /></include>
					<onclick>PlayerControl(Forward)</onclick>
					<visible>Player.SeekEnabled + Skin.HasSetting(DisableFullScreenOsdButtonSimplicity)</visible>
				</control>
				<control type="button" id="605">
					<include>OSD_Button_Dimensions</include>
					<label>209</label>
					<font />
					<include content="OSD_Button_Textures"><param name="texture" value="OSDNextTrack" /></include>
					<onclick>PlayerControl(Next)</onclick>
					<visible>!MusicPlayer.Content(LiveTV)</visible>
				</control>
				
				
				<!-- Add a bit of space before subcontextual buttons -->
				<control type="image" id="1001">
					<width>24</width>
					<texture />
					<visible>MusicPlayer.Content(LiveTV)</visible>
				</control>
				
				
				<control type="button" id="306">
					<include>OSD_Button_Dimensions</include>
					<label>19019</label>
					<font />
					<include content="OSD_Button_Textures"><param name="texture" value="OSDChannelList" /></include>
					<onclick>Dialog.Close(MusicOSD)</onclick>
					<onclick>ActivateWindow(PVROSDChannels)</onclick>
					<visible>MusicPlayer.Content(LiveTV)</visible>
				</control>
				<control type="button" id="307">
					<include>OSD_Button_Dimensions</include>
					<label>$LOCALIZE[19029]$INFO[MusicPlayer.ChannelName, – ]</label>
					<font />
					<include content="OSD_Button_Textures"><param name="texture" value="OSDepg" /></include>
					<onclick>Dialog.Close(MusicOSD)</onclick>
					<onclick>ActivateWindow(PVRChannelGuide)</onclick>
					<visible>MusicPlayer.Content(LiveTV) + ![RDS.HasRadiotextPlus + !VideoPlayer.HasEpg]</visible>
				</control>
				<control type="button" id="308">
					<include>OSD_Button_Dimensions</include>
					<label>209</label>
					<font />
					<include content="OSD_Button_Textures"><param name="texture" value="OSDRadioRDS" /></include>
					<onclick>Dialog.Close(MusicOSD)</onclick>
					<onclick>ActivateWindow(PVRRadioRDSInfo)</onclick>
					<visible>MusicPlayer.Content(LiveTV) + [RDS.HasRadiotextPlus + !VideoPlayer.HasEpg]</visible>
				</control>
				<control type="group" id="699">
					<include>OSD_Button_Dimensions</include>
					<visible>!MusicPlayer.Content(LiveTV)</visible>
					<control type="button" id="606">
						<left>0</left>
						<top>0</top>
						<include>OSD_Button_Dimensions</include>
						<label>$LOCALIZE[486]$INFO[Playlist.Repeat, : ]</label>
						<font />
						<texturefocus></texturefocus>
						<texturenofocus></texturenofocus>
						<onleft>605</onleft>
						<onright>607</onright>
						<onclick>PlayerControl(Repeat)</onclick>
					</control>
					<control type="image">
						<left>0</left>
						<top>0</top>
						<include>OSD_Button_Dimensions</include>
						<texture>osd/buttons/OSDRepeatNF.png</texture>
						<visible>!Playlist.IsRepeat + !Playlist.IsRepeatOne</visible>
						<visible>!Control.HasFocus(606)</visible>
					</control>
					<control type="image">
						<left>0</left>
						<top>0</top>
						<include>OSD_Button_Dimensions</include>
						<texture>osd/buttons/OSDRepeatFO.png</texture>
						<visible>!Playlist.IsRepeat + !Playlist.IsRepeatOne</visible>
						<visible>Control.HasFocus(606)</visible>
					</control>
					<control type="image">
						<left>0</left>
						<top>0</top>
						<include>OSD_Button_Dimensions</include>
						<texture>osd/buttons/OSDRepeatOneNF.png</texture>
						<visible>Playlist.IsRepeatOne</visible>
						<visible>!Control.HasFocus(606)</visible>
					</control>
					<control type="image">
						<left>0</left>
						<top>0</top>
						<include>OSD_Button_Dimensions</include>
						<texture>osd/buttons/OSDRepeatOneFO.png</texture>
						<visible>Playlist.IsRepeatOne</visible>
						<visible>Control.HasFocus(606)</visible>
					</control>
					<control type="image">
						<left>0</left>
						<top>0</top>
						<include>OSD_Button_Dimensions</include>
						<texture>osd/buttons/OSDRepeatAllNF.png</texture>
						<visible>Playlist.IsRepeat</visible>
						<visible>!Control.HasFocus(606)</visible>
					</control>
					<control type="image">
						<left>0</left>
						<top>0</top>
						<include>OSD_Button_Dimensions</include>
						<texture>osd/buttons/OSDRepeatAllFO.png</texture>
						<visible>Playlist.IsRepeat</visible>
						<visible>Control.HasFocus(606)</visible>
					</control>
				</control>
				<control type="togglebutton" id="607">
					<include>OSD_Button_Dimensions</include>
					<label>$LOCALIZE[590]$INFO[Playlist.Random, : ]</label>
					<font />
					
					<include content="OSD_Button_Textures"><param name="texture" value="OSDRandomOff" /></include>
					
					<usealttexture>Playlist.IsRandom</usealttexture>
					
					<alttexturefocus>osd/buttons/OSDRandomOnFO.png</alttexturefocus>
					<alttexturenofocus>osd/buttons/OSDRandomOnNF.png</alttexturenofocus>
					
					<visible>!MusicPlayer.Content(LiveTV)</visible>
					<onclick>PlayerControl(Random)</onclick>
				</control>
				
				<control type="button" id="10099">
					<description>Fake Button to fix Navigation</description>
					<visible>false</visible>
				</control>
				
			</control>
			
			
			
			<!-- OSD buttons | RIGHT side -->
			<control type="grouplist" id="101">
				<orientation>horizontal</orientation>
				<itemgap>0</itemgap>
				
				<left>239</left>
				<top>117r</top>
				
				<width>1442</width>
				<align>right</align>
				
				<onleft>10099</onleft>
				<onright>10098</onright>
				
				<control type="button" id="10198">
					<description>Fake Button to fix Navigation</description>
					<visible>false</visible>
				</control>
				
				<!-- Record -->
				<control type="togglebutton" id="704">
					<include>OSD_Button_Dimensions</include>
					<label>264</label>
					<font />
					
					<include content="OSD_Button_Textures"><param name="texture" value="OSDRecordOff" /></include>
					
					<!-- PVR.IsRecordingPlayingChannel alttexture test -->
					<usealttexture>PVR.IsRecordingPlayingChannel</usealttexture>
					
					<alttexturefocus>osd/buttons/OSDRecordOnFO.png</alttexturefocus>
					<alttexturenofocus>osd/buttons/OSDRecordOnNF.png</alttexturenofocus>
					
					<onclick>PVR.ToggleRecordPlayingChannel</onclick>
					<visible>PVR.CanRecordPlayingChannel</visible>
				</control>
				
				<!-- Playlist -->
				<control type="button" id="700">
					<include>OSD_Button_Dimensions</include>
					<label>Playlist</label>
					<font />
					<include content="OSD_Button_Textures"><param name="texture" value="OSDplaylist" /></include>
					
					<onclick>Dialog.Close(all,true)</onclick>
					<onclick>ActivateWindow(MusicPlaylist)</onclick>
					
					<visible>!MusicPlayer.Content(LiveTV)</visible>
				</control>
				
				<!-- Lyrics -->
				<control type="button" id="701">
					<include>OSD_Button_Dimensions</include>
					<label>31128</label>
					<font />
					<include content="OSD_Button_Textures"><param name="texture" value="OSDLyrics" /></include>
					
					<onclick condition="!String.IsEmpty(Skin.String(LyricScript_Path))">RunScript($INFO[Skin.String(LyricScript_Path)])</onclick>
					
					<onclick condition="String.IsEmpty(Skin.String(LyricScript_Path))">Control.SetFocus(404)</onclick>
					<onclick condition="String.IsEmpty(Skin.String(LyricScript_Path))">Action(Select)</onclick>
					
					<visible>!MusicPlayer.Content(LiveTV)</visible>
				</control>
				
				<!-- My rating -->
				<control type="button" id="705">
					<include>OSD_Button_Dimensions</include>
					<label>15047</label>
					<font />
					<include content="OSD_Button_Textures"><param name="texture" value="OSDRate" /></include>
					<onclick>setrating</onclick>
					<visible>!MusicPlayer.Content(LiveTV) + !Pvr.IsPlayingRecording</visible>
				</control>
				
				<!-- More options -->
				<control type="button" id="777">
					<include>OSD_Button_Dimensions</include>
					<label>31026</label>
					<font />
					<include content="OSD_Button_Textures"><param name="texture" value="OSDMore" /></include>
					<onup>405</onup>
				</control>
				
				<!-- Vizualisation button id 500 click-dummy -->
				<control type="button" id="500">
					<visible>false</visible>
				</control>
				
				<control type="button" id="10199">
					<description>Fake Button to fix Navigation</description>
					<visible>false</visible>
				</control>
				
			</control>
			
			
			
		</control>
		
		
		
		
		
		
		<!-- SUB MENU 'More options' -->
		<control type="button" id="410">
			<description>Fake button for mouse control</description>
			
			<right>87</right>
			<bottom>108</bottom>
			<width>386</width>
			<height>431</height>
			
			<label />
			<font />
			<texturenofocus></texturenofocus>
			<texturefocus></texturefocus>
			
			<visible>Control.HasFocus(410) | Control.HasFocus(777) | ControlGroup(400).HasFocus | Control.HasFocus(401) | Control.HasFocus(402) | Control.HasFocus(403) | Control.HasFocus(404) | Control.HasFocus(405)</visible>
		</control>
		<control type="grouplist" id="400">
			<depth>DepthOSD+</depth>
			<orientation>vertical</orientation>
			<itemgap>0</itemgap>
			
			<visible>!Window.IsVisible(SliderDialog)</visible>
			
			<right>67</right>
			<bottom>17</bottom>
			<width>426</width>
			<height>522</height>
			
			<onleft>777</onleft>
			<onright>777</onright>
			<onup>777</onup>
			<ondown>777</ondown>
			
			<visible>Control.HasFocus(410) | Control.HasFocus(777) | ControlGroup(400).HasFocus | Control.HasFocus(401) | Control.HasFocus(402) | Control.HasFocus(403) | Control.HasFocus(404) | Control.HasFocus(405)</visible>
			<!--<include>VisibleFadeEffect</include>-->
			<include>VisibleFadeEffectFullscreenOSDSubMenu</include>
			
			<control type="group">
				<description>Header</description>
				<width>426</width>
				<height>83</height>
				<control type="image">
					<description>Header</description>
					<left>0</left>
					<top>0</top>
					<width>426</width>
					<height>83</height>
					<texture border="51,51,51,0">SubMenuBack-Header.png</texture>
				</control>
				<control type="label">
					<left>66</left>
					<top>48</top>
					<width>294</width>
					<height>24</height>
					<font>Light18</font>
					<label>31026</label>
					<textcolor>blue</textcolor>
					<align>center</align>
					<aligny>center</aligny>
				</control>
			</control>
			
			<control type="button" id="401">
				<description>Visualisation add-on</description>
				<include>OSD_SubMenu_Button_Dimensions</include>
				<font>Regular20</font>
				<label>$LOCALIZE[250] · $LOCALIZE[24000]</label>
				<textoffsetx>66</textoffsetx>
				<aligny>top</aligny>
				<textoffsety>9</textoffsety>
				<texturenofocus border="51,0,51,0">SubMenuBack-MiddleNF.png</texturenofocus>
				<texturefocus border="51,0,51,0">SubMenuBack-MiddleFO.png</texturefocus>
				
				<onclick>SendClick(500)</onclick>
				
			</control>
			<control type="button" id="402">
				<description>Visualisation settings</description>
				<include>OSD_SubMenu_Button_Dimensions</include>
				<font>Regular20</font>
				<label>$LOCALIZE[250] · $LOCALIZE[5]</label>
				<textoffsetx>66</textoffsetx>
				<aligny>top</aligny>
				<textoffsety>9</textoffsety>
				<texturenofocus border="51,0,51,0">SubMenuBack-MiddleNF.png</texturenofocus>
				<texturefocus border="51,0,51,0">SubMenuBack-MiddleFO.png</texturefocus>
				
				<onclick>Addon.Default.OpenSettings(xbmc.player.musicviz)</onclick>
				
				<enable>!String.IsEmpty(Visualisation.Name)</enable>
				
			</control>
			
			<control type="button" id="403">
				<description>Visualisation presets</description>
				<include>OSD_SubMenu_Button_Dimensions</include>
				<font>Regular20</font>
				<label>$LOCALIZE[250] · $LOCALIZE[13388]</label>
				<textoffsetx>66</textoffsetx>
				<aligny>top</aligny>
				<textoffsety>9</textoffsety>
				<texturenofocus border="51,0,51,0">SubMenuBack-MiddleNF.png</texturenofocus>
				<texturefocus border="51,0,51,0">SubMenuBack-MiddleFO.png</texturefocus>
				
				<onclick>ActivateWindow(visualisationpresetlist)</onclick>
				
				<enable>!String.IsEmpty(Visualisation.Name) + Visualisation.HasPresets</enable>
				
			</control>
			
			<control type="button" id="404">
				<description>Lyrics add-on</description>
				<include>OSD_SubMenu_Button_Dimensions</include>
				<font>Regular20</font>
				<label>$LOCALIZE[31128] · $LOCALIZE[24000]</label>
				<textoffsetx>66</textoffsetx>
				<aligny>top</aligny>
				<textoffsety>9</textoffsety>
				<texturenofocus border="51,0,51,0">SubMenuBack-MiddleNF.png</texturenofocus>
				<texturefocus border="51,0,51,0">SubMenuBack-MiddleFO.png</texturefocus>
				
				<onclick>Skin.SetAddon(LyricScript_Path,xbmc.python.lyrics)</onclick>
				
				<enable>!MusicPlayer.Content(LiveTV)</enable>
				
			</control>
			
			<control type="button" id="405">
				<description>Lyrics settings</description>
				<include>OSD_SubMenu_Button_Dimensions</include>
				<font>Regular20</font>
				<label>$LOCALIZE[24013] · $LOCALIZE[5]</label>
				<textoffsetx>66</textoffsetx>
				<aligny>top</aligny>
				<textoffsety>9</textoffsety>
				<texturenofocus border="51,0,51,0">SubMenuBack-MiddleNF.png</texturenofocus>
				<texturefocus border="51,0,51,0">SubMenuBack-MiddleFO.png</texturefocus>
				
				<onclick>Addon.OpenSettings($INFO[Skin.String(LyricScript_Path)])</onclick>
				
				<enable>!MusicPlayer.Content(LiveTV) + !String.IsEmpty(Skin.String(LyricScript_Path))</enable>
				
			</control>
			
			<control type="image" id="440">
				<description>Footer</description>
				<width>426</width>
				<height>51</height>
				<texture flipy="true" border="51,0,51,51">SubMenuBack-Header.png</texture>
			</control>
		</control>
		
		
		
		
		
		
		<control type="image">
			
			<!-- SkinOutOfBounds -->
			<include condition="Integer.IsLess(Window(Home).Property(CinemaHelper.GetSettingValue.lookandfeel.skinzoom),0) | !String.IsEqual(Skin.AspectRatio,16:9)">SkinOutOfBoundsBgDimensionsStandardVariant</include>
			
			<left>0</left>
			<top>0</top>
			<width>1920</width>
			<height>1080</height>
			
			<texture>colors/black_70.png</texture>
			<visible>Window.IsVisible(SelectDialog) | Window.IsVisible(OSDVideoSettings) | Window.IsVisible(OSDAudioSettings)</visible>
			<animation effect="fade" time="300">VisibleChange</animation>
		</control>
		
		
		
	<include condition="Skin.HasSetting(EnableSkinDebugOutput)">DebugOverlay</include><!-- WRAPPER STOP --></control><!-- WRAPPER STOP --></controls>
</window>
