<?xml version="1.0" encoding="UTF-8"?>
<window>
	<defaultcontrol always="true">6</defaultcontrol>
	<include>dialogeffect</include>
	<menucontrol>9000</menucontrol>
	<controls>
		<include>CommonBackground</include>
		<control type="image">
			<left>0</left>
			<top>0</top>
			<width>1920</width>
			<height>1080</height>
			<texture>colors/black.png</texture>
			<animation effect="fade" end="96" time="0" condition="true">Conditional</animation>
		</control>
		<control type="group">
			<top>15</top>
			<control type="label">
				<left>713</left>
				<top>68</top>
				<width>495</width>
				<height>45</height>
				<font>Regular21</font>
				<textcolor>blue</textcolor>
				<scroll>true</scroll>
				<align>center</align>
				<aligny>center</aligny>
				<label>$LOCALIZE[31061]</label>
			</control>
			<control type="group" id="9000">
				<left>713</left>
				<top>804</top>
				<control type="button" id="6">
					<description>Open Button</description>
					<left>15</left>
					<top>0</top>
					<width>465</width>
					<label>31055</label>
					<height>75</height>
					<textwidth>261</textwidth>
					<align>center</align>
					<aligny>center</aligny>
					<textcolor>grey2</textcolor>
					<focusedcolor>white</focusedcolor>
					<pulseonselect>false</pulseonselect>
					<onleft>30</onleft>
					<onright>100</onright>
					<onup>8</onup>
					<ondown>7</ondown>
					<include>ButtonInfoDialogsCommonValues</include>
				</control>
				<control type="button" id="7">
					<description>Save Button</description>
					<left>15</left>
					<top>78</top>
					<width>465</width>
					<label>31056</label>
					<height>75</height>
					<textwidth>261</textwidth>
					<align>center</align>
					<aligny>center</aligny>
					<textcolor>grey2</textcolor>
					<focusedcolor>white</focusedcolor>
					<pulseonselect>false</pulseonselect>
					<onleft>30</onleft>
					<onright>100</onright>
					<onup>6</onup>
					<ondown>8</ondown>
					<include>ButtonInfoDialogsCommonValues</include>
				</control>
				<control type="button" id="8">
					<description>Clear button</description>
					<left>15</left>
					<top>156</top>
					<width>465</width>
					<label>31057</label>
					<height>75</height>
					<textwidth>261</textwidth>
					<align>center</align>
					<aligny>center</aligny>
					<textcolor>grey2</textcolor>
					<focusedcolor>white</focusedcolor>
					<pulseonselect>false</pulseonselect>
					<onleft>30</onleft>
					<onright>100</onright>
					<onup>7</onup>
					<ondown>6</ondown>
					<include>ButtonInfoDialogsCommonValues</include>
				</control>
			</control>
			<control type="group">
				<visible>Control.HasFocus(50)</visible>
				<include>VisibleFadeEffect</include>
				<control type="image">
					<left>723</left>
					<top>135</top>
					<width>474</width>
					<height>300</height>
					<aspectratio>keep</aspectratio>
					<texture>$INFO[Container(50).ListItem.Icon]</texture>
					<fadetime>IconCrossfadeTime</fadetime>
				</control>
				<control type="textbox">
					<left>723</left>
					<top>453</top>
					<width>474</width>
					<height>327</height>
					<font>Regular17+</font>
					<align>center</align>
					<textcolor>white</textcolor>
					<pagecontrol></pagecontrol>
					<label>$INFO[Container(50).ListItem.Title,[COLOR=blue]$LOCALIZE[556]:[/COLOR] ,[CR]]$INFO[Container(50).ListItem.Artist,[COLOR=blue]$LOCALIZE[557]:[/COLOR] ,[CR]]$INFO[Container(50).ListItem.Album,[COLOR=blue]$LOCALIZE[558]:[/COLOR] ,[CR]]$INFO[Container(50).ListItem.Duration,[COLOR=blue]$LOCALIZE[555]:[/COLOR] ,[CR]]$INFO[Container(50).ListItem.Genre,[COLOR=blue]$LOCALIZE[515]:[/COLOR] ,[CR]]</label>
				</control>
			</control>
			<control type="group">
				<visible>Control.HasFocus(100)</visible>
				<include>VisibleFadeEffect</include>
				<control type="image">
					<left>723</left>
					<top>135</top>
					<width>474</width>
					<height>300</height>
					<aspectratio>keep</aspectratio>
					<texture>$INFO[Container(100).ListItem.Icon]</texture>
					<fadetime>IconCrossfadeTime</fadetime>
				</control>
				<control type="textbox">
					<left>723</left>
					<top>453</top>
					<width>474</width>
					<height>300</height>
					<font>Regular17+</font>
					<align>center</align>
					<textcolor>white</textcolor>
					<pagecontrol></pagecontrol>
					<label>$INFO[Container(100).ListItem.Title,[COLOR=blue]$LOCALIZE[556]:[/COLOR] ,[CR]]$INFO[Container(100).ListItem.Artist,[COLOR=blue]$LOCALIZE[557]:[/COLOR] ,[CR]]$INFO[Container(100).ListItem.Album,[COLOR=blue]$LOCALIZE[558]:[/COLOR] ,[CR]]$INFO[Container(100).ListItem.Duration,[COLOR=blue]$LOCALIZE[555]:[/COLOR] ,[CR]]$INFO[Container(100).ListItem.Genre,[COLOR=blue]$LOCALIZE[515]:[/COLOR] ,[CR]]</label>
				</control>
			</control>
		</control>
		<control type="group">
			<control type="label">
				<left>45</left>
				<top>75</top>
				<width>675</width>
				<height>45</height>
				<font>Regular21</font>
				<textcolor>white</textcolor>
				<scroll>true</scroll>
				<align>left</align>
				<aligny>center</aligny>
				<label>31058</label>
			</control>
			<control type="label">
				<description>number of files/pages in left list text label</description>
				<left>45</left>
				<top>57r</top>
				<width>615</width>
				<font>Regular17</font>
				<align>left</align>
				<scroll>true</scroll>
				<textcolor>grey</textcolor>
				<label>$INFO[Container(50).NumItems] $LOCALIZE[31025]</label>
			</control>
			<control type="list" id="50">
				<left>36</left>
				<top>150</top>
				<width>600</width>
				<height>812</height>
				<onleft>50</onleft>
				<onright>30</onright>
				<onup>50</onup>
				<ondown>50</ondown>
				<viewtype label="">list</viewtype>
				<pagecontrol>30</pagecontrol>
				<include>ScrollTimeOld</include>
				<itemlayout height="45" width="600">
					<control type="image">
						<left>0</left>
						<top>0</top>
						<width>600</width>
						<height>47</height>
						<texture border="6">MenuItemNF.png</texture>
					</control>
					<control type="label">
						<left>8</left>
						<top>0</top>
						<width>570</width>
						<height>45</height>
						<font>Regular17</font>
						<textcolor>grey2</textcolor>
						<selectedcolor>selected</selectedcolor>
						<align>left</align>
						<aligny>center</aligny>
						<info>ListItem.Label</info>
					</control>
					<control type="label">
						<left>53</left>
						<top>0</top>
						<width>540</width>
						<height>45</height>
						<font>Regular17</font>
						<textcolor>grey2</textcolor>
						<selectedcolor>selected</selectedcolor>
						<align>right</align>
						<aligny>center</aligny>
						<info>ListItem.Label2</info>
					</control>
				</itemlayout>
				<focusedlayout height="45" width="600">
					<control type="image">
						<left>0</left>
						<top>0</top>
						<width>600</width>
						<height>47</height>
						<texture border="6">MenuItemNF.png</texture>
						<visible>!Control.HasFocus(50)</visible>
					</control>
					<control type="image">
						<left>0</left>
						<top>0</top>
						<width>600</width>
						<height>47</height>
						<texture border="12">MenuItemFO-rounded-10px.png</texture>
						<visible>Control.HasFocus(50)</visible>
					</control>
					<control type="label">
						<left>8</left>
						<top>0</top>
						<width>570</width>
						<height>45</height>
						<font>Regular17</font>
						<textcolor>white</textcolor>
						<selectedcolor>selected</selectedcolor>
						<align>left</align>
						<aligny>center</aligny>
						<info>ListItem.Label</info>
					</control>
					<control type="label">
						<left>53</left>
						<top>0</top>
						<width>540</width>
						<height>45</height>
						<font>Regular17</font>
						<textcolor>white</textcolor>
						<selectedcolor>selected</selectedcolor>
						<align>right</align>
						<aligny>center</aligny>
						<info>ListItem.Label2</info>
					</control>
				</focusedlayout>
			</control>
			<control type="scrollbar" id="30">
				<left>660</left>
				<top>150</top>
				<include>scrollBarStyleDefaultWidth</include>
				<height>812</height>
				<onleft>50</onleft>
				<onright>9000</onright>
				<showonepage>false</showonepage>
				<include>scrollBarStyleDefault</include>
			</control>
		</control>
		<control type="group">
			<left>1200</left>
			<control type="label">
				<left>60</left>
				<top>75</top>
				<width>675</width>
				<height>45</height>
				<font>Regular21</font>
				<textcolor>white</textcolor>
				<scroll>true</scroll>
				<align>left</align>
				<aligny>center</aligny>
				<label>31059</label>
			</control>
			<control type="label">
				<description>Page Count Label</description>
				<left>210</left>
				<top>57r</top>
				<width>450</width>
				<height>30</height>
				<font>Regular18</font>
				<textcolor>grey</textcolor>
				<scroll>false</scroll>
				<align>right</align>
				<aligny>center</aligny>
				<label>$INFO[Container(100).NumItems] $LOCALIZE[31025]</label>
			</control>
			<control type="list" id="100">
				<left>51</left>
				<top>150</top>
				<width>600</width>
				<height>812</height>
				<onleft>9000</onleft>
				<onright>31</onright>
				<onup>100</onup>
				<ondown>100</ondown>
				<viewtype label="">list</viewtype>
				<pagecontrol>31</pagecontrol>
				<include>ScrollTimeOld</include>
				<itemlayout height="45" width="600">
					<control type="image">
						<left>0</left>
						<top>0</top>
						<width>600</width>
						<height>47</height>
						<texture border="6">MenuItemNF.png</texture>
					</control>
					<control type="label">
						<left>8</left>
						<top>0</top>
						<width>570</width>
						<height>45</height>
						<font>Regular17</font>
						<textcolor>grey2</textcolor>
						<selectedcolor>selected</selectedcolor>
						<align>left</align>
						<aligny>center</aligny>
						<info>ListItem.Label</info>
					</control>
					<control type="label">
						<left>53</left>
						<top>0</top>
						<width>540</width>
						<height>45</height>
						<font>Regular17</font>
						<textcolor>grey2</textcolor>
						<selectedcolor>selected</selectedcolor>
						<align>right</align>
						<aligny>center</aligny>
						<info>ListItem.Label2</info>
					</control>
				</itemlayout>
				<focusedlayout height="45" width="600">
					<control type="image">
						<left>0</left>
						<top>0</top>
						<width>600</width>
						<height>47</height>
						<texture border="6">MenuItemNF.png</texture>
						<visible>!Control.HasFocus(100)</visible>
					</control>
					<control type="image">
						<left>0</left>
						<top>0</top>
						<width>600</width>
						<height>47</height>
						<texture border="12">MenuItemFO-rounded-10px.png</texture>
						<visible>Control.HasFocus(100)</visible>
					</control>
					<control type="label">
						<left>8</left>
						<top>0</top>
						<width>570</width>
						<height>45</height>
						<font>Regular17</font>
						<textcolor>white</textcolor>
						<selectedcolor>selected</selectedcolor>
						<align>left</align>
						<aligny>center</aligny>
						<info>ListItem.Label</info>
					</control>
					<control type="label">
						<left>53</left>
						<top>0</top>
						<width>540</width>
						<height>45</height>
						<font>Regular17</font>
						<textcolor>white</textcolor>
						<selectedcolor>selected</selectedcolor>
						<align>right</align>
						<aligny>center</aligny>
						<info>ListItem.Label2</info>
					</control>
				</focusedlayout>
			</control>
			<control type="scrollbar" id="31">
				<left>675</left>
				<top>150</top>
				<include>scrollBarStyleDefaultWidth</include>
				<height>812</height>
				<onleft>100</onleft>
				<onright>31</onright>
				<showonepage>false</showonepage>
				<include>scrollBarStyleDefault</include>
			</control>
		</control>
		<include content="CommonWindowHeader">
			<param name="Icon" value="icon_music" />
			<param name="Label" value="$LOCALIZE[10503]" />
		</include>
	</controls>
</window>
