<?xml version="1.0" encoding="UTF-8"?>
<window>
	<defaultcontrol always="true">10</defaultcontrol>
	<include>dialogeffect</include>
	<controls>
		
		<control type="group">
		<centerleft>50%</centerleft>
		<centertop>49%</centertop>
		<width>1200</width>
		<height>770</height>
		
		<include content="DialogBackgroundCommons">
			<param name="DialogBackgroundWidth" value="1240" />
			<param name="DialogBackgroundHeight" value="810" />
			<param name="DialogHeaderWidth" value="1180" />
			<param name="DialogHeaderLabelWidth" value="1136" />
			<param name="DialogHeaderLabel" value="$LOCALIZE[13406]" />
			<param name="DialogHeaderId" value="2" />
		</include>
		<control type="label">
			<description>path label</description>
			<left>30</left>
			<top>97</top>
			<width>1140</width>
			<height>45</height>
			<align>center</align>
			<aligny>center</aligny>
			<font>Light20</font>
			<label>1021</label>
			<textcolor>blue</textcolor>
		</control>
		<control type="list" id="10">
			<left>45</left>
			<top>158</top>
			<width>788</width>
			<height>345</height>
			<onup>noop</onup>
			<onleft>noop</onleft>
			<onright>11</onright>
			<ondown>12</ondown>
			<pagecontrol>60</pagecontrol>
			<include>ScrollTimeOld</include>
			<itemlayout height="69">
				<control type="image">
					<left>0</left>
					<top>0</top>
					<width>788</width>
					<height>60</height>
					<texture border="14">button.png</texture>
				</control>
				<control type="label">
					<left>15</left>
					<top>0</top>
					<width>758</width>
					<height>60</height>
					<font>Regular20</font>
					<align>left</align>
					<aligny>center</aligny>
					<textcolor>grey2</textcolor>
					<selectedcolor>selected</selectedcolor>
					<info>ListItem.Label</info>
				</control>
			</itemlayout>
			<focusedlayout height="69">
				<control type="image">
					<left>0</left>
					<top>0</top>
					<width>788</width>
					<height>60</height>
					<visible>!Control.HasFocus(10)</visible>
					<texture border="14">button.png</texture>
				</control>
				<control type="image">
					<left>0</left>
					<top>0</top>
					<width>788</width>
					<height>60</height>
					<visible>Control.HasFocus(10)</visible>
					<texture border="14" colordiffuse="$VAR[accentColorDiffuseForNeutralTextures]">button-focus-neutral.png</texture>
				</control>
				<control type="label">
					<left>15</left>
					<top>0</top>
					<width>758</width>
					<height>60</height>
					<font>Regular20</font>
					<align>left</align>
					<aligny>center</aligny>
					<textcolor>grey2</textcolor>
					<selectedcolor>selected</selectedcolor>
					<info>ListItem.Label</info>
					<scroll>false</scroll>
					<visible>!Control.HasFocus(10)</visible>
				</control>
				<control type="label">
					<left>15</left>
					<top>0</top>
					<width>758</width>
					<height>60</height>
					<font>Regular20</font>
					<align>left</align>
					<aligny>center</aligny>
					<selectedcolor>selected</selectedcolor>
					<info>ListItem.Label</info>
					<visible>Control.HasFocus(10)</visible>
				</control>
			</focusedlayout>
		</control>
		<control type="scrollbar" id="60">
			<left>846</left>
			<top>158</top>
			<include>scrollBarStyleDefaultWidth</include>
			<height>336</height>
			<onup>noop</onup>
			<onleft>10</onleft>
			<onright>11</onright>
			<ondown>noop</ondown>
			<showonepage>false</showonepage>
			<include>scrollBarStyleDefault</include>
		</control>
		<control type="group" id="9000">
			<left>870</left>
			<top>158</top>
			<control type="button" id="11">
				<description>Browse Button</description>
				<left>0</left>
				<top>0</top>
				<width>285</width>
				<height>60</height>
				<label>1024</label>
				<font>Regular19</font>
				<align>center</align>
				<aligny>center</aligny>
				<include>ButtonInfoDialogsCommonValues</include>
				<onup>noop</onup>
				<onleft>10</onleft>
				<onright>noop</onright>
				<ondown>13</ondown>
			</control>
			<control type="button" id="13">
				<description>Add Path Button</description>
				<left>0</left>
				<top>69</top>
				<width>285</width>
				<height>60</height>
				<label>15019</label>
				<font>Regular19</font>
				<align>center</align>
				<aligny>center</aligny>
				<include>ButtonInfoDialogsCommonValues</include>
				<onup>11</onup>
				<onleft>10</onleft>
				<onright>noop</onright>
				<ondown>14</ondown>
			</control>
			<control type="button" id="14">
				<description>Remove Path Button</description>
				<left>0</left>
				<top>138</top>
				<width>285</width>
				<height>60</height>
				<label>1210</label>
				<font>Regular19</font>
				<align>center</align>
				<aligny>center</aligny>
				<include>ButtonInfoDialogsCommonValues</include>
				<onup>13</onup>
				<onleft>10</onleft>
				<onright>noop</onright>
				<ondown>12</ondown>
			</control>
		</control>
		<control type="label">
			<description>Name label</description>
			<left>45</left>
			<top>503</top>
			<width>1110</width>
			<height>45</height>
			<align>center</align>
			<aligny>center</aligny>
			<font>Light20</font>
			<label>1022</label>
			<textcolor>blue</textcolor>
		</control>
		<control type="edit" id="12">
			<description>Name Button</description>
			<left>45</left>
			<top>559</top>
			<width>1110</width>
			<height>69</height>
			<align>center</align>
			<aligny>center</aligny>
			<label></label>
			<font>Regular21</font>
			<texturefocus border="14" colordiffuse="$VAR[accentColorDiffuseForNeutralTextures]">button-focus-neutral.png</texturefocus>
			<texturenofocus border="14">button.png</texturenofocus>
			<onup>10</onup>
			<onleft>noop</onleft>
			<onright>noop</onright>
			<ondown condition="Control.IsEnabled(18)">18</ondown>
			<ondown condition="!Control.IsEnabled(18)">19</ondown>
		</control>
		<control type="group" id="9001">
			<left>285</left>
			<top>663</top>
			<control type="button" id="18">
				<description>Ok Button</description>
				<left>0</left>
				<top>0</top>
				<width>300</width>
				<height>67</height>
				<align>center</align>
				<aligny>center</aligny>
				<include>ButtonInfoDialogsCommonValues</include>
				<label>186</label>
				<onup>12</onup>
				<onleft>noop</onleft>
				<onright>19</onright>
				<ondown>noop</ondown>
			</control>
			<control type="button" id="19">
				<description>Cancel Button</description>
				<left>315</left>
				<top>0</top>
				<width>300</width>
				<height>67</height>
				<align>center</align>
				<aligny>center</aligny>
				<include>ButtonInfoDialogsCommonValues</include>
				<label>222</label>
				<onup>12</onup>
				<onleft>18</onleft>
				<onright>noop</onright>
				<ondown>noop</ondown>
			</control>
		</control>
		
		</control>
		
	<include condition="Skin.HasSetting(EnableSkinDebugOutput)">DebugOverlay</include></controls>
</window>
