<?xml version="1.0" encoding="UTF-8"?>
<window type="dialog">
	<defaultcontrol always="true">3</defaultcontrol>
	<depth>DepthDialog+</depth>
	<controls>
		<include condition="[Window.IsVisible(GameStretchMode) | Window.IsVisible(GameVideoFilter) | Window.IsVisible(GameVideoRotation)] + ![Window.IsVisible(GameSaves) | Window.IsVisible(InGameSaves)]">GameDialogSelectLayout</include>
		<include condition="![Window.IsVisible(GameStretchMode) | Window.IsVisible(GameVideoFilter) | Window.IsVisible(GameVideoRotation) | Window.IsVisible(InGameSaves)] + Window.IsVisible(GameSaves)">GameDialogGameSavesLayout</include>
		<include condition="![Window.IsVisible(GameStretchMode) | Window.IsVisible(GameVideoFilter) | Window.IsVisible(GameVideoRotation) | Window.IsVisible(GameSaves)] + Window.IsVisible(InGameSaves)">GameDialogInGameSavesLayout</include>
		<include condition="![Window.IsVisible(GameStretchMode) | Window.IsVisible(GameVideoFilter) | Window.IsVisible(GameVideoRotation) | Window.IsVisible(GameSaves) | Window.IsVisible(InGameSaves)]">DefaultDialogSelectLayout</include>
	<include condition="Skin.HasSetting(EnableSkinDebugOutput)">DebugOverlay</include></controls>
</window>
