<?xml version="1.0" encoding="UTF-8"?>
<window type="dialog" id="1107">
	<defaultcontrol always="true">9001</defaultcontrol>
	<include>dialogeffect</include>
	<coordinates>
		<left>0</left>
		<top>0</top>
	</coordinates>
	<controls>
		<control type="button" id="9001">
			<description>Make sure we hit the first button in the group list and not the close window button</description>
			<left>-16</left>
			<top>-16</top>
			<width>4</width>
			<height>4</height>
			<label>-</label>
			<font>-</font>
			<onfocus>down</onfocus>
			<texturefocus>-</texturefocus>
			<texturenofocus>-</texturenofocus>
			<onleft>9000</onleft>
			<onright>9000</onright>
			<onup>9000</onup>
			<ondown>Control.SetFocus(2,0)</ondown>
		</control>
		
		<include>BehindDialogDarkBackground</include>
		
		<control type="group" id="9000">
			
			<animation effect="slide" end="0,30" time="0" condition="!System.hasAddon(plugin.video.amazon-test)">Conditional</animation>
			
			<left>305</left>
			<top>200</top>
			<width>670</width>
			
			<control type="group">
				<width>340</width>
				<height>30</height>
				
				
				<control type="image" id="999">
					<description>background image</description>
					<left>0</left>
					<top>0</top>
					<width>670</width>
					<height>280</height>
					<texture border="20">DialogBack.png</texture>
					<visible>!System.hasAddon(plugin.video.amazon-test)</visible>
				</control>
				<control type="image" id="999">
					<description>background image</description>
					<left>0</left>
					<top>0</top>
					<width>670</width>
					<height>340</height>
					<texture border="20">DialogBack.png</texture>
					<visible>System.hasAddon(plugin.video.amazon-test)</visible>
				</control>
				
				<control type="button" id="20">
					<description>Close Window button</description>
					<left>580</left>
					<top>6</top>
					<width>64</width>
					<height>32</height>
					<label>-</label>
					<font>-</font>
					<onclick>PreviousMenu</onclick>
					<texturefocus>DialogCloseButton-focus.png</texturefocus>
					<texturenofocus>DialogCloseButton.png</texturenofocus>
					<onleft>2</onleft>
					<onright>13</onright>
					<onup>13</onup>
					<ondown>2</ondown>
					<visible>System.GetBool(input.enablemouse)</visible>
					<!--<hitrect x="580" y="6" w="64" h="24" />-->
				</control>
			</control>
			
			
			<control type="group">
				<left>200</left>
				<control type="image">
					<description>Search Icon</description>
					<left>54</left>
					<top>24</top>
					<width>26</width>
					<height>26</height>
					<aspectratio>keep</aspectratio>
					<texture colordiffuse="FFebb217">icon_search_large.png</texture>
				</control>
				<control type="label">
					<left>88</left>
					<top>22</top>
					<width>252</width><!-- 340 -->
					<height>30</height>
					<font>Regular22</font>
					<textcolor>selected</textcolor>
					<selectedcolor>selected</selectedcolor>
					<align>left</align>
					<aligny>center</aligny>
					<label>$LOCALIZE[137]...</label>
				</control>
			</control>
			
			
			
			<control type="panel" id="2">
				<left>30</left>
				<top>70</top>
				<width>613</width>
				<height>249</height>
				<pagecontrol>-</pagecontrol>
				<scrolltime>0</scrolltime>
				
				<itemlayout height="62" width="306">
				
					<control type="group">
					
						<control type="image">
							<left>0</left>
							<top>0</top>
							<width>304</width>
							<height>60</height>
							<texture border="5">button-nofocus.png</texture>
						</control>
						
						<control type="image">
							<left>16</left>
							<top>14</top>
							<width>32</width>
							<height>32</height>
							<texture>$INFO[ListItem.Icon]</texture>
							<animation effect="fade" start="100" end="70" time="0" condition="true">Conditional</animation>
							<animation effect="fade" start="70" end="25" time="0" condition="[[!IsEmpty(ListItem.Property(pvrtv)) + !Pvr.HasTVChannels] | [!IsEmpty(ListItem.Property(pvrradio)) + !Pvr.HasRadioChannels]]">Conditional</animation>
						</control>
						
						<control type="label">
							<left>70</left>
							<top>0</top>
							<width>230</width>
							<height>60</height>
							<font>Regular21</font>
							<textcolor>grey2</textcolor>
							<align>left</align>
							<aligny>center</aligny>
							<label>$INFO[ListItem.Label]</label>
							<description>$INFO[ListItem.Label2]</description>
							<animation effect="fade" start="100" end="25" time="0" condition="[[!IsEmpty(ListItem.Property(pvrtv)) + !Pvr.HasTVChannels] | [!IsEmpty(ListItem.Property(pvrradio)) + !Pvr.HasRadioChannels]]">Conditional</animation>
						</control>
						
						<animation effect="fade" start="100" end="75" time="0" condition="[[!IsEmpty(ListItem.Property(pvrtv)) + !Pvr.HasTVChannels] | [!IsEmpty(ListItem.Property(pvrradio)) + !Pvr.HasRadioChannels]]">Conditional</animation>
						
					</control>
					
				</itemlayout>
				
				<focusedlayout height="62" width="306">
					
					<control type="group">
						
						<control type="image">
							<left>0</left>
							<top>0</top>
							<width>304</width>
							<height>60</height>
							<texture border="5">button-focus.png</texture>
						</control>
						<control type="image">
							<left>0</left>
							<top>0</top>
							<width>304</width>
							<height>60</height>
							<texture border="5">button-focus.png</texture>
							<animation effect="fade" start="100" end="30" time="0" condition="true">Conditional</animation>
							<visible>![[!IsEmpty(ListItem.Property(pvrtv)) + !Pvr.HasTVChannels] | [!IsEmpty(ListItem.Property(pvrradio)) + !Pvr.HasRadioChannels]]</visible>
						</control>
						
						<control type="image">
							<left>16</left>
							<top>14</top>
							<width>32</width>
							<height>32</height>
							<texture>$INFO[ListItem.Icon]</texture>
							<animation effect="fade" start="100" end="25" time="0" condition="[[!IsEmpty(ListItem.Property(pvrtv)) + !Pvr.HasTVChannels] | [!IsEmpty(ListItem.Property(pvrradio)) + !Pvr.HasRadioChannels]]">Conditional</animation>
						</control>
						
						<control type="label">
							<left>70</left>
							<top>0</top>
							<width>230</width>
							<height>60</height>
							<font>Regular21</font>
							<textcolor>white</textcolor>
							<align>left</align>
							<aligny>center</aligny>
							<label>$INFO[ListItem.Label]</label>
							<description>$INFO[ListItem.Label2]</description>
							<animation effect="fade" start="100" end="25" time="0" condition="[[!IsEmpty(ListItem.Property(pvrtv)) + !Pvr.HasTVChannels] | [!IsEmpty(ListItem.Property(pvrradio)) + !Pvr.HasRadioChannels]]">Conditional</animation>
						</control>
						
						<animation effect="fade" start="100" end="75" time="0" condition="[[!IsEmpty(ListItem.Property(pvrtv)) + !Pvr.HasTVChannels] | [!IsEmpty(ListItem.Property(pvrradio)) + !Pvr.HasRadioChannels]]">Conditional</animation>
						
					</control>
					
				</focusedlayout>
				

				<content>
					<item>
						<label>$LOCALIZE[1212] $LOCALIZE[14022]</label>
						<label2>Search Video Library</label2>
						<icon>_added_img/icon_video_files.png</icon>
						
						<onclick>Dialog.Close(all)</onclick>
						<onclick>ActivateWindow(Videos,return)</onclick>
						<onclick>VideoLibrary.Search</onclick>
					</item>
					<item>
						<label>$LOCALIZE[1211] $LOCALIZE[14022]</label>
						<label2>Search Music Library</label2>
						<icon>icon_music.png</icon>
						
						<onclick>Dialog.Close(all)</onclick>
						<onclick>ActivateWindow(Music,return)</onclick>
						<onclick>SendClick(10502,8)</onclick>
					</item>
					<item>
						<label>The Movie DB</label>
						<label2>Search TheMovieDb</label2>
						<icon>_added_img/search/tmdb.png</icon>
						
						<onclick>Dialog.Close(all)</onclick>
						<onclick condition="!System.hasAddon(script.extendedinfo)">Notification(Addon required,Install and enable "script.extendedinfo")</onclick>
						<onclick condition="System.hasAddon(script.extendedinfo)">RunScript(script.extendedinfo,info=moviedbbrowser,search=True)</onclick>
					</item>
					<item>
						<label>$LOCALIZE[19020] - EPG</label>
						<label2>Search PVR TV</label2>
						<icon>_added_img/icon_pvr.png</icon>
						
						<onclick condition="Pvr.HasTVChannels">Dialog.Close(all)</onclick>
						<onclick condition="Pvr.HasTVChannels">ActivateWindow(TVSearch)</onclick>
						
						<property name="pvrtv">true</property>
					</item>
						<item>
						<label>YouTube</label>
						<label2>Search YouTube</label2>
						<icon>_added_img/search/youtube.png</icon>
						
						<onclick>Dialog.Close(all)</onclick>
						<onclick condition="!System.hasAddon(plugin.video.youtube)">Notification(Addon required,Install and enable "video.youtube")</onclick>
						<onclick condition="System.hasAddon(plugin.video.youtube)">ActivateWindow(Videos,plugin://plugin.video.youtube/kodion/search/list/,return)</onclick>
					</item>
					<item>
						<label>$LOCALIZE[19021] - EPG</label>
						<label2>Search PVR Radio</label2>
						<icon>_added_img/icon_pvr.png</icon>
						
						<onclick condition="Pvr.HasRadioChannels">Dialog.Close(all)</onclick>
						<onclick condition="Pvr.HasRadioChannels">ActivateWindow(RadioSearch)</onclick>
						
						<property name="pvrradio">true</property>
					</item>
					<item>
						<label>Amazon VOD</label>
						<label2>Search Amazon VOD</label2>
						<icon>_added_img/search/amazon-vod.png</icon>
						
						<onclick>Dialog.Close(all)</onclick>
						<onclick>ActivateWindow(10025,plugin://plugin.video.amazon-test/?cat=Browse&amp;mode=Search&amp;opt&amp;page=1/url,return)</onclick>
						
						<visible>System.hasAddon(plugin.video.amazon-test)</visible>
					</item>
				</content>
				
				
				
			</control>
			
			
			
		</control>
	</controls>
</window>
