<?xml version="1.0" encoding="UTF-8"?>
<window>
	<defaultcontrol always="true">51</defaultcontrol>
	<menucontrol>7000</menucontrol>
	<views>51,52,510,50,901,500,550,908,909,910,551,560,508,509,504,503,515,505,511</views>
	<onload condition="!Skin.HasSetting(FirstTimeRun)">ActivateWindow(1112)</onload>
	<onload condition="!String.IsEmpty(Window(home).Property(OSDinfodialogButtonActive))">ClearProperty(OSDinfodialogButtonActive,home)</onload>
	
	<controls><!-- WRAPPER START --><control type="group"><centerleft>50%</centerleft><centertop>50%</centertop><width>1920</width><height>1080</height><!-- WRAPPER START -->
		
		
		
		<include>CommonBackground</include>
		<include>ContentPanelBackgrounds</include>
		
		<control type="group">
			<include>Window_OpenClose_Animation</include>
			<!-- view id = 51 -->
			<include>FullWidthList</include>
			
			<!-- view id = 52 -->
			<include>ModernView</include>
			<!-- view id = 510 -->
			<include>EpisodesView</include>
			
			<!-- view id = 50 -->
			<include>CommonRootView</include>
			<!-- 901 -->
			<include>TextView</include>
			<!-- 902 -->
			<include>SeasonsView</include>
			
			<!-- view id = 500, 908, 909, 910 -->
			<!-- WALL VIEWS -->
			<include>WallView2X</include>
			<include>WallView3X</include>
			<include>WallView4X</include>
			<include>WallView5X</include>
			
			<!-- view id = 501 -->
			<!-- bad view PosterWrapView removed and replaced by new fanart view -->
			
			<!-- view id = 508 -->
			<!-- NEW MODERN FANART -->
			<include>PosterWrapView2_Fanart</include>
			
			<!-- view id = 503 -->
			<include condition="Skin.HasSetting(ViewTypesShowLegacy)">MediaListView3</include>
			<!-- view id = 504 -->
			<include condition="Skin.HasSetting(ViewTypesShowLegacy) | !String.IsEmpty(Container.PluginName)">MediaListView2</include>
			<!-- view id = 515 -->
			<include condition="Skin.HasSetting(ViewTypesShowLegacy)">MediaListView4</include>
			<!-- view id = 505 -->
			<include condition="Skin.HasSetting(ViewTypesShowLegacy)">WideIconView</include>
			<!-- view id = 511 -->
			
		</control>
		
		<!--<include>ScrollOffsetLabel</include>-->
		
		
		<!-- MOVIES -->
		<control type="group">
			<control type="group">
				<include content="CommonWindowHeader">
					<param name="Icon" value="icon_movies" />
					<param name="Label" value="$VAR[BreadcrumbsVideoVar]" />
				</include>
				<visible>String.IsEmpty(Container.PluginName) + 
				[String.IsEqual(Container.Content,Movies) | String.StartsWith(Container.FolderPath,library://video/movies/) | String.StartsWith(Container.FolderPath,videodb://movies)]</visible>
			</control>
			<visible>![Control.IsVisible(508) | Control.IsVisible(500) | Control.IsVisible(909) | Control.IsVisible(910) | Control.IsVisible(908)] | [!String.IsEqual(Container.Content,Movies) + !String.IsEqual(Container.Content,TvShows) + !String.IsEqual(Container.Content,Sets) + !String.IsEqual(Container.Content,Actors) + !String.IsEqual(Container.Content,MusicVideos)]</visible>
		</control>
		
		<!-- TV SHOWS -->
		<control type="group">
			<control type="group">
				<include content="CommonWindowHeader">
					<param name="Icon" value="icon_tvshows" />
					<param name="Label" value="$VAR[BreadcrumbsVideoVar]" />
				</include>
				<visible>String.IsEmpty(Container.PluginName) + 
								[String.IsEqual(Container.Content,TvShows) 
								| String.IsEqual(Container.Content,Seasons) 
								| String.IsEqual(Container.Content,Episodes) 
								| String.StartsWith(Container.FolderPath,library://video/tvshows/) 
								| String.StartsWith(Container.FolderPath,videodb://tvshows)]</visible>
			</control>
			<visible>![Control.IsVisible(508) | Control.IsVisible(500) | Control.IsVisible(909) | Control.IsVisible(910) | Control.IsVisible(908)] | [!String.IsEqual(Container.Content,Movies) + !String.IsEqual(Container.Content,TvShows) + !String.IsEqual(Container.Content,Seasons) + !String.IsEqual(Container.Content,Sets) + !String.IsEqual(Container.Content,Actors) + !String.IsEqual(Container.Content,MusicVideos)]</visible>
		</control>
		
		<!-- MUSIC VIDEOS -->
		<control type="group">
			<control type="group">
				<include content="CommonWindowHeader">
					<param name="Icon" value="icon_music" />
					<param name="Label" value="$VAR[BreadcrumbsVideoVar]" />
				</include>
				<visible>String.IsEmpty(Container.PluginName) + 
								[String.IsEqual(Container.Content,MusicVideos) 
								| String.StartsWith(Container.FolderPath,library://video/musicvideos/) 
								| String.StartsWith(Container.FolderPath,videodb://musicvideos)]</visible>
			</control>
			<visible>![Control.IsVisible(508) | Control.IsVisible(500) | Control.IsVisible(909) | Control.IsVisible(910) | Control.IsVisible(908)] | [!String.IsEqual(Container.Content,Movies) + !String.IsEqual(Container.Content,TvShows) + !String.IsEqual(Container.Content,Sets) + !String.IsEqual(Container.Content,Actors) + !String.IsEqual(Container.Content,MusicVideos)]</visible>
		</control>
		
		<!-- VIDEO FILES -->
		<control type="group">
			<include content="CommonWindowHeader">
				<param name="Icon" value="icon_videos" />
				<param name="Label" value="$VAR[BreadcrumbsVideoVar]" />
			</include>
			<visible>!String.IsEmpty(Container.PluginName) | 
							[!String.IsEqual(Container.Content,Movies) 
							+ !String.IsEqual(Container.Content,Sets) 
							+ !String.IsEqual(Container.Content,TvShows) 
							+ !String.IsEqual(Container.Content,Seasons) 
							+ !String.IsEqual(Container.Content,Episodes) 
							+ !String.IsEqual(Container.Content,MusicVideos) 
							+ !String.StartsWith(Container.FolderPath,library://video/movies/) 
							+ !String.StartsWith(Container.FolderPath,videodb://movies) 
							+ !String.StartsWith(Container.FolderPath,library://video/tvshows/) 
							+ !String.StartsWith(Container.FolderPath,videodb://tvshows)
							+ !String.StartsWith(Container.FolderPath,library://video/musicvideos/)
							+ !String.StartsWith(Container.FolderPath,videodb://musicvideos)]</visible>
		</control>
		
		<include>BehindDialogFadeOut</include>
		
		
		<control type="group">
			
			<left>-429</left>
			
			<include>SideBladeLeft</include>
			
			<control type="grouplist" id="7000">
				
				<include>SideBladeLeftFadeInAni</include>
				
				<left>24</left>
				<top>90</top>
				<width>375</width>
				<height>975</height>
				<onleft>7000</onleft>
				<onright>50</onright>
				<onup>7000</onup>
				<ondown>7000</ondown>
				<onback>50</onback>
				<itemgap>0</itemgap>
				
				<control type="button" id="204">
					<description>Get more</description>
					<textwidth>353</textwidth>
					<include>ButtonCommonValues</include>
					<label>21452</label>
					<onclick>ActivateWindow(AddonBrowser,addons://more/video/,return)</onclick>
					<visible>String.IsEqual(Container.Content,Addons)</visible>
				</control>
				<control type="togglebutton" id="985427">
					<description>Clean Library</description>
					<include>ButtonCommonValues</include>
					<label>334</label>
					<onclick>CleanLibrary(video)</onclick>
					<alttexturefocus border="14" colordiffuse="$VAR[accentColorDiffuseForNeutralTextures]">button-focus-neutral.png</alttexturefocus>
					<alttexturenofocus></alttexturenofocus>
					<usealttexture>library.isscanningvideo</usealttexture>
				</control>
				<control type="togglebutton" id="20">
					<description>Update library</description>
					<textwidth>353</textwidth>
					<include>ButtonCommonValues</include>
					<label>653</label>
					<altlabel>13353</altlabel>
					<alttexturefocus border="14" colordiffuse="$VAR[accentColorDiffuseForNeutralTextures]">button-focus-neutral.png</alttexturefocus>
					<alttexturenofocus></alttexturenofocus>
					<usealttexture>library.isscanningvideo</usealttexture>
				</control>
				<control type="button" id="8">
					<description>Search</description>
					<include>ButtonCommonValues</include>
					<label>137</label>
				</control>
				
				
				
				<control type="label" id="200">
					<width>375</width>
					<height>53</height>
					<font>Light18</font>
					<label>31006</label>
					<textcolor>blue</textcolor>
					<align>center</align>
					<aligny>center</aligny>
				</control>
				
				<control type="button" id="2">
					<description>View As button</description>
					<textwidth>353</textwidth>
					<include>ButtonCommonValues</include>
					<label></label>
				</control>
				
				<include>WallViewsHigherDensitySidebarButton</include>
				
				<control type="button" id="3">
					<description>Sort by button</description>
					<include>ButtonCommonValues</include>
					<label>103</label>
				</control>
				<control type="togglebutton" id="4">
					<description>Sort asc</description>
					<include>ButtonCommonValues</include>
					<alttexturefocus border="14" colordiffuse="$VAR[accentColorDiffuseForNeutralTextures]">button-focus-neutral.png</alttexturefocus>
					<alttexturenofocus></alttexturenofocus>
					<label>31051</label>
					<altlabel>31050</altlabel>
					<usealttexture>Container.SortDirection(Ascending)</usealttexture>
				</control>
				<control type="edit" id="19">
					<visible>Container.CanFilter + !Container.CanFilterAdvanced</visible>
					<description>Filter</description>
					<textwidth>345</textwidth>
					<include>ButtonCommonValues</include>
					<label>587</label>
				</control>
				<control type="radiobutton" id="98">
					<visible>Container.CanFilterAdvanced</visible>
					<description>Filter</description>
					<include>ButtonCommonValues</include>
					<label>587</label>
					<selected>Container.Filtered</selected>
					<onclick>right</onclick>
					<onclick>Filter</onclick>
				</control>
				<control type="radiobutton" id="14">
					<description>Watched Toggle</description>
					<textwidth>255</textwidth>
					<include>ButtonCommonValues</include>
					<label>20367</label>
					<enable>String.IsEmpty(Container.PluginName) + [String.IsEqual(Container.Content,Movies) | String.IsEqual(Container.Content,TvShows) | String.IsEqual(Container.Content,Episodes) | String.IsEqual(Container.Content,MusicVideos)]</enable>
				</control>
				
				<control type="radiobutton" id="100">
					<textwidth>255</textwidth>
					<include>ButtonCommonValues</include>
					<label>Show ratings</label>
					<onclick>Skin.ToggleSetting(HideVideoRatings)</onclick>
					<selected>!Skin.HasSetting(HideVideoRatings)</selected>
					<enable>String.IsEmpty(Container.PluginName) + [String.IsEqual(Container.Content,Movies) | String.IsEqual(Container.Content,TvShows) | String.IsEqual(Container.Content,Episodes) | String.IsEqual(Container.Content,MusicVideos)]</enable>
				</control>
				<control type="radiobutton" id="101">
					<textwidth>255</textwidth>
					<include>ButtonCommonValues</include>
					<label>– Show stars</label>
					<onclick>Skin.ToggleSetting(HideVideoRatingsStars)</onclick>
					<selected>!Skin.HasSetting(HideVideoRatingsStars)</selected>
					<enable>String.IsEmpty(Container.PluginName) + [String.IsEqual(Container.Content,Movies) | String.IsEqual(Container.Content,TvShows) | String.IsEqual(Container.Content,Episodes) | String.IsEqual(Container.Content,MusicVideos)]</enable>
					<visible>!Skin.HasSetting(HideVideoRatings)</visible>
				</control>
				
				<control type="label" id="201">
					<width>375</width>
					<height>53</height>
					<font>Light18</font>
					<label>31026</label>
					<textcolor>blue</textcolor>
					<align>center</align>
					<aligny>center</aligny>
					<visible>String.IsEqual(Container.Content,MusicVideos) | system.haslocks</visible>
				</control>
				
				<control type="radiobutton" id="16">
					<description>PartyMode</description>
					<label>589</label>
					<include>ButtonCommonValues</include>
					<visible>String.IsEqual(Container.Content,MusicVideos)</visible>
				</control>
				<control type="radiobutton" id="11">
					<description>Unlock Shares</description>
					<textwidth>255</textwidth>
					<include>ButtonCommonValues</include>
					<label>20336</label>
					<onclick>mastermode</onclick>
					<selected>system.ismaster</selected>
					<visible>system.haslocks</visible>
				</control>
				
				<include>CommonNowPlaying_Controls</include>
				
			</control>
			
		</control>
		
		
		
		<include condition="Integer.IsLess(Window(Home).Property(CinemaHelper.GetSettingValue.lookandfeel.skinzoom),0) | !String.IsEqual(Skin.AspectRatio,16:9)">SkinOutOfBoundsMasks</include>
		
		
		
	<include condition="Skin.HasSetting(EnableSkinDebugOutput)">DebugOverlay</include><!-- WRAPPER STOP --></control><!-- WRAPPER STOP --></controls>
</window>
