<?xml version="1.0" encoding="UTF-8"?>
<window>
	<defaultcontrol always="true">2</defaultcontrol>
	<coordinates>
		<left>10</left>
		<top>276</top>
	</coordinates>
	<include>dialogeffect</include>
	<controls>
		<control type="image">
			<description>background image</description>
			<left>0</left>
			<top>0</top>
			<width>1260</width>
			<height>410</height>
			<texture border="40">DialogBack2.png</texture>
		</control>
		<control type="image">
			<description>Dialog Header image</description>
			<left>6</left>
			<top>6</top>
			<width>1248</width>
			<height>44</height>
			<texture>dialogheader.png</texture>
		</control>
		<control type="label">
			<description>header label</description>
			<left>40</left>
			<top>12</top>
			<width>1180</width>
			<height>30</height>
			<font>Regular22</font><!-- Medium21 -->
			<label>$LOCALIZE[298]</label>
			<align>center</align>
			<aligny>center</aligny>
			<textcolor>selected</textcolor>
			<shadowcolor>black</shadowcolor>
		</control>
		<control type="button">
			<description>Close Window button</description>
			<left>1184</left>
			<top>6</top>
			<width>64</width>
			<height>32</height>
			<label></label>
			<font></font>
			<onclick>PreviousMenu</onclick>
			<texturefocus>DialogCloseButton-focus.png</texturefocus>
			<texturenofocus>DialogCloseButton.png</texturenofocus>
			<onleft>3</onleft>
			<onright>3</onright>
			<onup>3</onup>
			<ondown>3</ondown>
			<visible>System.GetBool(input.enablemouse)</visible>
		</control>
		<control type="label">
			<description>number of files/pages in list text label</description>
			<left>926</left>
			<top>330</top>
			<width>300</width>
			<height>35</height>
			<font>font12</font>
			<align>right</align>
			<aligny>center</aligny>
			<scroll>true</scroll>
			<textcolor>grey</textcolor>
			<label>$INFO[Container(11).NumItems] $LOCALIZE[31025]</label>
		</control>
		<control type="fixedlist" id="11">
			<left>30</left>
			<top>74</top>
			<width>1200</width>
			<height>215</height>
			<onleft>11</onleft>
			<onright>11</onright>
			<ondown>2</ondown>
			<!--<onup></onup>-->
			<scrolltime>200</scrolltime>
			<viewtype label="536">icon</viewtype>
			<pagecontrol>60</pagecontrol>
			<orientation>horizontal</orientation>
			<focusposition>2</focusposition>
			<movement>2</movement>
			<itemlayout height="215" width="240">
				<control type="image">
					<left>2</left>
					<top>2</top>
					<width>235</width>
					<height>211</height>
					<texture border="3">button-nofocus.png</texture>
				</control>
				<control type="image">
					<left>7</left>
					<top>20</top>
					<width>220</width>
					<height>150</height>
					<aspectratio>scale</aspectratio>
					<texture background="true">$INFO[ListItem.Icon]</texture>
				</control>
				<control type="label">
					<left>7</left>
					<top>185</top>
					<width>226</width>
					<height>15</height>
					<font>font12</font>
					<selectedcolor>selected</selectedcolor>
					<align>center</align>
					<aligny>center</aligny>
					<label>$INFO[ListItem.Label]$INFO[ListItem.Label2, (,)]</label>
				</control>
			</itemlayout>
			<focusedlayout height="215" width="240">
				<control type="image">
					<left>2</left>
					<top>2</top>
					<width>235</width>
					<height>211</height>
					<texture border="3">button-nofocus.png</texture>
					<visible>!Control.HasFocus(11)</visible>
				</control>
				<control type="image">
					<left>2</left>
					<top>2</top>
					<width>235</width>
					<height>211</height>
					<texture border="3">folder-focus.png</texture>
					<visible>Control.HasFocus(11)</visible>
				</control>
				<control type="image">
					<left>7</left>
					<top>20</top>
					<width>220</width>
					<height>150</height>
					<aspectratio>scale</aspectratio>
					<texture background="true">$INFO[ListItem.Icon]</texture>
				</control>
				<control type="label">
					<left>7</left>
					<top>185</top>
					<width>226</width>
					<height>15</height>
					<font>font12</font>
					<selectedcolor>selected</selectedcolor>
					<align>center</align>
					<aligny>center</aligny>
					<label>$INFO[ListItem.Label]$INFO[ListItem.Label2, (,)]</label>
				</control>
			</focusedlayout>
		</control>
		<control type="scrollbar" id="60">
			<left>24</left>
			<top>290</top>
			<width>1210</width>
			<height>25</height>
			<texturesliderbackground border="14,0,14,0">ScrollBarH.png</texturesliderbackground>
			<texturesliderbar border="14,0,14,0">ScrollBarH_bar.png</texturesliderbar>
			<texturesliderbarfocus border="14,0,14,0">ScrollBarH_bar_focus.png</texturesliderbarfocus>
			<textureslidernib>ScrollBarNib.png</textureslidernib>
			<textureslidernibfocus>ScrollBarNib.png</textureslidernibfocus>
			<onleft>11</onleft>
			<onright>11</onright>
			<showonepage>false</showonepage>
			<orientation>horizontal</orientation>
			<animation effect="fade" end="75" time="0" condition="true">Conditional</animation>
		</control>
		<control type="grouplist" id="9000">
			<left>250</left>
			<top>340</top>
			<width>760</width>
			<height>48</height>
			<itemgap>5</itemgap>
			<align>center</align>
			<orientation>horizontal</orientation>
			<onleft>9000</onleft>
			<onright>9000</onright>
			<onup>11</onup>
			<control type="button" id="2">
				<description>Create Bookmark button</description>
				<label>294</label>
				<width>240</width>
				<height>48</height>
				<include>ButtonInfoDialogsCommonValues</include>
			</control>
			<control type="button" id="3">
				<description>Clear Bookmark button</description>
				<label>296</label>
				<width>240</width>
				<height>48</height>
				<include>ButtonInfoDialogsCommonValues</include>
			</control>
			<control type="button" id="4">
				<description>Clear Bookmark button</description>
				<label>20406</label>
				<width>240</width>
				<height>48</height>
				<include>ButtonInfoDialogsCommonValues</include>
				<visible>VideoPlayer.Content(Episodes)</visible>
			</control>
		</control>
	</controls>
</window>
