<?xml version="1.0" encoding="UTF-8"?>
<includes>

	<include name="TextView">
		<control type="group">
			<visible>Control.IsVisible(901)</visible>
			<include>VisibleFadeEffect</include>
			<control type="panel" id="901">
			
				<visible>Container.Content(Directors) | Container.Content(Studios) | Container.Content(Countries) | Container.Content(Years) | Container.Content(Tags) | Container.Content(Genres) | Container.Content(Seasons)</visible>
			
				<left>72</left>
				<top>72</top>
				<width>1090</width>
				<height>574</height>
				<onleft>2</onleft>
				<onright>60</onright>
				<onup>901</onup>
				<ondown>901</ondown>
				<viewtype label="Text">list</viewtype>
				<pagecontrol>60</pagecontrol>
				<scrolltime tween="quadratic" easing="out">475</scrolltime>
				<preloaditems>3</preloaditems>
				
				
				
				<itemlayout width="272" height="82">
					
					<control type="image">
						<left>0</left>
						<top>0</top>
						<width>270</width>
						<height>80</height>
						<aspectratio>stretch</aspectratio>
						<texture background="true">_added_img/posterwall_100x100_darken.png</texture>
					</control>
					
					<control type="label">
						<left>4</left>
						<top>26</top>
						<width>262</width>
						<height>25</height>
						<font>Regular22</font>
						<textcolor>grey2</textcolor>
						<selectedcolor>selected</selectedcolor>
						<align>center</align>
						<aligny>center</aligny>
						<info>ListItem.Label</info>
					</control>
					
					
					
					<control type="image">
						<left>244</left>
						<top>54</top>
						<width>20</width>
						<height>20</height>
						<texture>OverlayWatched_noshadow.png</texture>
						<aspectratio>keep</aspectratio>
						<visible>Window.IsVisible(Videos) + !String.IsEmpty(ListItem.PlayCount)</visible>
						<animation effect="fade" end="15" time="0" condition="true">Conditional</animation>
					</control>
					
					
					
				</itemlayout>
				
				
				
				<focusedlayout width="272" height="82">
					
					<control type="image">
						<left>0</left>
						<top>0</top>
						<width>270</width>
						<height>80</height>
						<aspectratio>stretch</aspectratio>
						<texture background="true">_added_img/posterwall_100x100_darken.png</texture>
					</control>
					<control type="image">
						<left>0</left>
						<top>0</top>
						<width>270</width>
						<height>80</height>
						<texture border="4">_added_img/posterwall_100x100_blue.png</texture>
						<include>itemFocusFadeInAnimation</include>
					</control>
					
					<control type="label">
						<left>4</left>
						<top>26</top>
						<width>262</width>
						<height>25</height>
						<font>Regular22</font>
						<textcolor>white</textcolor>
						<selectedcolor>selected</selectedcolor>
						<align>center</align>
						<aligny>center</aligny>
						<info>ListItem.Label</info>
					</control>
					
					
					
					<control type="image">
						<left>244</left>
						<top>54</top>
						<width>20</width>
						<height>20</height>
						<texture>OverlayWatched_noshadow.png</texture>
						<aspectratio>keep</aspectratio>
						<visible>Window.IsVisible(Videos) + !String.IsEmpty(ListItem.PlayCount)</visible>
						<animation effect="fade" end="95" time="0" condition="true">Conditional</animation>
					</control>
					
					
					
				</focusedlayout>
				
				
				
			</control>
			
			
			<control type="scrollbar" id="60">
				<left>1160</left>
				<top>66</top>
				<width>20</width>
				<height>586</height>
				<texturesliderbackground border="10">scrollbars/ScrollBarUni-bg.png</texturesliderbackground>
				<texturesliderbar border="10">scrollbars/ScrollBarUni-bar.png</texturesliderbar>
				<texturesliderbarfocus border="10">scrollbars/ScrollBarUni-bar-focus.png</texturesliderbarfocus>
				<textureslidernib>scrollbars/ScrollBarUni-nib.png</textureslidernib>
				<textureslidernibfocus>scrollbars/ScrollBarUni-nib.png</textureslidernibfocus>
				<onleft>901</onleft>
				<onright>60</onright>
				<showonepage>false</showonepage>
				<orientation>vertical</orientation>
				<visible>Control.IsVisible(901)</visible>
				<animation effect="fade" end="90" time="0" condition="true">Conditional</animation>
			</control>

		</control>
	</include>

</includes>