<?xml version="1.0" encoding="UTF-8"?>
<window>
	<defaultcontrol always="true">8</defaultcontrol>
	
	
	
	<onload condition="!String.IsEmpty(Window(home).Property(OSDinfodialogButtonActive))">Dialog.Close(VideoOSD,true)</onload>
	
	<onload condition="!String.IsEmpty(Window(home).Property(OSDinfodialogButtonActive))">Control.SetFocus(888)</onload>
	
	
	<onload condition="String.IsEmpty(Window(home).Property(OSDinfodialogButtonActive))">Control.SetFocus(8)</onload>
	

	<onload>ClearProperty(dialogvideoinfo_art_blurred,home)</onload>
	<onload>ClearProperty(dialogvideoinfo_art_color,home)</onload>
	<onload>ClearProperty(dialogvideoinfo_art_color_noalpha,home)</onload>
	<onunload>ClearProperty(dialogvideoinfo_art_blurred,home)</onunload>
	<onunload>ClearProperty(dialogvideoinfo_art_color,home)</onunload>
	<onunload>ClearProperty(dialogvideoinfo_art_color_noalpha,home)</onunload>
	
	
	
	
	<onload>ClearProperty(CinemaHelper.UserRating.PROCESS,home)</onload>
	<onload>ClearProperty(CinemaHelper.UserRating.DbId,home)</onload>
	<onload>ClearProperty(CinemaHelper.UserRating.DbType,home)</onload>
	<onload>ClearProperty(CinemaHelper.UserRating.Action,home)</onload>
	
	
	<onload>ClearProperty(CinemaHelper.WatchedState.PROCESS,home)</onload>
	<onload>ClearProperty(CinemaHelper.WatchedState.DbId,home)</onload>
	<onload>ClearProperty(CinemaHelper.WatchedState.DbType,home)</onload>
	<onload>ClearProperty(CinemaHelper.WatchedState.Action,home)</onload>
	
	<onload>ClearProperty(DialogVideoInfoPlaySpamProtection,home)</onload>
	<onunload>ClearProperty(DialogVideoInfoPlaySpamProtection,home)</onunload>
	
	
	
	<onload condition="System.hasAddon(service.listitem.helper) + ![!String.IsEmpty(Window(home).Property(VideoInfoDialogRefreshBlur)) | !String.IsEmpty(Window(home).Property(ExperimentalPostMovieDialogOpensNow))]">RunScript(service.listitem.helper,action=blurimg,file='"$VAR[PosterInfoDialogSpecial]"',prop=dialogvideoinfo_art,radius=30)</onload>
	
	<onload condition="System.hasAddon(service.listitem.helper) + [!String.IsEmpty(Window(home).Property(VideoInfoDialogRefreshBlur)) | !String.IsEmpty(Window(home).Property(ExperimentalPostMovieDialogOpensNow))]">RunScript(service.listitem.helper,action=blurimg,file='"$VAR[PosterInfoDialogSpecial]"',prop=dialogvideoinfo_art,radius=30,force=true)</onload>
	
	<onload condition="System.hasAddon(service.listitem.helper) + !String.IsEmpty(Window(home).Property(VideoInfoDialogRefreshBlur))">ClearProperty(VideoInfoDialogRefreshBlur,home)</onload>
	
	
	
	<onunload condition="!String.IsEmpty(Window(home).Property(OSDinfodialogButtonActive)) + String.IsEmpty(Window(home).Property(VideoInfoDialogRefreshBlur))">ClearProperty(OSDinfodialogButtonActive,home)</onunload>
	
	<onunload condition="!String.IsEmpty(Window(home).Property(OSDinfodialogButtonActive)) + Skin.HasSetting(FullScreenOsdInfoButtonPauseResume) + Player.Paused">Play</onunload>
	
	<onunload condition="!String.IsEmpty(Window(home).Property(ExperimentalPostMovieDialogOpensNow)) 
												+ String.IsEqual(Skin.String(ExperimentalPostMovieInfoDialogType),1)">ClearProperty(PlayerArtPosterTemp,home)</onunload>
	<onunload condition="!String.IsEmpty(Window(home).Property(ExperimentalPostMovieDialogOpensNow)) 
												+ String.IsEqual(Skin.String(ExperimentalPostMovieInfoDialogType),1)">ClearProperty(ExperimentalPostMovieDialogOpensNow,home)</onunload>
	
	<controls>
	
		<control type="label" id="234236">
			<label>$VAR[PosterInfoDialogSpecial]</label>
			<visible>false</visible>
		</control>
		
	
		<control type="group">
			<depth>DepthSideBlade</depth>
			<!--<visible>!Window.IsVisible(FileBrowser)</visible>-->
			

			<animation effect="fade" start="0" end="100" time="1000">WindowOpen</animation><!-- 750 -->
			<animation effect="fade" start="100" end="0" time="600">WindowClose</animation>
			
			<!-- BACKGROUND -->
			<control type="image">
				<left>0</left>
				<top>0</top>
				<width>1280</width>
				<height>720</height>
				<texture>colors/black.png</texture>
			</control>
			<control type="image">
				<top>0</top>
				<left>486</left>
				<width>796</width>
				<height>720</height>
				<depth>DepthBackground</depth>
				<aspectratio align="left" aligny="top">scale</aspectratio>
				<texture>_added_img/noise00.png</texture>
				<include>backgroundfade</include>
				<animation effect="fade" end="25" time="0" condition="true">Conditional</animation>
			</control>
			<control type="image">
				<top>0</top>
				<left>486</left>
				<width>796</width>
				<height>720</height>
				<depth>DepthBackground</depth>
				<texture>special://skin/backgrounds/mood_background_default.png</texture>
				<aspectratio align="left" aligny="top">stretch</aspectratio>
				<include>backgroundfade</include>
				<fadetime>FanartCrossfadeTime</fadetime>
				<animation effect="fade" end="30" time="0" condition="true">Conditional</animation><!-- 85 70 20 -->
				<visible>![System.hasAddon(service.listitem.helper) + !String.IsEmpty(Control.GetLabel(234236))]</visible><!-- !String.IsEmpty(Window(home).Property(dialogvideoinfo_art_blurred))] -->
			</control>
			<control type="image">
				<top>0</top>
				<left>486</left>
				<width>796</width>
				<height>720</height>
				<depth>DepthBackground</depth>
				<texture>$INFO[Window(home).Property(dialogvideoinfo_art_blurred)]</texture>
				<aspectratio align="left" aligny="top">stretch</aspectratio>
				<include>backgroundfade</include>
				<fadetime>FanartCrossfadeTime</fadetime>
				<animation effect="fade" end="30" time="0" condition="true">Conditional</animation><!-- 85 70 20 -->
				<visible>[System.hasAddon(service.listitem.helper) + !String.IsEmpty(Control.GetLabel(234236))]</visible>
			</control>
			<control type="image">
				<top>0</top>
				<left>486</left>
				<width>800</width>
				<height>100</height>
				<texture>_added_img/posterwall_fadeout_new_dither_2.png</texture>
				<aspectratio align="left" aligny="top">scale</aspectratio>
				<!--<animation effect="fade" end="100" time="0" condition="true">Conditional</animation>-->
			</control>
			
			
			
			<!-- BACKGROUND LEFT GREY -->
			<control type="image">
				<left>0</left>
				<top>0</top>
				<width>486</width>
				<height>720</height>
				<texture colordiffuse="FF0c0c0c">colors/white.png</texture>
			</control>
			
			
			<control type="group">

			
			
				<!-- MAIN POSTER -->
				
				
				<!-- scaled: crop -->
				<control type="image" id="18264">
					<left>0</left>
					<top>0</top>
					<width>486</width>
					<height>720</height>
					<aspectratio align="center" aligny="center">scale</aspectratio>
					
					<texture background="true">$VAR[PosterThumbInfoDialog]</texture>
					
					<animation type="WindowOpen">
					 <effect type="slide" start="-486,0" end="0,0" time="750" tween="quadratic" easing="out"/>
					 <effect type="fade" start="0" end="100" time="750"/>
					</animation>
					<animation type="WindowClose">
					 <effect type="slide" start="0,0" end="-486,0" time="300" tween="quadratic" easing="out"/>
					</animation>
					
					<visible>String.IsEmpty(Container.PluginName) 
										+ [
										[!String.IsEmpty(ListItem.Art(poster)) | [!String.IsEmpty(Window(home).Property(ExperimentalPostMovieDialogOpensNow)) + !String.IsEmpty(Window(home).Property(PlayerArtPosterTemp))]] | 
										
										[!Container.Content(Episodes) + !String.IsEmpty(Window(home).Property(OSDinfodialogButtonActive)) + !String.IsEmpty(Player.Art(poster))]
										
										]</visible>
					<fadetime>250</fadetime>
				</control>
				
				<!-- keep: no crop -->
				<control type="image">
					<left>0</left>
					<top>0</top>
					<width>486</width>
					<height>720</height>
					<aspectratio aligny="top">keep</aspectratio>
					
					<texture background="true">$VAR[PosterThumbInfoDialog]</texture>
					
					<animation type="WindowOpen">
					 <effect type="slide" start="-486,0" end="0,0" time="750" tween="quadratic" easing="out"/>
					 <effect type="fade" start="0" end="100" time="750"/>
					</animation>
					<animation type="WindowClose">
					 <effect type="slide" start="0,0" end="-486,0" time="300" tween="quadratic" easing="out"/>
					</animation>
					
					<visible>!Control.IsVisible(18264)</visible>
					<fadetime>250</fadetime>
				</control>
				
				
				<control type="image">
					<left>0</left>
					<top>354</top>
					<width>486</width>
					<height>366</height>
					<aspectratio align="center" aligny="top">keep</aspectratio>
					
					
					<texture background="true">$VAR[PosterInfoDialogSpecial]</texture>
					
					<animation type="WindowOpen">
					 <effect type="slide" start="-486,0" end="0,0" time="750" tween="quadratic" easing="out"/>
					 <effect type="fade" start="0" end="100" time="750"/>
					</animation>
					<animation type="WindowClose">
					 <effect type="slide" start="0,0" end="-486,0" time="300" tween="quadratic" easing="out"/>
					</animation>
					
					
					<visible>String.IsEmpty(Container.PluginName) + Container.Content(Episodes)</visible>
					<fadetime>250</fadetime>
				</control>
				
				
				
			</control>
			
			
			
			
			
					
			<control type="group">
				
				
				<animation effect="slide" start="794,0" end="0,0" time="750" tween="quadratic" easing="out">WindowOpen</animation>
				<animation effect="slide" start="0,0" end="794,0" time="300" tween="quadratic" easing="out">WindowClose</animation>
	
				
				<left>504</left><!-- 486 -->
				<top>18</top><!-- 0 -->
				<width>794</width>
				<height>720</height>

				
				
				<control type="group">
					<top>0</top>
					<!-- STANDARD -->
					<control type="label">
						<description>subheader label</description>
						<left>36</left>
						<top>5</top>
						<width>700</width>
						<height>200</height>
						<label>$INFO[ListItem.Year,[COLOR=grey],[/COLOR]    ]$INFO[ListItem.TVShowTitle,[COLOR=grey],[/COLOR]    ]$VAR[ListItemStudioLabelShort,, ]</label>
						<textcolor>grey3</textcolor>
						<align>left</align>
						<visible>!Container.Content(TvShows) + !Container.Content(Episodes)</visible>
						<font>Light20</font>
					</control>
					<!-- TV SHOWS -->
					<control type="label">
						<description>subheader label</description>
						<left>36</left>
						<top>5</top>
						<width>700</width>
						<height>200</height>
						<label>$INFO[ListItem.Year,[COLOR=grey],[/COLOR]    ]$INFO[ListItem.Studio,, ]</label>
						<textcolor>grey3</textcolor>
						<align>left</align>
						<visible>Container.Content(TvShows) + !Container.Content(Episodes)</visible>
						<font>Light20</font>
					</control>
					<!-- TV SHOW EPISODES -->
					<control type="label">
						<description>subheader label</description>
						<left>36</left>
						<top>5</top>
						<width>700</width>
						<height>200</height>
						<label>$INFO[ListItem.TVShowTitle,[COLOR=grey],[/COLOR]    ]$INFO[ListItem.Year,,    ]$INFO[ListItem.Studio,, ]</label>
						<textcolor>grey3</textcolor>
						<align>left</align>
						<visible>!Container.Content(TvShows) + Container.Content(Episodes)</visible>
						<font>Light20</font>
					</control>
				</control>
				
				
				
				<control type="label">
					<description>header label</description>
					<left>34</left><!-- 38 -->
					<top>40</top>
					<width>716</width>
					<height>38</height>
					<font>LightUltraLarge</font>
					<label>$INFO[Listitem.Title]</label>
					<align>left</align>
					<textcolor>white</textcolor>
					<scroll>false</scroll>
				</control>
				
				
				
				<control type="group">
				<top>0</top>
				<!-- BACKGROUND RIGHT TOP GREY LEFT STRIPE -->
				<control type="image">
					<left>36</left>
					<top>100</top>
					<width>6</width>
					<height>150</height>
					<texture colordiffuse="FF2b2b2b">colors/white.png</texture>
				</control>
				
				<!-- CODEC INFO -->
				<control type="grouplist">
					<description>Media Codec Flagging Images</description>
					<left>36</left><!-- 36 30 28 -->
					<top>280</top><!-- 280 -->
					<width>740</width>
					<align>left</align>
					<itemgap>6</itemgap>
					<orientation>horizontal</orientation>
					<include>VisibleFadeEffect</include>
					<visible>[Container.Content(Movies) | Container.Content(TVShows) | Container.Content(Episodes) | Container.Content(MusicVideos)]</visible>
					
					<include>VideoMPAAFlaggingConditions</include>
					<include>VideoRatingStars</include>
					<include condition="!String.IsEmpty(ListItem.Mpaa) | [[String.Contains(ListItem.rating,.) 
								| 
								[String.IsEqual(ListItem.DBID,Window(Home).Property(ListItemHelper.DBID)) 
									+ !String.Empty(Window(Home).Property(ListItemHelper.rating.highestScaleTo10))]
								] 
								+ !Skin.HasSetting(HideVideoRatings)]">FlaggingConditionsPlaceholder</include>
					
					<include>VideoCodecFlaggingConditions</include>
					<include>VideoStereoscopicsFlaggingConditions</include>
					<include condition="!String.IsEmpty(ListItem.VideoResolution) | !String.IsEmpty(ListItem.VideoCodec) | ListItem.IsStereoscopic">FlaggingConditionsPlaceholder</include>
					
					<include>AudioCodecFlaggingConditions</include>
					<include>AudioChannelsFlaggingConditions</include>
					<include condition="!String.IsEmpty(ListItem.AudioCodec) | !String.IsEmpty(ListItem.AudioChannels)">FlaggingConditionsPlaceholder</include>
					
					<include>StingerIcon</include>
					
					<!--<include>VideoTypeHackFlaggingConditions</include>-->
					
				</control>
				

				
				
				
				<!-- MOVIES etc. -->
				<control type="group">
					<visible>[!Container.Content(TvShows) + !Container.Content(Episodes) + !Container.Content(MusicVideos)]</visible>
					<top>20</top>
					<left>0</left>
					<include>VisibleFadeEffect</include>
					
					<control type="list" id="49">
						<left>51</left>
						<top>80</top><!-- 120 -->
						<width>698</width><!-- 705 -->
						<height>150</height><!-- 170 -->
						
						<onleft>9000</onleft>
						<onright>9000</onright>
						<onup>9000</onup>
						<ondown>9000</ondown>
						
						<pagecontrol>80</pagecontrol>
						<scrolltime>200</scrolltime>
						
						<itemlayout width="698" height="30">
							<control type="label">
								<left>5</left>
								<top>0</top>
								<width>160</width>
								<height>30</height>
								<font>Light20</font><!--test2022-->
								<align>left</align>
								<aligny>center</aligny>
								<textcolor>grey</textcolor>
								<selectedcolor>selected</selectedcolor>
								<info>ListItem.Label</info>
							</control>
							<control type="label">
								<left>175</left>
								<top>0</top>
								<width>517</width><!-- 525 -->
								<height>30</height>
								<font>Light20</font><!--test2022-->
								<align>left</align>
								<aligny>center</aligny>
								<textcolor>white</textcolor>
								<selectedcolor>white</selectedcolor>
								<info>ListItem.Label2</info>
							</control>
							
							
							
							<!-- LIVE RATINGS (OPTIONAL) -->
							<include>InfoDialogExternalRatings</include>
							
							
							
						</itemlayout>
						<focusedlayout width="698" height="30">
							<control type="image">
								<left>0</left>
								<top>0</top>
								<width>698</width>
								<height>30</height>
								<visible>Control.HasFocus(49)</visible>
								<texture border="4">MenuItemFO.png</texture>
								<include>VisibleFadeEffect</include>
							</control>
							<control type="label">
								<left>5</left>
								<top>0</top>
								<width>160</width>
								<height>30</height>
								<font>Light20</font><!--test2022-->
								<align>left</align>
								<aligny>center</aligny>
								<textcolor>grey</textcolor>
								<selectedcolor>selected</selectedcolor>
								<info>ListItem.Label</info>
							</control>
							<control type="label">
								<left>175</left>
								<top>0</top>
								<width>517</width><!-- 525 -->
								<height>30</height>
								<font>Light20</font><!--test2022-->
								<align>left</align>
								<aligny>center</aligny>
								<textcolor>white</textcolor>
								<selectedcolor>white</selectedcolor>
								<info>ListItem.Label2</info>
							</control>
							
							
							
							<!-- LIVE RATINGS (OPTIONAL) -->
							<include>InfoDialogExternalRatings</include>
							
							
							
						</focusedlayout>
						<content>
							<item>
								<label>$LOCALIZE[21800]:</label>
								
								<label2>$INFO[ListItem.Filename]</label2>
								
								<onclick>noop</onclick>
								<visible>!String.IsEmpty(ListItem.Filename) + Skin.HasSetting(DialogVideoInfoFilenameEnable)</visible>
								
								<include>ShowNtsFileActions</include>
								
							</item>
							<item>
								<label>$LOCALIZE[515]:</label>
								<label2>$INFO[ListItem.Genre]</label2>
								<onclick>noop</onclick>
								<visible>!String.IsEmpty(ListItem.Genre)</visible>
								
								<include>ShowNtsFileActions</include>
								
							</item>
							<item>
								<label>$LOCALIZE[2050]:</label>
								<label2>$VAR[ItemDuration]</label2>
								<onclick>noop</onclick>
								<visible>!String.IsEmpty(ListItem.Duration)</visible>
								
								<property name="rottentomatoesaudience">$VAR[ItemRatingExternalOptionalRottenTomatoesAudience]</property>
								
							</item>
							<item>
								<label>$LOCALIZE[563]:</label>
								<!--<label2>$INFO[ListItem.RatingAndVotes]$VAR[ItemRatingExternalOptional]</label2>-->
								<label2>$INFO[ListItem.RatingAndVotes]</label2>
								<onclick>noop</onclick>
								
								<property name="rottentomatoes">$VAR[ItemRatingExternalOptionalRottenTomatoes]</property>
								<property name="metacritic">$VAR[ItemRatingExternalOptionalMetacritic]</property>
								<property name="imdb">$VAR[ItemRatingExternalOptionalIMDB]</property>
								
								<visible>!Skin.HasSetting(HideVideoRatings) + [!String.StartsWith(container.folderpath,plugin://plugin.video.youtube) + !String.StartsWith(container.folderpath,plugin://plugin.video.hdtrailers_net)]</visible>
							</item>
							<item>
								<label>$LOCALIZE[20339]:</label>
								<label2>$INFO[ListItem.Director]</label2>
								<onclick>SendClick(2003,13)</onclick>
								<visible>!String.IsEmpty(ListItem.Director)</visible>
							</item>
							<item>
								<label>$LOCALIZE[20417]:</label>
								<label2>$INFO[ListItem.Writer]</label2>
								<onclick>noop</onclick>
								<visible>!String.IsEmpty(ListItem.Writer)</visible>
							</item>
							<item>
								<label>$LOCALIZE[20376]:</label>
								<label2>$INFO[ListItem.OriginalTitle]</label2>
								<onclick>noop</onclick>
								<visible>!String.IsEmpty(ListItem.OriginalTitle) + !String.IsEqual(ListItem.OriginalTitle,Listitem.Title)</visible>
							</item>
							<item>
								<label>$$$:</label>
								<label2>$INFO[Window(Home).Property(ListItemHelper.budget.million),Budget:   $ , million       ]$INFO[Window(Home).Property(ListItemHelper.revenue.million),Revenue:   $ , million]</label2>
								<onclick>noop</onclick>
								<visible>System.HasAddon(service.listitem.helper) + 
											!String.IsEmpty(ListItem.IMDBNumber) + 
											String.IsEqual(ListItem.DBID,Window(Home).Property(ListItemHelper.DBID)) + 
											![String.IsEmpty(Window(Home).Property(ListItemHelper.budget.million)) + String.IsEmpty(Window(Home).Property(ListItemHelper.revenue.million))]</visible>
							</item>
							
							<item>
								<label>$LOCALIZE[15311]</label>
								<label2>$INFO[ListItem.FilenameAndPath]</label2>
								<onclick>noop</onclick>
								<visible>!String.IsEmpty(ListItem.FilenameAndPath)</visible>
							</item>
							
							
							
							<item>
								<label>$LOCALIZE[20416]:</label>
								<label2>$INFO[ListItem.Premiered]</label2>
								<onclick>noop</onclick>
								<visible>!String.IsEmpty(ListItem.Premiered)</visible>
							</item>
							
							
							
							<item>
								<label>$LOCALIZE[38018]:</label>
								<label2>$INFO[ListItem.Userrating]</label2>
								<onclick>noop</onclick>
								<visible>!Skin.HasSetting(EnableMyList) + !String.IsEmpty(ListItem.Userrating)</visible>
							</item>
							<item>
								<label>$LOCALIZE[20074]:</label>
								<label2>$INFO[ListItem.Mpaa]</label2>
								<onclick>noop</onclick>
								<visible>!String.IsEmpty(ListItem.Mpaa) + [!String.Contains(ListItem.Mpaa,Rated G) + !String.Contains(ListItem.Mpaa,Rated PG-13) + !String.Contains(ListItem.Mpaa,Rated PG) + !String.Contains(ListItem.Mpaa,Rated R) + !String.Contains(ListItem.Mpaa,Rated NC) + !String.Contains(ListItem.Mpaa,US:not rated) + !String.Contains(ListItem.Mpaa,FSK )] + !String.IsEqual(ListItem.Mpaa,NR)</visible>
							</item>
							
							
							
							<item>
								<label>Awards:</label>
								<label2>$INFO[Window(Home).Property(ListItemHelper.awards)]</label2>
								<onclick>noop</onclick>
								<visible>System.HasAddon(service.listitem.helper) + 
											!String.IsEmpty(ListItem.IMDBNumber) + 
											String.IsEqual(ListItem.DBID,Window(Home).Property(ListItemHelper.DBID)) + 
											!String.IsEmpty(Window(Home).Property(ListItemHelper.awards))</visible>
							</item>
							
							
							
							<item>
								<label>$LOCALIZE[21875]:</label>
								<label2>[UPPERCASE]$INFO[ListItem.Country][/UPPERCASE]</label2>
								<onclick>noop</onclick>
								<visible>!String.IsEmpty(ListItem.Country)</visible>
							</item>
							
						</content>
					</control>
				</control>
				
				
				
				
				<!-- TV SHOWS -->
				<control type="group">
					<visible>Container.Content(TVShows)</visible>
					<top>20</top>
					<left>0</left>
					<include>VisibleFadeEffect</include>
					
					<control type="list" id="49">
						<left>51</left>
						<top>80</top><!-- 120 -->
						<width>698</width><!-- 705 -->
						<height>150</height><!-- 170 -->
						<onleft>9000</onleft>
						<onright>9000</onright>
						<onup>9000</onup>
						<ondown>9000</ondown>
						<pagecontrol>80</pagecontrol>
						<scrolltime>200</scrolltime>
						<itemlayout width="698" height="30">
							<control type="label">
								<left>5</left>
								<top>0</top>
								<width>160</width>
								<height>30</height>
								<font>Light20</font><!--test2022-->
								<align>left</align>
								<aligny>center</aligny>
								<textcolor>grey</textcolor>
								<selectedcolor>selected</selectedcolor>
								<info>ListItem.Label</info>
							</control>
							<control type="label">
								<left>175</left>
								<top>0</top>
								<width>517</width><!-- 525 -->
								<height>30</height>
								<font>Light20</font><!--test2022-->
								<align>left</align>
								<aligny>center</aligny>
								<textcolor>white</textcolor>
								<selectedcolor>white</selectedcolor>
								<info>ListItem.Label2</info>
							</control>
						</itemlayout>
						<focusedlayout width="698" height="30">
							<control type="image">
								<left>0</left>
								<top>0</top>
								<width>698</width>
								<height>30</height>
								<visible>Control.HasFocus(49)</visible>
								<texture border="4">MenuItemFO.png</texture>
								<include>VisibleFadeEffect</include>
							</control>
							<control type="label">
								<left>5</left>
								<top>0</top>
								<width>160</width>
								<height>30</height>
								<font>Light20</font><!--test2022-->
								<align>left</align>
								<aligny>center</aligny>
								<textcolor>grey</textcolor>
								<selectedcolor>selected</selectedcolor>
								<info>ListItem.Label</info>
							</control>
							<control type="label">
								<left>175</left>
								<top>0</top>
								<width>517</width><!-- 525 -->
								<height>30</height>
								<font>Light20</font><!--test2022-->
								<align>left</align>
								<aligny>center</aligny>
								<textcolor>white</textcolor>
								<selectedcolor>white</selectedcolor>
								<info>ListItem.Label2</info>
							</control>
						</focusedlayout>
						<content>
							<item>
								<label>$LOCALIZE[20360]:</label>
								<label2>$INFO[ListItem.Episode] [COLOR=grey] ($INFO[ListItem.Property(WatchedEpisodes),, $LOCALIZE[16102]] – $INFO[ListItem.Property(UnWatchedEpisodes),, $LOCALIZE[16101]])[/COLOR]</label2>
								<onclick>noop</onclick>
								<visible>!String.IsEmpty(ListItem.Episode)</visible>
							</item>
							<item>
								<label>$LOCALIZE[20416]:</label>
								<label2>$INFO[ListItem.Premiered]</label2>
								<onclick>noop</onclick>
								<visible>!String.IsEmpty(ListItem.Premiered)</visible>
							</item>
							<item>
								<label>$LOCALIZE[515]:</label>
								<label2>$INFO[ListItem.Genre]</label2>
								<onclick>noop</onclick>
								<visible>!String.IsEmpty(ListItem.Genre)</visible>
							</item>
							<item>
								<label>$LOCALIZE[38018]:</label>
								<label2>$INFO[ListItem.Userrating]</label2>
								<onclick>noop</onclick>
								<visible>!Skin.HasSetting(EnableMyList) + !String.IsEmpty(ListItem.Userrating)</visible>
							</item>
							<item>
								<label>$LOCALIZE[563]:</label>
								<label2>$INFO[ListItem.RatingAndVotes]$VAR[ItemRatingExternalOptional]</label2>
								<onclick>noop</onclick>
								<visible>!Skin.HasSetting(HideVideoRatings) + !String.IsEmpty(ListItem.RatingAndVotes)</visible>
							</item>
							<item>
								<label>$LOCALIZE[15311]</label>
								<label2>$INFO[ListItem.FilenameAndPath]</label2>
								<onclick>noop</onclick>
								<visible>!String.IsEmpty(ListItem.FilenameAndPath)</visible>
							</item>
						</content>
					</control>
				</control>
				
				
				
				<!-- EPISODES -->
				<control type="group">
					<visible>Container.Content(Episodes)</visible>
					<top>20</top>
					<left>0</left>
					<include>VisibleFadeEffect</include>
					
					<control type="list" id="49">
						<left>51</left>
						<top>80</top><!-- 120 -->
						<width>698</width><!-- 705 -->
						<height>150</height><!-- 170 -->
						<onleft>9000</onleft>
						<onright>9000</onright>
						<onup>9000</onup>
						<ondown>9000</ondown>
						<pagecontrol>80</pagecontrol>
						<scrolltime>200</scrolltime>
						<itemlayout width="698" height="30">
							<control type="label">
								<left>5</left>
								<top>0</top>
								<width>160</width>
								<height>30</height>
								<font>Light20</font><!--test2022-->
								<align>left</align>
								<aligny>center</aligny>
								<textcolor>grey</textcolor>
								<selectedcolor>selected</selectedcolor>
								<info>ListItem.Label</info>
							</control>
							<control type="label">
								<left>175</left>
								<top>0</top>
								<width>517</width><!-- 525 -->
								<height>30</height>
								<font>Light20</font><!--test2022-->
								<align>left</align>
								<aligny>center</aligny>
								<textcolor>white</textcolor>
								<selectedcolor>white</selectedcolor>
								<info>ListItem.Label2</info>
							</control>
						</itemlayout>
						<focusedlayout width="698" height="30">
							<control type="image">
								<left>0</left>
								<top>0</top>
								<width>698</width>
								<height>30</height>
								<visible>Control.HasFocus(49)</visible>
								<texture border="4">MenuItemFO.png</texture>
								<include>VisibleFadeEffect</include>
							</control>
							<control type="label">
								<left>5</left>
								<top>0</top>
								<width>160</width>
								<height>30</height>
								<font>Light20</font><!--test2022-->
								<align>left</align>
								<aligny>center</aligny>
								<textcolor>grey</textcolor>
								<selectedcolor>selected</selectedcolor>
								<info>ListItem.Label</info>
							</control>
							<control type="label">
								<left>175</left>
								<top>0</top>
								<width>517</width><!-- 525 -->
								<height>30</height>
								<font>Light20</font><!--test2022-->
								<align>left</align>
								<aligny>center</aligny>
								<textcolor>white</textcolor>
								<selectedcolor>white</selectedcolor>
								<info>ListItem.Label2</info>
							</control>
						</focusedlayout>
						<content>
							<item>
								<label>$LOCALIZE[20359]:</label><!--$LOCALIZE[20373]/-->
								<label2>$INFO[ListItem.Season,S, ]$INFO[ListItem.Episode,E,]</label2>
								<onclick>noop</onclick>
								<visible>!String.IsEmpty(ListItem.Episode) | String.IsEmpty(ListItem.Season)</visible>
							</item>
							<item>
								<label>$LOCALIZE[20416]:</label>
								<label2>$INFO[ListItem.Premiered]</label2>
								<onclick>noop</onclick>
								<visible>!String.IsEmpty(ListItem.Premiered)</visible>
							</item>
							<item>
								<label>$LOCALIZE[515]:</label>
								<label2>$INFO[ListItem.Genre]</label2>
								<onclick>noop</onclick>
								<visible>!String.IsEmpty(ListItem.Genre)</visible>
							</item>
							<item>
								<label>$LOCALIZE[2050]:</label>
								<label2>$VAR[ItemDuration]</label2>
								<onclick>noop</onclick>
								<visible>!String.IsEmpty(ListItem.Duration)</visible>
							</item>
							<item>
								<label>$LOCALIZE[38018]:</label>
								<label2>$INFO[ListItem.Userrating]</label2>
								<onclick>noop</onclick>
								<visible>!Skin.HasSetting(EnableMyList) + !String.IsEmpty(ListItem.Userrating)</visible>
							</item>
							<item>
								<label>$LOCALIZE[563]:</label>
								<label2>$INFO[ListItem.RatingAndVotes]$VAR[ItemRatingExternalOptional]</label2>
								<onclick>noop</onclick>
								<visible>!Skin.HasSetting(HideVideoRatings) + !String.IsEmpty(ListItem.RatingAndVotes)</visible>
							</item>
							<item>
								<label>$LOCALIZE[20339]:</label>
								<label2>$INFO[ListItem.Director]</label2>
								<onclick>SendClick(2003,13)</onclick>
								<visible>!String.IsEmpty(ListItem.Director)</visible>
							</item>
							<item>
								<label>$LOCALIZE[20417]:</label>
								<label2>$INFO[ListItem.Writer]</label2>
								<onclick>noop</onclick>
								<visible>!String.IsEmpty(ListItem.Writer)</visible>
							</item>
							<item>
								<label>$LOCALIZE[15311]</label>
								<label2>$INFO[ListItem.FilenameAndPath]</label2>
								<onclick>noop</onclick>
								<visible>!String.IsEmpty(ListItem.FilenameAndPath)</visible>
							</item>
						</content>
					</control>
				</control>
				
				
				
				<!-- MUSIC VIDEOS (INCLUDING YT ADDON) -->
				<control type="group">
					<visible>Container.Content(MusicVideos)</visible>
					<top>20</top>
					<left>0</left>
					<include>VisibleFadeEffect</include>
					
					<control type="list" id="49">
						<left>51</left>
						<top>80</top><!-- 120 -->
						<width>698</width><!-- 705 -->
						<height>150</height><!-- 170 -->
						<onleft>9000</onleft>
						<onright>9000</onright>
						<onup>9000</onup>
						<ondown>9000</ondown>
						<pagecontrol>80</pagecontrol>
						<scrolltime>200</scrolltime>
						<itemlayout width="698" height="30">
							<control type="label">
								<left>5</left>
								<top>0</top>
								<width>160</width>
								<height>30</height>
								<font>Light20</font><!--test2022-->
								<align>left</align>
								<aligny>center</aligny>
								<textcolor>grey</textcolor>
								<selectedcolor>selected</selectedcolor>
								<info>ListItem.Label</info>
							</control>
							<control type="label">
								<left>175</left>
								<top>0</top>
								<width>517</width><!-- 525 -->
								<height>30</height>
								<font>Light20</font><!--test2022-->
								<align>left</align>
								<aligny>center</aligny>
								<textcolor>white</textcolor>
								<selectedcolor>white</selectedcolor>
								<info>ListItem.Label2</info>
							</control>
						</itemlayout>
						<focusedlayout width="698" height="30">
							<control type="image">
								<left>0</left>
								<top>0</top>
								<width>698</width>
								<height>30</height>
								<visible>Control.HasFocus(49)</visible>
								<texture border="4">MenuItemFO.png</texture>
								<include>VisibleFadeEffect</include>
							</control>
							<control type="label">
								<left>5</left>
								<top>0</top>
								<width>160</width>
								<height>30</height>
								<font>Light20</font><!--test2022-->
								<align>left</align>
								<aligny>center</aligny>
								<textcolor>grey</textcolor>
								<selectedcolor>selected</selectedcolor>
								<info>ListItem.Label</info>
							</control>
							<control type="label">
								<left>175</left>
								<top>0</top>
								<width>517</width><!-- 525 -->
								<height>30</height>
								<font>Light20</font><!--test2022-->
								<align>left</align>
								<aligny>center</aligny>
								<textcolor>white</textcolor>
								<selectedcolor>white</selectedcolor>
								<info>ListItem.Label2</info>
							</control>
						</focusedlayout>
						<content>
							<item>
								<label>$LOCALIZE[557]:</label>
								<label2>$INFO[ListItem.Artist]</label2>
								<onclick>noop</onclick>
								<visible>!String.IsEmpty(ListItem.Artist)</visible>
							</item>
							<item>
								<label>$LOCALIZE[558]:</label>
								<label2>$INFO[ListItem.Album]</label2>
								<onclick>noop</onclick>
								<visible>!String.IsEmpty(ListItem.Album)</visible>
							</item>
							<item>
								<label>$LOCALIZE[515]:</label>
								<label2>$INFO[ListItem.Genre]</label2>
								<onclick>noop</onclick>
								<visible>!String.IsEmpty(ListItem.Genre)</visible>
							</item>
							<item>
								<label>$LOCALIZE[572]:</label>
								<label2>$INFO[ListItem.Studio]</label2>
								<onclick>noop</onclick>
								<visible>!String.IsEmpty(ListItem.Studio)</visible>
							</item>
							<item>
								<label>$LOCALIZE[20417]:</label>
								<label2>$INFO[ListItem.Writer]</label2>
								<onclick>noop</onclick>
								<visible>!String.IsEmpty(ListItem.Writer)</visible>
							</item>
							<item>
								<label>$LOCALIZE[20339]:</label>
								<label2>$INFO[ListItem.Director]</label2>
								<onclick>noop</onclick>
								<visible>!String.IsEmpty(ListItem.Director)</visible>
							</item>
							<item>
								<label>$LOCALIZE[2050]:</label>
								<label2>$INFO[ListItem.Duration] $LOCALIZE[12391]</label2>
								<onclick>noop</onclick>
								<visible>!String.IsEmpty(ListItem.Duration)</visible>
							</item>
							<item>
								<label>$LOCALIZE[38018]:</label>
								<label2>$INFO[ListItem.Userrating]</label2>
								<onclick>noop</onclick>
								<visible>!Skin.HasSetting(EnableMyList) + !String.IsEmpty(ListItem.Userrating)</visible>
							</item>
							<item>
								<label>$LOCALIZE[15311]</label>
								<label2>$INFO[ListItem.FilenameAndPath]</label2>
								<onclick>noop</onclick>
								<visible>!String.IsEmpty(ListItem.FilenameAndPath)</visible>
							</item>
						</content>
					</control>
				</control>
				
				
				
				<control type="scrollbar" id="80">
					<left>758</left>
					<top>100</top>
					<include>scrollBarStyleDefaultWidth</include>
					<height>150</height>
					<showonepage>false</showonepage>
					<visible>Control.HasFocus(49)</visible>
					<animation effect="fade" start="100" end="50" time="0" condition="true">Conditional</animation>
					<enable>false</enable>
					<include>VisibleFadeEffect</include>
					
					<include>scrollBarStyleDefault</include>
					
				</control>
				
				
				
				<control type="button" id="499">
					<description>Plot Text Viewer button</description>
					<left>28</left>
					<top>395</top>
					<width>696</width>
					<height>256</height>
					<visible>!Control.IsVisible(50)</visible>
					<texturefocus border="4">button-focus-nobase.png</texturefocus>
					<texturenofocus></texturenofocus>
					
					<onclick condition="!String.IsEmpty(ListItem.Plot)">SetProperty(TextViewer_Header,$ESCINFO[ListItem.Title],home)</onclick>
					<onclick condition="!String.IsEmpty(ListItem.Plot)">SetProperty(TextViewer_Text_Pre,$ESCINFO[ListItem.TagLine],home)</onclick>
					<onclick condition="!String.IsEmpty(ListItem.Plot)">SetProperty(TextViewer_Text,$ESCINFO[ListItem.Plot],home)</onclick>
					
					<onclick condition="!String.IsEmpty(ListItem.Plot) + String.IsEmpty(Window(home).Property(OSDinfodialogButtonActive))">SetFocus(8)</onclick>
					<onclick condition="!String.IsEmpty(ListItem.Plot) + !String.IsEmpty(Window(home).Property(OSDinfodialogButtonActive))">SetFocus(888)</onclick>
					
					<onclick condition="!String.IsEmpty(ListItem.Plot)">ActivateWindow(1102)</onclick>
					<visible>!String.IsEmpty(ListItem.Plot) + [true | System.GetBool(videolibrary.showunwatchedplots) | !String.IsEmpty(ListItem.PlayCount)]</visible>
					<onup>9000</onup>
				</control>
				
				<control type="group">
					<animation effect="fade" start="0" end="100" time="1500" delay="0">WindowOpen</animation>
					
					<control type="label">
						<description>...</description>
						<left>36</left>
						<top>534</top><!--520 before lineheight+ -->
						<width>100</width>
						<height>40</height>
						
						<font>Light20</font>
						<align>left</align>
						<textcolor>white</textcolor>
						<label>...</label>
						
						<visible>!Control.IsVisible(50) + !Control.HasFocus(499) + [true | System.GetBool(videolibrary.showunwatchedplots) | !String.IsEmpty(ListItem.PlayCount)]</visible>
						
					</control>
					
					<control type="textbox">
						<description>Plot Text</description>
						<left>36</left>
						<top>400</top>
						<width>682</width>
						<height>134</height><!--120 before lineheight+ -->
						
						<font>Light20+</font>
						<align>left</align>
						<textcolor>white</textcolor>
						<pagecontrol></pagecontrol>
						<label>$INFO[ListItem.TagLine,,[CR]]$INFO[ListItem.Plot]</label>
						
						<visible>!Control.IsVisible(50) + !Control.HasFocus(499) + [true | System.GetBool(videolibrary.showunwatchedplots) | !String.IsEmpty(ListItem.PlayCount)]</visible>
						
						<animation effect="fade" start="0" end="99" time="0" condition="true">Conditional</animation>
					</control>
					
					<control type="textbox">
						<description>Plot Text</description>
						<left>36</left>
						<top>400</top>
						<width>682</width>
						<height>244</height>
						
						<font>Light20+</font>
						<align>left</align>
						<textcolor>white</textcolor>
						<pagecontrol></pagecontrol>
						<label>$INFO[ListItem.TagLine,,[CR]]$INFO[ListItem.Plot]</label>
						
						<autoscroll time="2000" delay="10000" repeat="10000">Skin.HasSetting(AutoScroll)</autoscroll>
						
						<visible>!Control.IsVisible(50) + Control.HasFocus(499) + [true | System.GetBool(videolibrary.showunwatchedplots) | !String.IsEmpty(ListItem.PlayCount)]</visible>
					</control>
				
				</control>
				</control>

				

				
				
				<!-- ACTORS -->
				<control type="panel" id="50">
					<left>26</left>
					<top>406</top><!-- 330 -->
					<width>750</width><!-- 765 -->
					<height>350</height>
					<ondown condition="System.hasAddon(script.extendedinfo) + Control.HasFocus(50) + !String.IsEmpty(Container(50).ListItem.Label)">RunScript(script.extendedinfo,info=extendedactorinfo,name=$INFO[Container(50).ListItem.Label])</ondown>
					<ondown condition="!System.hasAddon(script.extendedinfo)">InstallAddon(script.extendedinfo)</ondown>
					<onup>9000</onup>
					
					<viewtype label="">list</viewtype>
					<pagecontrol></pagecontrol>
					<scrolltime tween="sine" easing="inout">325</scrolltime>
					<orientation>horizontal</orientation>
					
					<itemlayout width="180" height="350">
						<control type="image">
							<left>10</left>
							<top>0</top>
							<width>160</width>
							<height>228</height>
							<aspectratio>scale</aspectratio>
							<texture fallback="DefaultActorSolid.png" colordiffuse="ffb2b2b2">$INFO[Listitem.Thumb]</texture>
						</control>
						<control type="textbox">
							<description>Actor and Role</description>
							<left>8</left>
							<top>232</top>
							<width>164</width>
							<height>60</height>
							<font>Regular16</font>
							<align>center</align>
							<selectedcolor>white</selectedcolor>
							<label>$INFO[ListItem.Label]$INFO[ListItem.Label2,[COLOR FF999999][CR],[/COLOR]]</label>
							<animation effect="fade" end="65" time="0" condition="true">Conditional</animation>
						</control>
					</itemlayout>
					
					<focusedlayout width="180" height="350">
						<control type="image">
							<left>10</left>
							<top>0</top>
							<width>160</width>
							<height>228</height>
							<aspectratio>scale</aspectratio>
							<texture fallback="DefaultActorSolid.png">$INFO[Listitem.Thumb]</texture>
						</control>
						<control type="image">
							<left>10</left>
							<top>0</top>
							<width>160</width>
							<height>228</height>
							<aspectratio>scale</aspectratio>
							<bordertexture border="4">_added_img/focus_border_2px.png</bordertexture>
							<bordersize>2</bordersize>
							<texture>_added_img/posterwall_100x100_clear.png</texture>
						</control>
						<control type="textbox">
							<description>Actor and Role</description>
							<left>8</left>
							<top>232</top>
							<width>164</width>
							<height>60</height>
							<font>Regular16</font>
							<align>center</align>
							<selectedcolor>white</selectedcolor>
							<label>$INFO[ListItem.Label]$INFO[ListItem.Label2,[COLOR FF999999][CR],[/COLOR]]</label>
						</control>
					</focusedlayout>
					
				</control>
				
				
				
				<control type="grouplist" id="9000">
					<left>36</left>
					<top>336</top><!-- 654 660 -->
					<width>740</width><!-- 758 -->
					<height>120</height>
					<itemgap>2</itemgap>
					<align>left</align>
					<orientation>horizontal</orientation>
					<onleft>9000</onleft>
					<onright>9000</onright>
					<onup>49</onup>
					<ondown condition="Control.IsVisible(50)">50</ondown>
					<ondown condition="!Control.IsVisible(50)">499</ondown>
					
					
					
					<control type="radiobutton" id="888">
						<description>Close Info</description>
						<width>144</width>
						<height>50</height>
						<label>$LOCALIZE[15067]</label>
						<onclick>Dialog.Close(all,true)</onclick>
						<visible>!String.IsEmpty(Window(home).Property(OSDinfodialogButtonActive))</visible>
						
						<textureradiooffnofocus>_added_img/icon_close.png</textureradiooffnofocus>
						<textureradioofffocus>_added_img/icon_close.png</textureradioofffocus>
						
						<textureradioonnofocus>_added_img/icon_close.png</textureradioonnofocus>
						<textureradioonfocus>_added_img/icon_close.png</textureradioonfocus>
						
						<textureradiooffdisabled></textureradiooffdisabled>
						<textureradioondisabled></textureradioondisabled>
						
						<include condition="String.Contains(System.Language,English)">PlayButtonEnglishStyle</include>
						<radioposx>16</radioposx>
						<radioposy>12</radioposy>
						
						<align>left</align>
						
						<textoffsetx>48</textoffsetx>
						<textwidth>92</textwidth>
						
						<radiowidth>28</radiowidth>
						<radioheight>28</radioheight>
						
						<include content="ButtonInfoDialogsCommonValues"><param name="colordiffuseNF" value="77202020" /></include>
						
					</control>
					
					
					
					<control type="radiobutton" id="8">
						
						
						<onclick condition="String.IsEmpty(Window(home).Property(DialogVideoInfoPlaySpamProtection))">SetProperty(DialogVideoInfoPlaySpamProtection,True,home)</onclick>
						<onclick condition="!String.IsEmpty(Window(home).Property(DialogVideoInfoPlaySpamProtection))">Dialog.Close(VideoOSD)</onclick>
						
						<onclick>AlarmClock(DialogVideoInfoPlaySpamProtectionTimer,ClearProperty(DialogVideoInfoPlaySpamProtection,home),00:00:01,silent)</onclick>
						
						
						<description>Play/browse to Show</description>
						<width>144</width>
						<height>50</height>
						<label>$VAR[PlayButtonLabel]</label>
						
						
						<visible>String.IsEmpty(Window(home).Property(OSDinfodialogButtonActive))</visible>
						
						
						<include condition="Container.Content(TVShows)">PlayButtonNoRadioButton</include>
						
						<textureradiooffnofocus>_added_img/icon_play.png</textureradiooffnofocus>
						<textureradioofffocus>_added_img/icon_play.png</textureradioofffocus>
						
						<textureradioonnofocus>_added_img/icon_play.png</textureradioonnofocus>
						<textureradioonfocus>_added_img/icon_play.png</textureradioonfocus>
						
						<textureradiooffdisabled></textureradiooffdisabled>
						<textureradioondisabled></textureradioondisabled>
						
						<include condition="String.Contains(System.Language,English)">PlayButtonEnglishStyle</include>
						<radioposx>16</radioposx>
						<radioposy>12</radioposy>
						
						<align>left</align>
						
						<textoffsetx>48</textoffsetx>
						<textwidth>92</textwidth>
						
						<radiowidth>28</radiowidth>
						<radioheight>28</radioheight>
						
						<include content="ButtonInfoDialogsCommonValues"><param name="colordiffuseNF" value="77202020" /></include>
						
					</control>
					
					
					
					
					
					
					
					
					
					<control type="radiobutton" id="98155">
						<description></description>
						<width>144</width>
						<height>50</height>
						
						<label>$VAR[MyListLabel]</label>
						
						<onclick condition="true">SetProperty(CinemaHelper.UserRating.DbId,$ESCINFO[ListItem.DbId],home)</onclick>
						<onclick condition="true">SetProperty(CinemaHelper.UserRating.DbType,$ESCINFO[ListItem.DBTYPE],home)</onclick>
						
						<!-- NOT on My List -->
						<onclick condition="[ String.IsEmpty(Window(home).Property(CinemaHelper.UserRating.Action)) + !String.IsEqual(ListItem.UserRating,1) ] 
																	| String.IsEqual(Window(home).Property(CinemaHelper.UserRating.Action),WatchListRemove)">
																	SetProperty(CinemaHelper.UserRating.Action,WatchListAdd,home)</onclick>
						
						<!-- IS on  My List -->
						<onclick condition="[ String.IsEmpty(Window(home).Property(CinemaHelper.UserRating.Action)) + String.IsEqual(ListItem.UserRating,1) ]  
																	| String.IsEqual(Window(home).Property(CinemaHelper.UserRating.Action),WatchListAdd)">
																	SetProperty(CinemaHelper.UserRating.Action,WatchListRemove,home)</onclick>
						
						<onclick condition="true">SetProperty(CinemaHelper.UserRating.PROCESS,True,home)</onclick>
						
						<visible>Skin.HasSetting(EnableMyList) + [String.IsEqual(ListItem.DBTYPE,movie) | String.IsEqual(ListItem.DBTYPE,episode) | String.IsEqual(ListItem.DBTYPE,tvshow)]  + !String.IsEmpty(ListItem.IMDBNumber) + !String.IsEmpty(ListItem.DbId) + String.IsEmpty(Container.PluginName) + [Container.Content(TVShows) | Container.Content(Episodes) | Container.Content(Movies)]</visible>
						
						<textureradiooffnofocus>_added_img/icon_plus.png</textureradiooffnofocus>
						<textureradioofffocus>_added_img/icon_plus_green.png</textureradioofffocus>
						
						<textureradioonnofocus>_added_img/icon_mylist.png</textureradioonnofocus>
						<textureradioonfocus>_added_img/icon_minus_red.png</textureradioonfocus>
						
						<textureradiooffdisabled></textureradiooffdisabled>
						<textureradioondisabled></textureradioondisabled>
						
						<radioposx>100</radioposx>
						<radioposy>12</radioposy>
						
						<align>right</align>
						
						<textoffsetx>46</textoffsetx>
						<textwidth>92</textwidth>
						
						<radiowidth>28</radiowidth>
						<radioheight>28</radioheight>
						
						<include content="ButtonInfoDialogsCommonValues"><param name="colordiffuseNF" value="77202020" /></include>
						
						<selected>[ String.IsEmpty(Window(home).Property(CinemaHelper.UserRating.Action)) + String.IsEqual(ListItem.UserRating,1) ]  
																	| String.IsEqual(Window(home).Property(CinemaHelper.UserRating.Action),WatchListAdd)</selected>
						
					</control>
					
					
					
					
					<control type="radiobutton" id="98156">
						<description></description>
						<width>144</width>
						<height>50</height>
						
						<label>$VAR[WatchedStateLabel]</label>
						
						<onclick condition="true">SetProperty(CinemaHelper.WatchedState.DbId,$ESCINFO[ListItem.DbId],home)</onclick>
						<onclick condition="true">SetProperty(CinemaHelper.WatchedState.DbType,$ESCINFO[ListItem.DBTYPE],home)</onclick>
						
						<!-- NOT Watched -->
						<onclick condition="[ String.IsEmpty(Window(home).Property(CinemaHelper.WatchedState.Action)) + String.IsEmpty(ListItem.PlayCount) ]  
																	| String.IsEqual(Window(home).Property(CinemaHelper.WatchedState.Action),SetNotWatched)">
																	SetProperty(CinemaHelper.WatchedState.Action,SetWatched,home)</onclick>
						<!-- IS Watched -->
						<onclick condition="[ String.IsEmpty(Window(home).Property(CinemaHelper.WatchedState.Action)) + !String.IsEmpty(ListItem.PlayCount) ] 
																	| String.IsEqual(Window(home).Property(CinemaHelper.WatchedState.Action),SetWatched)">
																	SetProperty(CinemaHelper.WatchedState.Action,SetNotWatched,home)</onclick>
						<onclick condition="true">SetProperty(CinemaHelper.WatchedState.PROCESS,True,home)</onclick>
						
						
						
						<visible>[String.IsEqual(ListItem.DBTYPE,movie) | String.IsEqual(ListItem.DBTYPE,episode)]  + !String.IsEmpty(ListItem.IMDBNumber) + !String.IsEmpty(ListItem.DbId) + String.IsEmpty(Container.PluginName) + [Container.Content(Episodes) | Container.Content(Movies)]</visible>
						
						<textureradiooffnofocus>_added_img/icon_plus.png</textureradiooffnofocus>
						<textureradioofffocus>_added_img/icon_plus_green.png</textureradioofffocus>
						
						<textureradioonnofocus>_added_img/icon_watched.png</textureradioonnofocus>
						<textureradioonfocus>_added_img/icon_minus_red.png</textureradioonfocus>
						
						<textureradiooffdisabled></textureradiooffdisabled>
						<textureradioondisabled></textureradioondisabled>
						
						<radioposx>106</radioposx>
						<radioposy>12</radioposy>
						
						<align>right</align>
						
						<textoffsetx>36</textoffsetx>
						<textwidth>102</textwidth>
						
						<radiowidth>28</radiowidth>
						<radioheight>28</radioheight>
						
						<include content="ButtonInfoDialogsCommonValues"><param name="colordiffuseNF" value="77202020" /></include>
						
						<selected>[ String.IsEmpty(Window(home).Property(CinemaHelper.WatchedState.Action)) + !String.IsEmpty(ListItem.PlayCount) ] 
																					| String.IsEqual(Window(home).Property(CinemaHelper.WatchedState.Action),SetWatched)</selected>
						
					</control>
					

					<control type="button" id="5">
						<description>Cast/Review</description>
						<width>144</width>
						<height>50</height>
						<include content="ButtonInfoDialogsCommonValues"><param name="colordiffuseNF" value="77202020" /></include>
						<label>206</label>
						<enable>!String.IsEmpty(ListItem.Cast)</enable>
						<visible>[!String.StartsWith(container.folderpath,plugin://plugin.video.youtube) + !String.StartsWith(container.folderpath,plugin://plugin.video.hdtrailers_net)]</visible>
					</control>
					
					<control type="button" id="11">
						<description>Play Trailer</description>
						<width>144</width>
						<height>50</height>
						<include content="ButtonInfoDialogsCommonValues"><param name="colordiffuseNF" value="77202020" /></include>
						<label>20410</label>
						<visible>[!String.IsEmpty(ListItem.Trailer) + !Container.Content(Movies)] | [!String.IsEmpty(ListItem.Trailer) + !Skin.HasSetting(HideTrailerButtonInVideoInfoDialog) + Container.Content(Movies)]</visible>
					</control>
					
					<control type="button" id="998965">
						<description>Trailer Search</description>
						<width>144</width>
						<height>50</height>
						<include content="ButtonInfoDialogsCommonValues"><param name="colordiffuseNF" value="77202020" /></include>
						<label>$LOCALIZE[20410] $LOCALIZE[137]</label>
						
						<onclick>SetProperty(TempValueAxbmcuser1,$ESCINFO[ListItem.Title],home)</onclick>
						<onclick>SetProperty(TempValueAxbmcuser2,$ESCINFO[ListItem.Year],home)</onclick>
						
						<onclick condition="String.IsEqual(Skin.String(TrailerSearchMethod),0) | String.IsEmpty(Skin.String(TrailerSearchMethod))">Dialog.Close(all,true)</onclick>
						<onclick condition="String.IsEqual(Skin.String(TrailerSearchMethod),0) | String.IsEmpty(Skin.String(TrailerSearchMethod))">ActivateWindow(Videos,"plugin://plugin.video.youtube/kodion/search/query/?q=$INFO[Window(home).Property(TempValueAxbmcuser1)] Trailer $VAR[TrailerSearchLanguageString]$INFO[Window(home).Property(TempValueAxbmcuser2)]",return)</onclick>
						
						<onclick condition="String.IsEqual(Skin.String(TrailerSearchMethod),1)">RunScript("special://skin/720p/_yt_trailer_search.py",$ESCINFO[ListItem.Title],$ESCINFO[ListItem.Year],$VAR[TrailerSearchLanguageString])</onclick>
						
						<visible>Container.Content(Movies) + [!String.StartsWith(container.folderpath,plugin://plugin.video.youtube) + !String.StartsWith(container.folderpath,plugin://plugin.video.hdtrailers_net)]</visible>
					</control>
					
					<control type="button" id="88">
						<description>Extended Info</description>
						<width>144</width>
						<height>50</height>
						<include content="ButtonInfoDialogsCommonValues"><param name="colordiffuseNF" value="77202020" /></include>
						<label>Extended Info</label>
						<onclick condition="System.hasAddon(script.extendedinfo)">RunScript(script.extendedinfo,info=extendedinfo,dbid=$INFO[ListItem.DBID])</onclick>
						<onclick condition="!System.hasAddon(script.extendedinfo)">InstallAddon(script.extendedinfo)</onclick>
						<visible>String.IsEmpty(Container.PluginName) + [Container.Content(Movies)] + !String.IsEmpty(ListItem.DBID)</visible>
					</control>
					
					
					
					<control type="button" id="89">
						<description>Same Director</description>
						<width>144</width>
						<height>50</height>
						<include content="ButtonInfoDialogsCommonValues"><param name="colordiffuseNF" value="77202020" /></include>
						<label>$LOCALIZE[20339]</label>
						<onclick>SendClick(2003,13)</onclick>
						<visible>!String.IsEmpty(ListItem.Director)</visible>
					</control>
					
					<control type="button" id="87">
						<description>View Set</description>
						<width>144</width>
						<height>50</height>
						<include content="ButtonInfoDialogsCommonValues"><param name="colordiffuseNF" value="77202020" /></include>
						<label>[CAPITALIZE]$LOCALIZE[36910][/CAPITALIZE]</label>
						
						<!--
						<onclick>Dialog.Close(12003)</onclick>
						<onclick>Dialog.Close(all,true)</onclick>
						-->
						
						<onclick>SetProperty(TempValueAxbmcuser1,$ESCINFO[ListItem.SetId],home)</onclick>
						<onclick>SetProperty(TempValueAxbmcuser2,"",home)</onclick>
						<onclick>Dialog.Close(all,true)</onclick>
						<!--<onclick>ActivateWindow(Videos,videodb://movies/sets/$INFO[Window(home).Property(TempValueAxbmcuser1)],return)</onclick>--><!-- Kodi 17 -->
						<onclick>ActivateWindow(Videos,videodb://movies/sets/$INFO[Window(home).Property(TempValueAxbmcuser1)]/?setid=$INFO[Window(home).Property(TempValueAxbmcuser1)],return)</onclick><!-- Kodi 18+ (also works for 17) -->
						<visible>!String.IsEmpty(ListItem.SetId)</visible>
					</control>
					
					<control type="button" id="7">
						<description>Set my rating</description>
						<width>144</width>
						<height>50</height>
						<include content="ButtonInfoDialogsCommonValues"><param name="colordiffuseNF" value="77202020" /></include>
						<label>38023</label>
						<visible>Control.IsEnabled(7) + [!String.StartsWith(container.folderpath,plugin://plugin.video.youtube) + !String.StartsWith(container.folderpath,plugin://plugin.video.hdtrailers_net)]</visible>
					</control>
					
					<control type="button" id="10">
						<description>Get Thumb</description>
						<width>144</width>
						<height>50</height>
						<include content="ButtonInfoDialogsCommonValues"><param name="colordiffuseNF" value="77202020" /></include>
						<label>13511</label>
						<visible>[!String.StartsWith(container.folderpath,plugin://plugin.video.youtube) + !String.StartsWith(container.folderpath,plugin://plugin.video.hdtrailers_net)]</visible>
					</control>
					
					<control type="button" id="6">
						<description>Refresh</description>
						<width>144</width>
						<height>50</height>
						<include content="ButtonInfoDialogsCommonValues"><param name="colordiffuseNF" value="77202020" /></include>
						<label>184</label>
						<visible>[!String.StartsWith(container.folderpath,plugin://plugin.video.youtube) + !String.StartsWith(container.folderpath,plugin://plugin.video.hdtrailers_net)]</visible>
						<onclick>SetProperty(VideoInfoDialogRefreshBlur,True,home)</onclick>
					</control>
					
					<control type="button" id="99">
						<description>Dummy</description>
						<width>10</width>
						<height>50</height>
						<include content="ButtonInfoDialogsCommonValues"><param name="colordiffuseNF" value="77202020" /></include>
						<label></label>
						<enable>false</enable>
						<animation effect="fade" end="0" time="0" condition="true">Conditional</animation>
					</control>
					

					
					
				</control>

				
				
				
			</control>
			
			
			
			
			
		</control>
		
		
		
		

		
	</controls>
</window>
