<?xml version="1.0" encoding="UTF-8"?>
<includes>
	
	<include name="DefaultDialogSelectLayout">
		<control type="group">
			
			<left>234</left>
			<top>74</top>
			
			<animation effect="slide" start="0,0" end="0,46" time="0" condition="[Control.IsVisible(3) + !Integer.IsGreater(Container(3).NumItems,4)] | [Control.IsVisible(6) + !Integer.IsGreater(Container(6).NumItems,2)]">Conditional</animation>
			<animation effect="slide" start="0,0" end="0,46" time="0" condition="[Control.IsVisible(3) + !Integer.IsGreater(Container(3).NumItems,6)] | [Control.IsVisible(6) + !Integer.IsGreater(Container(6).NumItems,3)]">Conditional</animation>
			<animation effect="slide" start="0,0" end="0,46" time="0" condition="[Control.IsVisible(3) + !Integer.IsGreater(Container(3).NumItems,8)] | [Control.IsVisible(6) + !Integer.IsGreater(Container(6).NumItems,4)]">Conditional</animation>
			
			<control type="image">
				<description>background image</description>
				<left>0</left>
				<top>0</top>
				<width>850</width>
				<height>550</height>
				<texture border="40">$VAR[SelectBack]</texture>
				<visible>[Control.IsVisible(3) + Integer.IsGreater(Container(3).NumItems,8)] | [Control.IsVisible(6) + Integer.IsGreater(Container(6).NumItems,4)]</visible>
			</control>
			<control type="image">
				<description>background image</description>
				<left>0</left>
				<top>0</top>
				<width>850</width>
				<height>458</height>
				<texture border="40">$VAR[SelectBack]</texture>
				<visible>[Control.IsVisible(3) + Integer.IsGreater(Container(3).NumItems,6) + !Integer.IsGreater(Container(3).NumItems,8)] | [Control.IsVisible(6) + Integer.IsGreater(Container(6).NumItems,3) + !Integer.IsGreater(Container(6).NumItems,4)]</visible>
			</control>
			<control type="image">
				<description>background image</description>
				<left>0</left>
				<top>0</top>
				<width>850</width>
				<height>366</height>
				<texture border="40">$VAR[SelectBack]</texture>
				<visible>[Control.IsVisible(3) + Integer.IsGreater(Container(3).NumItems,4) + !Integer.IsGreater(Container(3).NumItems,6)] | [Control.IsVisible(6) + Integer.IsGreater(Container(6).NumItems,2) + !Integer.IsGreater(Container(6).NumItems,3)]</visible>
			</control>
			<control type="image">
				<description>background image</description>
				<left>0</left>
				<top>0</top>
				<width>850</width>
				<height>274</height>
				<texture border="40">$VAR[SelectBack]</texture>
				<visible>[Control.IsVisible(3) + !Integer.IsGreater(Container(3).NumItems,4)] | [Control.IsVisible(6) + !Integer.IsGreater(Container(6).NumItems,2)]</visible>
			</control>
			<control type="image">
				<description>Dialog Header image</description>
				<left>6</left>
				<top>6</top>
				<width>838</width>
				<height>44</height>
				<texture>dialogheader.png</texture>
			</control>
			<control type="label" id="1">
				<description>header label</description>
				<left>40</left>
				<top>12</top>
				<width>770</width>
				<height>30</height>
				<font>Light26</font>
				<label>$LOCALIZE[13406]</label>
				<align>center</align>
				<aligny>center</aligny>
				<textcolor>selected</textcolor>
			</control>
			<control type="label" id="4">
				<description>No Settings Label</description>
				<left>20</left>
				<top>120</top>
				<width>550</width>
				<align>center</align>
				<font>Regular21</font>
			</control>
			
			
			<control type="list" id="3">
				<left>20</left>
				<top>66</top>
				<width>550</width>
				<height>460</height>
				<onup>3</onup>
				<ondown>3</ondown>
				<onleft>3</onleft>
				<onright>90</onright>
				<pagecontrol>61</pagecontrol>
				<include>ScrollTimeOld</include>
				<itemlayout height="46" width="550">
					<control type="label">
						<left>20</left>
						<top>0</top>
						<width>510</width>
						<height>42</height>
						<font>Regular22</font>
						<textcolor>grey2</textcolor>
						<selectedcolor>selected</selectedcolor>
						<align>left</align>
						<aligny>center</aligny>
						<label>$INFO[ListItem.Label]</label>
					</control>
				</itemlayout>
				<focusedlayout height="46" width="550">
					<control type="image">
						<left>0</left>
						<top>0</top>
						<width>550</width>
						<height>44</height>
						<texture border="4">button-focus.png</texture>
						<visible>Control.HasFocus(3)</visible>
						<include>VisibleFadeEffect</include>
					</control>
					<control type="label">
						<left>20</left>
						<top>0</top>
						<width>510</width>
						<height>42</height>
						<font>Regular22</font>
						<textcolor>white</textcolor>
						<selectedcolor>selected</selectedcolor>
						<align>left</align>
						<aligny>center</aligny>
						<label>$INFO[ListItem.Label]</label>
					</control>
				</focusedlayout>
			</control>
			
			
			
			<control type="list" id="6">
				<left>20</left>
				<top>66</top>
				<width>550</width>
				<height>460</height>
				<onup>6</onup>
				<ondown>6</ondown>
				<onleft>6</onleft>
				<onright>90</onright>
				<pagecontrol>61</pagecontrol>
				<include>ScrollTimeOld</include>
				
				<itemlayout height="92" width="550" condition="!Window.IsVisible(MovieInformation) | [ Window.IsVisible(MovieInformation) + !String.IsEqual(Control.GetLabel(1),$LOCALIZE[283]) ] "><!-- #283 = Search results -->
					<control type="image">
						<left>3</left>
						<top>3</top>
						<width>80</width>
						<height>80</height>
						<texture>$INFO[Listitem.Icon]</texture>
						<aspectratio>keep</aspectratio>
					</control>
					<control type="label">
						<left>90</left>
						<top>2</top>
						<width>450</width>
						<height>30</height>
						<font>Regular21</font>
						<textcolor>grey</textcolor>
						<selectedcolor>selected</selectedcolor>
						<align>left</align>
						<aligny>center</aligny>
						<label>$INFO[ListItem.Label]</label>
					</control>
					<control type="textbox">
						<left>90</left>
						<top>34</top>
						<width>450</width>
						<height>48</height>
						<font>Light17</font>
						<textcolor>grey</textcolor>
						<selectedcolor>selected</selectedcolor>
						<align>left</align>
						<label>$INFO[ListItem.Label2]</label>
					</control>
				</itemlayout>
				<focusedlayout height="92" width="550" condition="!Window.IsVisible(MovieInformation) | [ Window.IsVisible(MovieInformation) + !String.IsEqual(Control.GetLabel(1),$LOCALIZE[283]) ]"><!-- #283 = Search results -->
					<control type="image">
						<left>0</left>
						<top>0</top>
						<width>550</width>
						<height>86</height>
						<texture border="4">button-focus.png</texture>
						<visible>Control.HasFocus(6)</visible>
						<include>VisibleFadeEffect</include>
					</control>
					<control type="image">
						<left>3</left>
						<top>3</top>
						<width>80</width>
						<height>80</height>
						<texture>$INFO[Listitem.Icon]</texture>
						<aspectratio>keep</aspectratio>
					</control>
					<control type="label">
						<left>90</left>
						<top>2</top>
						<width>450</width>
						<height>30</height>
						<font>Regular21</font>
						<textcolor>white</textcolor>
						<selectedcolor>selected</selectedcolor>
						<align>left</align>
						<aligny>center</aligny>
						<label>$INFO[ListItem.Label]</label>
					</control>
					<control type="textbox">
						<left>90</left>
						<top>34</top>
						<width>450</width>
						<height>48</height>
						<font>Light17</font>
						<textcolor>grey</textcolor>
						<selectedcolor>selected</selectedcolor>
						<align>left</align>
						<label>$INFO[ListItem.Label2]</label>
					</control>
				</focusedlayout>
				
				<itemlayout height="92" width="550" condition="Window.IsVisible(MovieInformation) + String.IsEqual(Control.GetLabel(1),$LOCALIZE[283])"><!-- #283 = Search results -->
					<control type="image">
						<left>3</left>
						<top>3</top>
						<width>80</width>
						<height>80</height>
						<texture colordiffuse="ffcecece">$VAR[DialogSelectSearchImage]</texture><!-- KODI 19 fix and KODI 18+17 backport just to be in sync -->
						<aspectratio aligny="center">keep</aspectratio>
					</control>
					<control type="label">
						<left>90</left>
						<top>2</top>
						<width>452</width>
						<height>66</height>
						<font>Regular21</font>
						<textcolor>grey</textcolor>
						<selectedcolor>selected</selectedcolor>
						<align>left</align>
						<aligny>center</aligny>
						<label>$INFO[ListItem.Label]</label>
					</control>
					<control type="image">
						<left>88</left>
						<top>46</top>
						<width>22</width>
						<height>22</height>
						<aspectratio>keep</aspectratio>
						<texture background="true" colordiffuse="ffa2a2a2">OverlayWatched.png</texture>
						<!--<animation effect="fade" end="85" time="0" condition="true">Conditional</animation>-->
						<visible>String.IsEqual(ListItem.Label2,$LOCALIZE[16102])</visible>
					</control>
				</itemlayout>
				<focusedlayout height="92" width="550" condition="Window.IsVisible(MovieInformation) + String.IsEqual(Control.GetLabel(1),$LOCALIZE[283])"><!-- #283 = Search results -->
					<control type="image">
						<left>0</left>
						<top>0</top>
						<width>550</width>
						<height>86</height>
						<texture border="4">button-focus.png</texture>
						<visible>Control.HasFocus(6)</visible>
						<include>VisibleFadeEffect</include>
					</control>
					<control type="image">
						<left>3</left>
						<top>3</top>
						<width>80</width>
						<height>80</height>
						<texture>$VAR[DialogSelectSearchImage]</texture><!-- KODI 19 fix and KODI 18+17 backport just to be in sync -->
						<aspectratio aligny="center">keep</aspectratio>
					</control>
					<control type="label">
						<left>90</left>
						<top>2</top>
						<width>452</width>
						<height>66</height>
						<font>Regular21</font>
						<textcolor>white</textcolor>
						<selectedcolor>selected</selectedcolor>
						<align>left</align>
						<aligny>center</aligny>
						<label>$INFO[ListItem.Label]</label>
					</control>
					<control type="image">
						<left>88</left>
						<top>46</top>
						<width>22</width>
						<height>22</height>
						<aspectratio>keep</aspectratio>
						<texture background="true">OverlayWatched.png</texture>
						<!--<animation effect="fade" end="85" time="0" condition="true">Conditional</animation>-->
						<visible>String.IsEqual(ListItem.Label2,$LOCALIZE[16102])</visible>
					</control>
				</focusedlayout>
				
			</control>
			
			
			
			<control type="scrollbar" id="61">
				<visible>Control.IsVisible(3)</visible>
				<left>582</left>
				<top>66</top>
				<include>scrollBarStyleDefaultWidth</include>
				<height>458</height>
				<onleft condition="Control.IsVisible(3)">3</onleft>
				<onleft condition="Control.IsVisible(6)">6</onleft>
				<onright>90</onright>
				<ondown>61</ondown>
				<onup>61</onup>
				<showonepage>false</showonepage>
				
				<include>scrollBarStyleDefault</include>
				
			</control>
			<control type="scrollbar" id="61">
				<visible>Control.IsVisible(6)</visible>
				<left>582</left>
				<top>66</top>
				<include>scrollBarStyleDefaultWidth</include>
				<height>454</height>
				<onleft condition="Control.IsVisible(3)">3</onleft>
				<onleft condition="Control.IsVisible(6)">6</onleft>
				<onright>90</onright>
				<ondown>62</ondown>
				<onup>62</onup>
				<showonepage>false</showonepage>
				
				<include>scrollBarStyleDefault</include>
				
			</control>
			<control type="group">
				<control type="grouplist" id="90">
					<left>612</left>
					<top>100</top>
					
					<onup>noop</onup>
					<onleft condition="Control.IsVisible(3)">3</onleft>
					<onleft condition="Control.IsVisible(6)">6</onleft>
					<onright>90</onright>
					<ondown>noop</ondown>
					
					<control type="button" id="5">
						<description>Manual button</description>
						<width>200</width>
						<height>48</height>
						<label></label>
						<include>ButtonInfoDialogsCommonValues</include>
					</control>
					<control type="button" id="7">
						<description>Cancel button</description>
						<width>200</width>
						<height>48</height>
						<label>$LOCALIZE[222]</label>
						<include>ButtonInfoDialogsCommonValues</include>
					</control>
				</control>
			</control>
		</control>
	</include>
	
	
	
	<include name="GameDialogSelectLayout">
		<control type="group">
			<left>0</left>
			<top>408</top>
			<control type="image">
				<description>background image</description>
				<left>0</left>
				<top>0</top>
				<width>1280</width>
				<height>314</height>
				<texture>colors/black.png</texture>
			</control>
			<control type="label">
				<description>header label</description>
				<left>40</left>
				<top>20</top>
				<width>1240</width>
				<height>30</height>
				<font>Light26</font>
				<label>$VAR[GameSelectHeader]</label>
				<align>center</align>
				<aligny>center</aligny>
				<textcolor>selected</textcolor>
			</control>
			<control type="panel" id="11">
				<left>20</left>
				<top>65</top>
				<width>1200</width>
				<height>215</height>
				<onleft>11</onleft>
				<onright>11</onright>
				<ondown>noop</ondown>
				<onup>noop</onup>
				<include>ScrollTimeOld</include>
				<viewtype label="536">icon</viewtype>
				<orientation>horizontal</orientation>
				<pagecontrol/>
				<orientation>vertical</orientation>
				<itemlayout height="215" width="240">
					<control type="image">
						<left>2</left>
						<top>2</top>
						<width>235</width>
						<height>211</height>
						<texture border="3">button.png</texture>
					</control>
					<control type="gamewindow">
						<left>7</left>
						<top>20</top>
						<width>220</width>
						<height>150</height>
						<viewmode>$INFO[ListItem.Property(game.viewmode)]</viewmode>
						<videofilter>$INFO[ListItem.Property(game.videofilter)]</videofilter>
						<rotation>$INFO[ListItem.Property(game.videorotation)]</rotation>
					</control>
					<control type="label">
						<left>7</left>
						<top>185</top>
						<width>226</width>
						<height>15</height>
						<font>Regular20</font>
						<selectedcolor>selected</selectedcolor>
						<align>center</align>
						<aligny>center</aligny>
						<label>$INFO[ListItem.Label]$INFO[ListItem.Label2, (,)]</label>
					</control>
				</itemlayout>
				<focusedlayout height="215" width="240">
					<control type="image">
						<left>2</left>
						<top>2</top>
						<width>235</width>
						<height>211</height>
						<texture border="4">_added_img/focus_border_2px.png</texture>
					</control>
					<control type="gamewindow">
						<left>7</left>
						<top>20</top>
						<width>220</width>
						<height>150</height>
						<viewmode>$INFO[ListItem.Property(game.viewmode)]</viewmode>
						<videofilter>$INFO[ListItem.Property(game.videofilter)]</videofilter>
						<rotation>$INFO[ListItem.Property(game.videorotation)]</rotation>
					</control>
					<control type="label">
						<left>7</left>
						<top>185</top>
						<width>226</width>
						<height>15</height>
						<font>Regular20</font>
						<selectedcolor>selected</selectedcolor>
						<align>center</align>
						<aligny>center</aligny>
						<label>$INFO[ListItem.Label]$INFO[ListItem.Label2, (,)]</label>
					</control>
				</focusedlayout>
			</control>
		</control>
	</include>
	
	
	
</includes>
