<?xml version="1.0" encoding="UTF-8"?>
<window>
	<defaultcontrol always="true">3</defaultcontrol>
	<include>dialogeffect</include>
	<controls>
		<include condition="Window.IsVisible(addoninformation)">BehindDialogDarkBackgroundLighter</include>
		<include condition="!Window.IsVisible(addoninformation)">BehindDialogDarkBackground</include>
		<control type="group">
			<left>360</left>
			<top>75</top>
			<include content="DialogBackgroundCommons">
				<param name="DialogBackgroundWidth" value="1200" />
				<param name="DialogBackgroundHeight" value="900" />
				<param name="DialogHeaderWidth" value="1180" />
				<param name="DialogHeaderLabelWidth" value="1158" />
				<param name="DialogHeaderLabel" value="" />
				<param name="DialogHeaderId" value="2" />
			</include>
			<control type="grouplist" id="3">
				<description>Categories Area</description>
				<left>68</left>
				<top>105</top>
				<width>1065</width>
				<height>60</height>
				<itemgap>8</itemgap>
				<align>center</align>
				<orientation>horizontal</orientation>
				<onleft>3</onleft>
				<onright>3</onright>
				<onup>9</onup>
				<ondown>5</ondown>
			</control>
			<control type="button" id="10">
				<description>Default Category Button</description>
				<height>60</height>
				<width>260</width>
				<align>center</align>
				<aligny>center</aligny>
				<font>Regular19</font>
				<textcolor>white</textcolor>
				<pulseonselect>false</pulseonselect>
			</control>
			<control type="image">
				<description>Has Previous</description>
				<left>38</left>
				<top>120</top>
				<width>30</width>
				<height>30</height>
				<texture>scroll-left-focus.png</texture>
				<visible>Container(3).HasPrevious</visible>
			</control>
			<control type="image">
				<description>Has Next</description>
				<left>1133</left>
				<top>120</top>
				<width>30</width>
				<height>30</height>
				<texture>scroll-right-focus.png</texture>
				<visible>Container(3).HasNext</visible>
			</control>
			<control type="grouplist" id="5">
				<description>control area</description>
				<left>60</left>
				<top>180</top>
				<width>1080</width>
				<height>570</height>
				<itemgap>8</itemgap>
				<pagecontrol>60</pagecontrol>
				<onup>3</onup>
				<ondown>9001</ondown>
				<onleft>5</onleft>
				<onright>60</onright>
			</control>
			<control type="scrollbar" id="60">
				<left>1161</left>
				<top>180</top>
				<include>scrollBarStyleDefaultWidth</include>
				<height>570</height>
				<onleft>5</onleft>
				<onright>60</onright>
				<showonepage>false</showonepage>
				<include>scrollBarStyleDefault</include>
			</control>
			<control type="button" id="7">
				<description>Default Button</description>
				<height>60</height>
				<font>Regular20</font>
				<textcolor>grey2</textcolor>
				<focusedcolor>white</focusedcolor>
				<texturefocus border="14">button-focus.png</texturefocus>
			</control>
			<control type="radiobutton" id="8">
				<description>Default RadioButton</description>
				<height>60</height>
				<textwidth>1002</textwidth>
				<font>Regular20</font>
				<textcolor>grey2</textcolor>
				<focusedcolor>white</focusedcolor>
				<texturefocus border="14">button-focus.png</texturefocus>
			</control>
			<control type="spincontrolex" id="9">
				<description>Default spincontrolex</description>
				<height>60</height>
				<textcolor>grey2</textcolor>
				<focusedcolor>white</focusedcolor>
				<texturenofocus></texturenofocus>
				<texturefocus border="14">button-focus.png</texturefocus>
				<font>Regular20</font>
				<aligny>center</aligny>
				<reverse>yes</reverse>
			</control>
			<control type="image" id="11">
				<description>separator image</description>
				<height>3</height>
				<texture border="0,0,0,6">separator3.png</texture>
			</control>
			<control type="edit" id="12">
				<description>Default Edit</description>
				<height>60</height>
				<font>Regular20</font>
				<textcolor>grey2</textcolor>
				<focusedcolor>white</focusedcolor>
				<texturenofocus></texturenofocus>
				<texturefocus border="14">button-focus.png</texturefocus>
			</control>
			<control type="sliderex" id="13">
				<description>Default Slider</description>
				<height>60</height>
				<font>Regular20</font>
				<textwidth>777</textwidth>
				<textcolor>grey2</textcolor>
				<focusedcolor>white</focusedcolor>
				<texturefocus border="14">button-focus.png</texturefocus>
			</control>
			<control type="label" id="14">
				<description>Default Heading</description>
				<height>53</height>
				<font>Light20</font>
				<label></label>
				<textcolor>blue</textcolor>
				<align>left</align>
				<aligny>center</aligny>
			</control>
			<control type="group" id="9001">
				<top>803</top>
				<left>135</left>
				<control type="button" id="28">
					<description>OK Button</description>
					<left>0</left>
					<top>0</top>
					<width>300</width>
					<height>63</height>
					<align>center</align>
					<aligny>center</aligny>
					<font>Regular21</font>
					<label></label>
					<onleft>30</onleft>
					<onright>29</onright>
					<onup>5</onup>
					<ondown>9001</ondown>
					<include>ButtonInfoDialogsCommonValues</include>
				</control>
				<control type="button" id="29">
					<description>Cancel Button</description>
					<left>315</left>
					<top>0</top>
					<width>300</width>
					<height>63</height>
					<align>center</align>
					<aligny>center</aligny>
					<font>Regular21</font>
					<label></label>
					<onleft>28</onleft>
					<onright>30</onright>
					<onup>5</onup>
					<ondown>9001</ondown>
					<include>ButtonInfoDialogsCommonValues</include>
				</control>
				<control type="button" id="30">
					<description>Settings Button</description>
					<left>630</left>
					<top>0</top>
					<width>300</width>
					<height>63</height>
					<align>center</align>
					<aligny>center</aligny>
					<font>Regular21</font>
					<label></label>
					<onleft>29</onleft>
					<onright>28</onright>
					<onup>5</onup>
					<ondown>9001</ondown>
					<include>ButtonInfoDialogsCommonValues</include>
				</control>
			</control>
		</control>
	</controls>
</window>
