<?xml version="1.0" encoding="UTF-8"?>
<window>
	<defaultcontrol always="true">51</defaultcontrol>
	<menucontrol>9000</menucontrol>
	
	<onload condition="!Skin.HasSetting(FirstTimeRun)">ActivateWindow(1112)</onload>
	
	<views>51,50,901,500,908,909,508,550,551,506,511,512,513,588</views>
	
	<controls>
		<include>CommonBackground</include>
		<include>ContentPanelBackgrounds</include>
		<control type="group">
			<include>Window_OpenClose_Animation</include>
			<!-- view id = 51 -->
			<include>FullWidthList</include>
			<!-- view id = 50 -->
			<include>CommonRootView</include>
			<!-- 901 -->
			<include>TextView</include>
			
			<!-- view id = 500, 908, 909 -->
			<!-- WALL VIEWS -->
			<include>WallView1</include>
			<include>WallView2</include>
			<include>WallView3</include>

			<include>PosterWrapView2_Fanart</include>
			<!-- NEW MODERN FANART -->
			<!-- view id = 506 -->
			<include>MusicInfoListView</include>
			
			<!-- view id = 509 -->
			<!-- Removed old music fanart view AlbumWrapView2_Fanart -->
			<!--<include>AlbumWrapView2_Fanart</include>-->
			
			<!-- view id = 511 -->
			<include>MusicVideoInfoListView</include>
			<!-- view id = 512 -->
			<include>ArtistMediaListView</include>
			<!-- view id = 513 -->
			<include>AlbumInfoListView</include>
			<!-- view id = 550 -->
			<include>AddonInfoListView1</include>
			<!-- view id = 551 -->
			<include>AddonInfoThumbView1</include>
			
			<!-- view id = 588 -->
			<include>SongsView</include>
			
		</control>
		
		<control type="group">
			<depth>DepthFooter</depth>
			<include>CommonNowPlaying</include>
		</control>
		
		
		<include>ScrollOffsetLabel</include>
		<include>BehindDialogFadeOut</include>
		
		<control type="group">
			<control type="group">
				<include content="CommonWindowHeader">
					<param name="Icon" value="icon_music" />
					<param name="Label" value="$LOCALIZE[10502]" />
				</include>
			</control>
			<visible>!Control.IsVisible(508)</visible>
		</control>
		
		
		
		<control type="group">
			<left>-429</left>
			<include>SideBladeLeft</include>
			<control type="grouplist" id="9000">
				<include>SideBladeLeftFadeInAni</include>
				<left>24</left>
				<top>90</top>
				<width>375</width>
				<height>975</height>
				<onleft>9000</onleft>
				<onright>50</onright>
				<onup>9000</onup>
				<ondown>9000</ondown>
				<onback>50</onback>
				<itemgap>0</itemgap>
				
				<control type="label" id="203">
					<width>375</width>
					<height>53</height>
					<font>Light18</font>
					<label>31039</label>
					<textcolor>blue</textcolor>
					<align>center</align>
					<aligny>center</aligny>
				</control>
				
				<control type="button" id="204">
					<description>Get more</description>
					<textwidth>353</textwidth>
					<include>ButtonCommonValues</include>
					<label>21452</label>
					<onclick>ActivateWindow(AddonBrowser,addons://more/audio/,return)</onclick>
					<visible>Container.Content(addons)</visible>
				</control>
				<control type="togglebutton" id="985427">
					<description>Clean Library</description>
					<include>ButtonCommonValues</include>
					<label>334</label>
					<onclick>CleanLibrary(music)</onclick>
					<alttexturefocus border="14">button-focus.png</alttexturefocus>
					<alttexturenofocus></alttexturenofocus>
					<usealttexture>library.isscanningmusic</usealttexture>
				</control>
				<control type="togglebutton" id="20">
					<description>Update library</description>
					<textwidth>353</textwidth>
					<include>ButtonCommonValues</include>
					<label>653</label>
					<altlabel>13353</altlabel>
					<alttexturefocus border="14">button-focus.png</alttexturefocus>
					<alttexturenofocus></alttexturenofocus>
					<usealttexture>library.isscanningmusic</usealttexture>
				</control>
				
				<control type="label" id="200">
					<width>375</width>
					<height>53</height>
					<font>Light18</font>
					<label>31006</label>
					<textcolor>blue</textcolor>
					<align>center</align>
					<aligny>center</aligny>
				</control>
				
				<control type="button" id="2">
					<description>View As button</description>
					<textwidth>353</textwidth>
					<include>ButtonCommonValues</include>
					<label></label>
				</control>
				
				<include>WallViewsHigherDensitySidebarButton</include>
				
				<control type="button" id="3">
					<description>Sort by button</description>
					<include>ButtonCommonValues</include>
					<label>103</label>
				</control>
				<control type="togglebutton" id="4">
					<description>Sort asc</description>
					<include>ButtonCommonValues</include>
					<alttexturefocus border="14">button-focus.png</alttexturefocus>
					<alttexturenofocus></alttexturenofocus>
					<label>31051</label>
					<altlabel>31050</altlabel>
					<usealttexture>Container.SortDirection(Ascending)</usealttexture>
				</control>
				<control type="edit" id="19">
					<visible>Container.CanFilter + !Container.CanFilterAdvanced</visible>
					<description>Filter</description>
					<textwidth>345</textwidth>
					<include>ButtonCommonValues</include>
					<label>587</label>
				</control>
				<control type="radiobutton" id="98">
					<visible>Container.CanFilterAdvanced</visible>
					<description>Filter</description>
					<include>ButtonCommonValues</include>
					<label>587</label>
					<selected>Container.Filtered</selected>
					<onclick>right</onclick>
					<onclick>Filter</onclick>
				</control>
				<control type="label" id="201">
					<width>375</width>
					<height>53</height>
					<font>Light18</font>
					<label>31026</label>
					<textcolor>blue</textcolor>
					<align>center</align>
					<aligny>center</aligny>
				</control>
				<control type="button" id="8">
					<description>Search</description>
					<include>ButtonCommonValues</include>
					<label>137</label>
				</control>
				<control type="radiobutton" id="16">
					<description>PartyMode</description>
					<label>589</label>
					<include>ButtonCommonValues</include>
				</control>
				
				
				
				<include>CommonNowPlaying_Controls</include>
				
				
				
			</control>
		</control>
	</controls>
</window>
