<?xml version="1.0" encoding="UTF-8"?>
<window>
	<defaultcontrol always="true">51</defaultcontrol>
	<menucontrol>7000</menucontrol>
	
	<onload condition="!Skin.HasSetting(FirstTimeRun)">ActivateWindow(1112)</onload>
	
	<views>51,50,901,500,908,909,910,508,550,551,506,511,512,513,588</views>
	
	<controls><!-- WRAPPER START --><control type="group"><centerleft>50%</centerleft><centertop>50%</centertop><width>1920</width><height>1080</height><!-- WRAPPER START -->
		
		<include>CommonBackground</include>
		<include>ContentPanelBackgrounds</include>
		<control type="group">
			<include>Window_OpenClose_Animation</include>
			<!-- view id = 51 -->
			<include>FullWidthList</include>
			<!-- view id = 50 -->
			<include>CommonRootView</include>
			<!-- 901 -->
			<include>TextView</include>
			
			<!-- view id = 500, 908, 909 -->
			<!-- WALL VIEWS -->
			<include>WallView2X</include>
			<include>WallView3X</include>
			<include>WallView4X</include>
			<include>WallView5X</include>
			
			<include>PosterWrapView2_Fanart</include>
			<!-- NEW MODERN FANART -->
			<!-- view id = 506 -->
			<include condition="Skin.HasSetting(ViewTypesShowLegacy)">MusicInfoListView</include>
			
			<!-- view id = 509 -->
			<!-- Removed old music fanart view AlbumWrapView2_Fanart -->
			<!--<include>AlbumWrapView2_Fanart</include>-->
			
			<!-- view id = 511 -->
			<include condition="Skin.HasSetting(ViewTypesShowLegacy)">MusicVideoInfoListView</include>
			<!-- view id = 512 -->
			<include condition="Skin.HasSetting(ViewTypesShowLegacy)">ArtistMediaListView</include>
			<!-- view id = 513 -->
			<include condition="Skin.HasSetting(ViewTypesShowLegacy)">AlbumInfoListView</include>
			<!-- view id = 550 -->
			<include condition="Skin.HasSetting(ViewTypesShowLegacy)">AddonInfoListView1</include>
			<!-- view id = 551 -->
			<include condition="Skin.HasSetting(ViewTypesShowLegacy)">AddonInfoThumbView1</include>
			
			<!-- view id = 588 -->
			<include>SongsView</include>
			
		</control>
		
		
		<!--<include>ScrollOffsetLabel</include>-->
		
		<control type="group">
			<control type="group">
				<include content="CommonWindowHeader">
					<param name="Icon" value="icon_music" />
					<param name="Label" value="$LOCALIZE[10502]" />
				</include>
			</control>
			<visible>!Control.IsVisible(508)</visible>
		</control>
		
		<include>BehindDialogFadeOut</include>
		
		
		
		
		<control type="group">
			
			<left>-429</left>
			
			<include>SideBladeLeft</include>
			
			<control type="grouplist" id="7000">
				
				<include>SideBladeLeftFadeInAni</include>
				
				<left>24</left>
				<top>90</top>
				<width>375</width>
				<height>975</height>
				<onleft>7000</onleft>
				<onright>50</onright>
				<onup>7000</onup>
				<ondown>7000</ondown>
				<onback>50</onback>
				<itemgap>0</itemgap>
				
				<control type="button" id="204">
					<description>Get more</description>
					<textwidth>353</textwidth>
					<include>SideBarButtonCommon</include>
					<label>21452</label>
					<onclick>ActivateWindow(AddonBrowser,addons://more/audio/,return)</onclick>
					<visible>String.IsEqual(Container.Content,Addons)</visible>
				</control>
				<control type="togglebutton" id="985427">
					<description>Clean Library</description>
					<include>SideBarButtonCommon</include>
					<label>334</label>
					<onclick>CleanLibrary(music)</onclick>
					<alttexturefocus border="14" colordiffuse="$VAR[accentColorDiffuseForNeutralTextures]">button-focus-neutral.png</alttexturefocus>
					<alttexturenofocus></alttexturenofocus>
					<usealttexture>library.isscanningmusic</usealttexture>
				</control>
				<control type="togglebutton" id="20">
					<description>Update library</description>
					<textwidth>353</textwidth>
					<include>SideBarButtonCommon</include>
					<label>653</label>
					<altlabel>13353</altlabel>
					<alttexturefocus border="14" colordiffuse="$VAR[accentColorDiffuseForNeutralTextures]">button-focus-neutral.png</alttexturefocus>
					<alttexturenofocus></alttexturenofocus>
					<usealttexture>library.isscanningmusic</usealttexture>
				</control>
				<control type="button" id="8">
					<description>Search</description>
					<include>SideBarButtonCommon</include>
					<label>137</label>
				</control>
				
				
				
				<control type="label" id="200">
					<width>375</width>
					<height>53</height>
					<font>Light18.5</font>
					<label>31006</label>
					<textcolor>blue</textcolor>
					<align>center</align>
					<aligny>center</aligny>
				</control>
				
				<control type="button" id="2">
					<description>View As button</description>
					<textwidth>353</textwidth>
					<include>SideBarButtonCommon</include>
					<label></label>
				</control>
				
				<include>WallViewsHigherDensitySidebarButton</include>
				
				<control type="button" id="3">
					<description>Sort by button</description>
					<include>SideBarButtonCommon</include>
					<label>103</label>
				</control>
				<control type="togglebutton" id="4">
					<description>Sort asc</description>
					<include>SideBarButtonCommon</include>
					<alttexturefocus border="14" colordiffuse="$VAR[accentColorDiffuseForNeutralTextures]">button-focus-neutral.png</alttexturefocus>
					<alttexturenofocus></alttexturenofocus>
					<label>31051</label>
					<altlabel>31050</altlabel>
					<usealttexture>Container.SortDirection(Ascending)</usealttexture>
				</control>
				<control type="edit" id="19">
					<visible>Container.CanFilter + !Container.CanFilterAdvanced</visible>
					<description>Filter</description>
					<textwidth>345</textwidth>
					<include>SideBarButtonCommon</include>
					<label>587</label>
				</control>
				<control type="radiobutton" id="98">
					<visible>Container.CanFilterAdvanced</visible>
					<description>Filter</description>
					<include>SideBarButtonCommon</include>
					<label>587</label>
					<selected>Container.Filtered</selected>
					<onclick>right</onclick>
					<onclick>Filter</onclick>
				</control>
				<control type="label" id="201">
					<width>375</width>
					<height>53</height>
					<font>Light18.5</font>
					<label>31026</label>
					<textcolor>blue</textcolor>
					<align>center</align>
					<aligny>center</aligny>
				</control>
				<control type="radiobutton" id="16">
					<description>PartyMode</description>
					<label>589</label>
					<include>SideBarButtonCommon</include>
				</control>
				
				<include>CommonNowPlaying_Controls</include>
				
			</control>
			
		</control>
		
		
		
		<include condition="Integer.IsLess(Window(Home).Property(CinemaHelper.GetSettingValue.lookandfeel.skinzoom),0) | !String.IsEqual(Skin.AspectRatio,16:9)">SkinOutOfBoundsMasks</include>
		
		
		
	<include condition="Skin.HasSetting(EnableSkinDebugOutput)">DebugOverlay</include><!-- WRAPPER STOP --></control><!-- WRAPPER STOP --></controls>
</window>
