<?xml version="1.0" encoding="UTF-8"?>
<window>
	<defaultcontrol>8</defaultcontrol>
	<controls>
		<!--
		<control type="videowindow" id="20">
			<description>videowindow</description>
			<left>0</left>
			<top>0</top>
			<width>1280</width>
			<height>720</height>
			<visible>Player.HasVideo</visible>
		</control>
		-->
		<control type="group">
			<!--<visible>!Player.HasVideo</visible>-->
			<include>CommonBackground</include>
		</control>
		<control type="image">
			<description>Overlay</description>
			<left>0</left>
			<top>0</top>
			<width>1280</width>
			<height>720</height>
			<texture>black-back.png</texture>
			<include>dialogeffect</include>
		</control>
		<control type="mover" id="8">
			<description>top left mover</description>
			<left>0</left>
			<top>0</top>
			<width>128</width>
			<height>128</height>
			<texturefocus>calibrate/CalibrateTopLeft.png</texturefocus>
			<texturenofocus></texturenofocus>
			<!-- Kodi 20+ fix -->
			<movingspeed acceleration="180" maxvelocity="300" resettimeout="200" delta="1">
				<eventconfig type="up" />
				<eventconfig type="down" />
				<eventconfig type="left" />
				<eventconfig type="right" />
			</movingspeed>
		</control>
		<control type="mover" id="9">
			<description>right bottom mover</description>
			<left>700</left>
			<top>500</top>
			<width>128</width>
			<height>128</height>
			<texturefocus>calibrate/CalibrateBottomRight.png</texturefocus>
			<texturenofocus></texturenofocus>
			<!-- Kodi 20+ fix -->
			<movingspeed acceleration="180" maxvelocity="300" resettimeout="200" delta="1">
				<eventconfig type="up" />
				<eventconfig type="down" />
				<eventconfig type="left" />
				<eventconfig type="right" />
			</movingspeed>
		</control>
		<control type="mover" id="10">
			<description>subtitle position mover</description>
			<left>200</left>
			<top>500</top>
			<width>512</width>
			<height>128</height>
			<!-- Kodi 20+ fix (Also Kodi 17,18,19 compatible) -->
			<include condition="![String.StartsWith(System.BuildVersion,21.) | String.StartsWith(System.BuildVersion,20.) | String.StartsWith(System.BuildVersion,19.9)]">subtitlePositionMoverTexture</include>
			<include condition="[String.StartsWith(System.BuildVersion,21.) | String.StartsWith(System.BuildVersion,20.) | String.StartsWith(System.BuildVersion,19.9)]">subtitlePositionMoverTexture20</include>
			<texturenofocus></texturenofocus>
			<!-- Kodi 20+ fix -->
			<movingspeed acceleration="180" maxvelocity="300" resettimeout="200" delta="1">
				<eventconfig type="up" />
				<eventconfig type="down" />
			</movingspeed>
		</control>
		<control type="resize" id="11">
			<description>pixel aspect ratio box</description>
			<left>0</left>
			<top>232</top>
			<width>256</width>
			<height>256</height>
			<texturefocus>calibrate/CalibratePixelRatio.png</texturefocus>
			<texturenofocus></texturenofocus>
			<!-- Kodi 20+ fix -->
			<movingspeed acceleration="140" maxvelocity="300" resettimeout="180" delta="1">
				<eventconfig type="left" />
				<eventconfig type="right" />
			</movingspeed>
		</control>
		<!-- Kodi 20+ fix -->
		<control type="mover" id="12">
			<description>reset calibration</description>
			<posx>0</posx>
			<posy>900</posy>
			<width>100</width>
			<height>100</height>
			<texturefocus colordiffuse="FF12b2e7">calibrate/CalibrateReset.png</texturefocus>
			<texturenofocus colordiffuse="00FFFFFF">calibrate/CalibrateReset.png</texturenofocus>
		</control>
		<control type="group">
			<left>20</left>
			<top>50</top>
			<!-- Kodi 20+ fix -->
			<animation effect="slide" end="0,-30" time="0" condition="[String.StartsWith(System.BuildVersion,21.) | String.StartsWith(System.BuildVersion,20.) | String.StartsWith(System.BuildVersion,19.9)]">Conditional</animation>
			<control type="label" id="2">
				<description>coordinates label</description>
				<left>0</left>
				<top>20</top>
				<width>1240</width>
				<label></label>
				<align>center</align>
				<!-- Kodi 20+ fix (Also Kodi 17,18,19 compatible) -->
				<include condition="![String.StartsWith(System.BuildVersion,21.) | String.StartsWith(System.BuildVersion,20.) | String.StartsWith(System.BuildVersion,19.9)]">calibrationLabelFont</include>
				<include condition="[String.StartsWith(System.BuildVersion,21.) | String.StartsWith(System.BuildVersion,20.) | String.StartsWith(System.BuildVersion,19.9)]">calibrationLabelFont20</include>
			</control>
			<control type="label" id="3">
				<description>help information</description>
				<left>0</left>
				<top>60</top>
				<width>1240</width>
				<label></label>
				<align>center</align>
				<font>Regular20</font>
			</control>
			<!-- Kodi 20+ fix -->
			<control type="label" id="4">
				<description>calibration value</description>
				<posx>0</posx>
				<posy>120</posy>
				<width>100%</width>
				<label></label>
				<align>center</align>
				<font>Regular20</font>
				<textcolor>selected</textcolor>
			</control>
		</control>
	</controls>
</window>
