<?xml version="1.0" encoding="UTF-8"?>
<window>
	<defaultcontrol always="true">51</defaultcontrol>
	<menucontrol>9000</menucontrol>
	<!--
	<views>51,50,901,500,550,909,555,556,551,560,501,508,504,503,515,505,511</views>
	-->
	<views>51,52,50,901,500,550,909,908,551,560,508,504,503,515,505,511</views>
	<onload condition="!Skin.HasSetting(FirstTimeRun)">ActivateWindow(1112)</onload>
	<onload condition="!String.IsEmpty(Window(home).Property(OSDinfodialogButtonActive))">ClearProperty(OSDinfodialogButtonActive,home)</onload>
	
	<controls>
		
		<include>CommonBackground</include>
		<include>ContentPanelBackgrounds</include>
		
		<control type="group">
			<include>Window_OpenClose_Animation</include>
			<!-- view id = 51 -->
			<include>FullWidthList</include>
			
			<!-- view id = 52 -->
			<include>EpisodesView</include>
			
			<!-- view id = 50 -->
			<include>CommonRootView</include>
			<!-- 901 -->
			<include>TextView</include>
			
			<!-- view id = 500 -->
			<!-- view id = 909 -->
			<!-- view id = 908 -->
			<!-- Standard -->
			<!--
			<include condition="!Skin.HasSetting(ViewModeSwitchWallViews)">ThumbnailView</include>
			<include condition="!Skin.HasSetting(ViewModeSwitchWallViews)">WallView2</include>
			<include condition="Skin.HasSetting(ViewModeSwitchWallViews)">ThumbnailViewSwitched</include>
			<include condition="Skin.HasSetting(ViewModeSwitchWallViews)">WallView2Switched</include>
			-->
			
			<include>ThumbnailView</include>
			<include>WallView2</include>
			
			<include>WallView3</include>
			
			
			
			<!-- view id = 501 -->
			<!--<include condition="Skin.HasSetting(ViewTypesShowLegacy)">PosterWrapView</include>--><!-- bad view -->
			<!-- view id = 508 -->
			<include>PosterWrapView2_Fanart</include><!-- NEW MODERN FANART -->
			<!-- view id = 503 -->
			<include condition="Skin.HasSetting(ViewTypesShowLegacy)">MediaListView3</include>
			<!-- view id = 504 -->
			<include condition="Skin.HasSetting(ViewTypesShowLegacy) | !String.IsEmpty(Container.PluginName)">MediaListView2</include>
			<!-- view id = 515 -->
			<include condition="Skin.HasSetting(ViewTypesShowLegacy)">MediaListView4</include>
			<!-- view id = 505 -->
			<include condition="Skin.HasSetting(ViewTypesShowLegacy)">WideIconView</include>
			<!-- view id = 511 -->

			<!-- view id = 560 -->
			<include>LiveTVView1</include>
			
			
			
		</control>
		
		<control type="group">
			<depth>DepthFooter</depth>
			<include>CommonPageCount</include>
			<include>CommonNowPlaying</include>
			<!--
			<animation effect="fade" start="100" end="40" time="0" condition="[Control.IsVisible(500) | Control.IsVisible(909) | Control.IsVisible(908)] + [Container.Content(Movies) | Container.Content(Sets) | Container.Content(Actors)]">Conditional</animation>
			-->
			<animation effect="fade" start="100" end="40" time="0" condition="[Control.IsVisible(500) | Control.IsVisible(909) | Control.IsVisible(908)] + [Container.Content(Movies) | Container.Content(Sets) | Container.Content(Actors)]">Conditional</animation>
		</control>
		
		<include>MainWindowMouseButtons</include>
		<include>ScrollOffsetLabel</include>
		<include>BehindDialogFadeOut</include>
		
		<!--
		<value condition="Container.Content(movies) | String.StartsWith(container.folderpath,library://video/movies/) | String.StartsWith(container.folderpath,videodb://movies)">$LOCALIZE[20342]</value>
		<value condition="Container.Content(musicvideos) | String.StartsWith(container.folderpath,library://video/musicvideos/) | String.StartsWith(container.folderpath,videodb://musicvideos)">$LOCALIZE[20389]</value>
		<value condition="Container.Content(tvshows) | String.StartsWith(container.folderpath,library://video/tvshows/) | String.StartsWith(container.folderpath,videodb://tvshows)">$LOCALIZE[20343]</value>
		<value condition="Container.Content(seasons)">$LOCALIZE[20343]</value>
		<value condition="Container.Content(episodes)">$LOCALIZE[20343]</value>
		<value>$LOCALIZE[3]</value>
		-->
		
		<control type="group">
			<control type="group">
				<include content="CommonWindowHeader">
					<param name="Icon" value="icon_video" />
					<param name="Label" value="$VAR[BreadcrumbsVideoVar]" />
				</include>
				<visible>String.IsEmpty(Container.PluginName) + 
				[Container.Content(Movies) | String.StartsWith(Container.folderpath,library://video/movies/) | String.StartsWith(Container.folderpath,videodb://movies)]</visible>
				<!--
				<animation effect="fade" start="100" end="40" time="0" condition="[Control.IsVisible(500) | Control.IsVisible(909) | Control.IsVisible(908)] + [Container.Content(Movies) | Container.Content(Sets) | Container.Content(Actors)]">Conditional</animation>
				-->
				<animation effect="fade" start="100" end="40" time="0" condition="[Control.IsVisible(500) | Control.IsVisible(909) | Control.IsVisible(908) | Control.IsVisible(555) | Control.IsVisible(556)]">Conditional</animation>
			</control>
			<!--
			<visible>!Skin.String(WallViewCleaner)</visible>
			-->
			<!--<visible>true</visible>-->
			<visible>![Control.IsVisible(508) 
								| Control.IsVisible(500) 
								| Control.IsVisible(909) 
								| Control.IsVisible(908)] 
								| !Container.Content(Movies)</visible>
								<!--
								 + 
								[Container.Content(Movies) 
								| Container.Content(Sets) 
								| Container.Content(Actors) 
								| Container.Content(Genres) 
								| Container.Content(Actors)]
								-->
		</control>
		
		<control type="group">
			<control type="group">
				<include content="CommonWindowHeader">
					<param name="Icon" value="_added_img/icon_video_tvshows" />
					<param name="Label" value="$VAR[BreadcrumbsVideoVar]" />
				</include>
				<visible>String.IsEmpty(Container.PluginName) + 
								[Container.Content(TVShows) 
								| Container.Content(Seasons) 
								| Container.Content(Episodes) 
								| String.StartsWith(Container.folderpath,library://video/tvshows/) 
								| String.StartsWith(Container.folderpath,videodb://tvshows)]</visible>
				<animation effect="fade" start="100" end="40" time="0" condition="[Control.IsVisible(500) | Control.IsVisible(909) | Control.IsVisible(908)]">Conditional</animation>
			</control>
			<!--<visible>true</visible>-->
			<visible>![Control.IsVisible(508) | Control.IsVisible(500) | Control.IsVisible(909) | Control.IsVisible(908)] | !Container.Content(TvShows)</visible>
		</control>
		
		<control type="group">
			<include content="CommonWindowHeader">
				<param name="Icon" value="_added_img/icon_video_files" />
				<param name="Label" value="$VAR[BreadcrumbsVideoVar]" />
			</include>
			<!--<visible>true</visible>-->
			<visible>!String.IsEmpty(Container.PluginName) | 
							[!Container.Content(Movies) 
							+ !Container.Content(Sets) 
							+ !Container.Content(TVShows) 
							+ !Container.Content(Seasons) 
							+ !Container.Content(Episodes) 
							+ !String.StartsWith(container.folderpath,library://video/movies/) 
							+ !String.StartsWith(container.folderpath,videodb://movies) 
							+ !String.StartsWith(Container.folderpath,library://video/tvshows/) 
							+ !String.StartsWith(Container.folderpath,videodb://tvshows)]</visible>
			<!--
			<animation effect="fade" start="100" end="40" time="0" condition="[Control.IsVisible(500) | Control.IsVisible(909) | Control.IsVisible(908) | Control.IsVisible(555) | Control.IsVisible(556)]">Conditional</animation>
			-->
		</control>
		
		
		
		
		
		
		<control type="group">
			<left>-286</left>
			
			<include>SideBladeLeft</include>
			
			<control type="grouplist" id="9000">
				
				<include>SideBladeLeftFadeInAni</include>
				
				<left>16</left>
				<top>60</top>
				<width>250</width>
				<height>650</height>
				<onleft>9000</onleft>
				<onright>50</onright>
				<onup>9000</onup>
				<ondown>9000</ondown>
				<onback>50</onback>
				<itemgap>0</itemgap>
				
				
				
				
				<control type="label" id="203">
					<width>250</width>
					<height>35</height>
					<font>Regular17</font>
					<label>31039</label>
					<textcolor>blue</textcolor>
					<align>center</align>
					<aligny>center</aligny>
				</control>
				
				<control type="button" id="204">
					<description>Get more</description>
					<textwidth>235</textwidth>
					<include>ButtonCommonValues</include>
					<label>21452</label>
					<onclick>ActivateWindow(AddonBrowser,addons://more/video/,return)</onclick>
					<visible>Container.Content(addons)</visible>
				</control>
				<control type="togglebutton" id="985427">
					<description>Clean Library</description>
					<include>ButtonCommonValues</include>
					<label>334</label>
					<onclick>CleanLibrary(video)</onclick>
					<alttexturefocus border="4">button-focus.png</alttexturefocus>
					<alttexturenofocus>-</alttexturenofocus>
					<usealttexture>library.isscanningvideo</usealttexture>
				</control>
				<control type="togglebutton" id="20">
					<description>Update library</description>
					<textwidth>235</textwidth>
					<include>ButtonCommonValues</include>
					<label>653</label>
					<altlabel>13353</altlabel>
					<alttexturefocus border="4">button-focus.png</alttexturefocus>
					<alttexturenofocus>-</alttexturenofocus>
					<usealttexture>library.isscanningvideo</usealttexture>
				</control>
				<control type="button" id="8">
					<description>Search</description>
					<include>ButtonCommonValues</include>
					<label>137</label>
				</control>
				
				
				
				<control type="label" id="200">
					<width>250</width>
					<height>35</height>
					<font>Regular17</font>
					<label>31006</label>
					<textcolor>blue</textcolor>
					<align>center</align>
					<aligny>center</aligny>
				</control>
				
				<control type="button" id="2">
					<description>View As button</description>
					<textwidth>235</textwidth>
					<include>ButtonCommonValues</include>
					<label>-</label>
				</control>
				<control type="button" id="3">
					<description>Sort by button</description>
					<include>ButtonCommonValues</include>
					<label>103</label>
				</control>
				<control type="togglebutton" id="4">
					<description>Sort asc</description>
					<include>ButtonCommonValues</include>
					<alttexturefocus border="4">button-focus.png</alttexturefocus>
					<alttexturenofocus>-</alttexturenofocus>
					<label>31051</label>
					<altlabel>31050</altlabel>
					<usealttexture>Container.SortDirection(Ascending)</usealttexture>
				</control>
				<control type="edit" id="19">
					<visible>Container.CanFilter + !Container.CanFilterAdvanced</visible>
					<description>Filter</description>
					<textwidth>230</textwidth>
					<include>ButtonCommonValues</include>
					<label>587</label>
				</control>
				<control type="radiobutton" id="98">
					<visible>Container.CanFilterAdvanced</visible>
					<description>Filter</description>
					<include>ButtonCommonValues</include>
					<label>587</label>
					<selected>Container.Filtered</selected>
					<onclick>right</onclick>
					<onclick>Filter</onclick>
				</control>
				<control type="radiobutton" id="14">
					<description>Watched Toggle</description>
					<textwidth>170</textwidth>
					<include>ButtonCommonValues</include>
					<label>20367</label>
				</control>
				<!--
				<control type="radiobutton" id="99">
					<description>Show Info Toggle</description>
					<textwidth>170</textwidth>
					<include>ButtonCommonValues</include>
					<label>31005</label>
					<onclick>Skin.ToggleSetting(View508HideInfo)</onclick>
					<selected>Skin.HasSetting(View508HideInfo)</selected>
					<visible>Control.IsVisible(508)</visible>
				</control>
				-->
				
				
				
				<control type="label" id="201">
					<width>250</width>
					<height>35</height>
					<font>Regular17</font>
					<label>31026</label>
					<textcolor>blue</textcolor>
					<align>center</align>
					<aligny>center</aligny>
					<visible>Container.Content(MusicVideos) | system.haslocks</visible>
				</control>
				
				<control type="radiobutton" id="16">
					<description>PartyMode</description>
					<label>589</label>
					<include>ButtonCommonValues</include>
					<visible>Container.Content(MusicVideos)</visible>
				</control>
				<control type="radiobutton" id="11">
					<description>Unlock Shares</description>
					<textwidth>170</textwidth>
					<include>ButtonCommonValues</include>
					<label>20336</label>
					<onclick>mastermode</onclick>
					<selected>system.ismaster</selected>
					<visible>system.haslocks</visible>
				</control>
				
				
				
				<include>CommonNowPlaying_Controls</include>
				
				
				
			</control>
			
		</control>
		
	</controls>
</window>
