<?xml version="1.0" encoding="UTF-8"?>
<window>
	<defaultcontrol always="true">9000</defaultcontrol>
	<controls>
		<include>CommonBackground</include>
		<include>ContentPanelBackgrounds</include>
		
		<control type="group">
			<left>0</left>
			<top>0</top>
			<animation type="WindowOpen" reversible="false">
				<effect type="zoom" start="80" end="100" center="640,360" easing="out" tween="back" time="225" />
				<effect type="fade" start="0" end="100" time="225" />
			</animation>
			<animation type="WindowClose" reversible="false">
				<effect type="zoom" start="100" end="80" center="640,360" easing="in" tween="back" time="225" />
				<effect type="fade" start="100" end="0" time="225" />
			</animation>
			
			<control type="image">
				<left>0</left>
				<top>0</top>
				<width>340</width>
				<height>720</height>
				<texture border="4">black-back.png</texture>
				<animation effect="fade" end="65" time="0" condition="true">conditional</animation>
			</control>
			<control type="image">
				<left>0</left>
				<top>0</top>
				<width>340</width>
				<height>720</height>
				<texture border="4">_added_img/black-back2-noborder.png</texture>
				<animation effect="fade" end="40" time="0" condition="true">conditional</animation>
			</control>
			
			<control type="list" id="9000">
				<left>0</left>
				<top>90</top>
				<width>340</width>
				<height>540</height>
				<onleft>9000</onleft>
				<onright>9010</onright>
				<onup>9000</onup>
				<ondown>9000</ondown>
				<pagecontrol>-</pagecontrol>
				<scrolltime>300</scrolltime>
				<itemlayout height="64" width="340">
					<!--
					<control type="image">
						<left>0</left>
						<top>0</top>
						<width>260</width>
						<height>64</height>
						<texture border="4">MenuItemNF666.png</texture>
					</control>
					-->
					<control type="label">
						<left>20</left>
						<top>0</top>
						<width>240</width>
						<height>64</height>
						<font>Regular24</font>
						<textcolor>grey2+</textcolor>
						<align>left</align>
						<aligny>center</aligny>
						<label>$INFO[ListItem.Label]</label>
					</control>
				</itemlayout>
				<focusedlayout height="64" width="340">
					<control type="image">
						<left>0</left>
						<top>0</top>
						<width>340</width>
						<height>64</height>
						<texture border="4">_added_img/main_menu_button-focus.png</texture>
						<animation effect="fade" start="100" end="50" time="0" condition="!Control.HasFocus(9000)">Conditional</animation>
					</control>
					<control type="label">
						<left>20</left>
						<top>0</top>
						<width>240</width>
						<height>64</height>
						<font>Regular24</font>
						<textcolor>white</textcolor>
						<align>left</align>
						<aligny>center</aligny>
						<label>$INFO[ListItem.Label]</label>
					</control>
				</focusedlayout>
				<content>
					<item id="1">
						<label>31420</label>
						<onclick>noop</onclick>
						<icon>-</icon>
					</item>
					<item id="2">
						<label>13200</label>
						<onclick>noop</onclick>
						<icon>-</icon>
					</item>
				</content>
			</control>
			
			<control type="group">
				<visible>Container(9000).Hasfocus(2)</visible>
				<left>50</left>
				<top>260</top>
				<visible>Control.HasFocus(2) + [!String.IsEqual(Container(2).ListItem.Label,$LOCALIZE[20058]) | !String.IsEmpty(Container(2).ListItem.Label2,$LOCALIZE[13170])]</visible>
				<control type="image">
					<left>0</left>
					<top>0</top>
					<width>240</width>
					<height>200</height>
					<aspectratio>keep</aspectratio>
					<!--
					<bordertexture border="12">ThumbBorder666.png</bordertexture>
					-->
					<bordersize>10</bordersize>
					<texture fallback="DefaultUser.png">$INFO[Container(2).Listitem.Icon]</texture>
				</control>
				<!--
				<control type="label">
					<left>0</left>
					<top>210</top>
					<width>240</width>
					<height>20</height>
					<font>Regular21</font>
					<textcolor>blue</textcolor>
					<align>center</align>
					<aligny>center</aligny>
					<label>$LOCALIZE[31319]</label>
				</control>
				-->
				<control type="label">
					<left>0</left>
					<top>215</top>
					<width>240</width>
					<height>20</height>
					<font>Regular21</font>
					<textcolor>white</textcolor>
					<align>center</align>
					<aligny>center</aligny>
					<label>$INFO[Container(2).ListItem.Label]</label>
				</control>
				<control type="label">
					<left>0</left>
					<top>245</top>
					<width>240</width>
					<height>30</height>
					<font>Regular21</font>
					<textcolor>blue</textcolor>
					<align>center</align>
					<aligny>center</aligny>
					<label>$LOCALIZE[31320]</label>
				</control>
				<control type="label">
					<left>0</left>
					<top>270</top>
					<width>240</width>
					<height>30</height>
					<font>Light20</font>
					<textcolor>white</textcolor>
					<align>center</align>
					<aligny>center</aligny>
					<label fallback="13170">$INFO[Container(2).ListItem.Label2]</label>
				</control>
			</control>
			<control type="image">
				<left>340</left>
				<top>0</top>
				<width>940</width>
				<height>720</height>
				<texture border="4">black-back.png</texture>
				<animation effect="fade" end="85" time="0" condition="true">Conditional</animation>
			</control>
			<control type="image">
				<left>340</left>
				<top>0</top>
				<width>940</width>
				<height>720</height>
				<texture border="4">_added_img/black-back2-noborder.png</texture>
				<animation effect="fade" end="60" time="0" condition="true">Conditional</animation>
			</control>
			<!--
			<control type="image">
				<left>270</left>
				<top>10</top>
				<width>810</width>
				<height>52</height>
				<texture>dialogheader.png</texture>
				<animation effect="fade" end="60" time="0" condition="true">Conditional</animation>
			</control>
			<control type="label">
				<description>header label</description>
				<left>300</left>
				<top>20</top>
				<width>726</width>
				<height>30</height>
				<font>Regular24</font>
				<label>$LOCALIZE[13200] - $LOCALIZE[5]</label>
				<align>center</align>
				<aligny>center</aligny>
				<textcolor>white</textcolor>
			</control>
			-->
			<control type="group" id="9010">
				<control type="grouplist" id="9001">
					<visible>Container(9000).Hasfocus(1)</visible>
					<left>400</left>
					<top>94</top>
					<width>750</width>
					<height>440</height>
					<itemgap>0</itemgap>
					<pagecontrol>-</pagecontrol>
					<onleft>9000</onleft>
					<onright>9001</onright>
					<onup>9001</onup>
					<ondown>9001</ondown>
					<control type="radiobutton" id="4">
						<description>enable login screen</description>
						<width>750</width>
						<height>48</height>
						<font>Regular21</font>
						<label>20096</label>
						<textcolor>grey2</textcolor>
						<focusedcolor>white</focusedcolor>
						<texturefocus border="4">MenuItemFO.png</texturefocus>
						<texturenofocus>MenuItemNF666.png</texturenofocus>
					</control>
					<control type="button" id="5">
						<description>auto login</description>
						<width>750</width>
						<height>48</height>
						<font>Regular21</font>
						<label>33084</label>
						<label2>$INFO[System.ProfileAutoLogin]</label2>
						<textcolor>grey2</textcolor>
						<focusedcolor>white</focusedcolor>
						<texturefocus border="4">MenuItemFO.png</texturefocus>
						<texturenofocus>MenuItemNF666.png</texturenofocus>
						<enable>!System.HasLoginScreen</enable>
					</control>
				</control>
				<control type="group">
					<visible>Container(9000).Hasfocus(1)</visible>
					<left>394</left>
					<top>500</top>
					<width>750</width>
					<height>40</height>
					<control type="image">
						<description>separator image</description>
						<left>0</left>
						<top>25</top>
						<width>750</width>
						<height>2</height>
						<texture>separator2.png</texture>
						<colordiffuse>40FFFFFF</colordiffuse>
					</control>
					<control type="textbox">
						<description>description area</description>
						<left>7</left>
						<top>32</top>
						<width>736</width>
						<height>83</height>
						<font>Regular17</font>
						<label>$LOCALIZE[31422]</label>
						<align>justify</align>
						<textcolor>selected+</textcolor>
						<autoscroll time="3000" delay="4000" repeat="5000">true</autoscroll>
						<visible>Control.Hasfocus(4)</visible>
					</control>
					<control type="textbox">
						<description>description area</description>
						<left>7</left>
						<top>32</top>
						<width>736</width>
						<height>83</height>
						<font>Regular17</font>
						<label>$LOCALIZE[31423]</label>
						<align>justify</align>
						<textcolor>selected+</textcolor>
						<autoscroll time="3000" delay="4000" repeat="5000">true</autoscroll>
						<visible>Control.Hasfocus(5)</visible>
					</control>
				</control>
				<control type="panel" id="2">
					<visible>Container(9000).Hasfocus(2)</visible>
					<left>400</left>
					<top>94</top>
					<width>760</width>
					<height>540</height>
					<onleft>9000</onleft>
					<onright>60</onright>
					<onup>9010</onup>
					<ondown>9010</ondown>
					<viewtype label="21371">list</viewtype>
					<pagecontrol>60</pagecontrol>
					<scrolltime>200</scrolltime>
					<itemlayout height="180" width="190">
						<control type="image">
							<left>1</left>
							<top>0</top>
							<width>188</width>
							<height>145</height>
							<!--
							<bordertexture border="4">button-nofocus.png</bordertexture>
							-->
							<bordersize>5</bordersize>
							<texture fallback="DefaultUser.png">$INFO[Listitem.Icon]</texture>
							<aspectratio>keep</aspectratio>
						</control>
						<control type="label">
							<left>6</left>
							<top>146</top>
							<width>178</width>
							<height>25</height>
							<font>Regular19</font>
							<textcolor>grey2</textcolor>
							<selectedcolor>selected</selectedcolor>
							<align>center</align>
							<aligny>center</aligny>
							<info>ListItem.Label</info>
						</control>
					</itemlayout>
					<focusedlayout height="180" width="190">
						<control type="image">
							<left>1</left>
							<top>0</top>
							<width>188</width>
							<height>145</height>
							<bordertexture border="4">folder-focus.png</bordertexture>
							<bordersize>5</bordersize>
							<texture fallback="DefaultUser.png">$INFO[Listitem.Icon]</texture>
							<aspectratio>keep</aspectratio>
						</control>
						<control type="label">
							<left>6</left>
							<top>146</top>
							<width>178</width>
							<height>25</height>
							<font>Regular19</font>
							<textcolor>white</textcolor>
							<selectedcolor>selected</selectedcolor>
							<align>center</align>
							<aligny>center</aligny>
							<info>ListItem.Label</info>
						</control>
					</focusedlayout>
				</control>
				<control type="scrollbar" id="60">
					<left>1160</left>
					<top>86</top>
					<width>20</width>
					<height>546</height>
					<texturesliderbackground border="10">scrollbars/ScrollBarUni-bg.png</texturesliderbackground>
					<texturesliderbar border="10">scrollbars/ScrollBarUni-bar.png</texturesliderbar>
					<texturesliderbarfocus border="10">scrollbars/ScrollBarUni-bar-focus.png</texturesliderbarfocus>
					<textureslidernib>scrollbars/ScrollBarUni-nib.png</textureslidernib>
					<textureslidernibfocus>scrollbars/ScrollBarUni-nib.png</textureslidernibfocus>
					<onleft>2</onleft>
					<showonepage>false</showonepage>
					<orientation>vertical</orientation>
					<visible>Container(9000).Hasfocus(2)</visible>
				</control>
			</control>
		</control>
		<control type="group">
			<depth>DepthFooter</depth>
			<include>CommonNowPlaying</include>
		</control>
		
		<include>MainWindowMouseButtons</include>
		<include>BehindDialogFadeOut</include>
		
		<include content="CommonWindowHeader">
			<param name="Icon" value="icon_system" />
			<param name="Label" value="$LOCALIZE[13200]" />
		</include>
		
	</controls>
</window>
