<?xml version="1.0" encoding="UTF-8"?>
<window>
	<defaultcontrol>996</defaultcontrol>
	<include>dialogeffect</include>
	
	<controls>
		
		<control type="group">
			
			
			
			<animation effect="slide" end="0,206" time="0" condition="Window.IsActive(home) + [String.IsEqual(Skin.String(HomeScreenStyle),0) | String.IsEmpty(Skin.String(HomeScreenStyle))]">conditional</animation>
			<animation effect="slide" end="0,-66" time="0" condition="Window.IsActive(home) + String.IsEqual(Skin.String(HomeScreenStyle),1)">conditional</animation>
			<animation effect="slide" end="0,28" time="0" condition="Window.IsActive(home) + String.IsEqual(Skin.String(HomeScreenStyle),2)">conditional</animation>
			
			
			
			<!-- content menu x-position corrections for zoomed controls (which causes Kodi to calculate the contextmenu x/y coords slightly wrong) -->
			
			
			
			<control type="image" id="999">
				<description>background image</description>
				<left>-51</left>
				<top>-53</top>
				<width>552</width>
				<height>1111</height>
				<texture border="54">DialogBack-rounded.png</texture>
			</control>
			<control type="grouplist" id="996">
				<description>grouplist for context buttons</description>
				<left>0</left>
				<top>0</top>
				<width>450</width>
				<height max="1005">auto</height>
				<itemgap>3</itemgap>
			</control>
		</control>
		
		<control type="button" id="1000">
			<description>button template</description>
			<left>0</left>
			<top></top>
			<width>450</width>
			<height>63</height>
			<font>fontContextMenu</font>
			<align>center</align>
			<textcolor>grey2</textcolor>
			<focusedcolor>white</focusedcolor>
			<texturenofocus></texturenofocus>
			<texturefocus border="14" colordiffuse="$VAR[accentColorDiffuseForNeutralTextures]">button-focus-neutral.png</texturefocus>
		</control>
		
	</controls>
</window>
