<?xml version="1.0" encoding="UTF-8"?>
<window>
	<defaultcontrol always="true">50</defaultcontrol>
	<menucontrol>9000</menucontrol>
	<onload condition="!Skin.HasSetting(FirstTimeRun)">ActivateWindow(1112)</onload>
	<onload>ClearProperty(Weather.CurrentView)</onload>
	<controls>
		<include>CommonBackground</include>
		<include>ContentPanelBackgrounds</include>
		<include content="CommonWindowHeader">
			<param name="Icon" value="icon_weather" />
			<param name="Label" value="$LOCALIZE[8]" />
		</include>
		<control type="group">
			<include>Window_OpenClose_Animation_Full</include>
			<include>VisibleFadeEffect</include>
			<control type="group">
				<left>90</left>
				<top>0</top>
				<control type="label">
					<description>header label</description>
					<left>30</left>
					<top>77</top>
					<width>690</width>
					<height>45</height>
					<font>Light24</font>
					<label>$INFO[Window.Property(Location)]</label>
					<align>center</align>
					<aligny>center</aligny>
					<textcolor>white</textcolor>
				</control>
				<control type="image">
					<left>255</left>
					<top>886</top>
					<width>225</width>
					<height>30</height>
					<aspectratio align="center" aligny="center">keep</aspectratio>
					<texture>$INFO[Window.Property(WeatherProviderLogo)]</texture>
					<animation effect="fade" end="75" time="0" condition="true">conditional</animation>
				</control>
				<control type="label">
					<description>Provider Text</description>
					<left>30</left>
					<top>870</top>
					<width>690</width>
					<height>30</height>
					<font>Light17</font>
					<textcolor>white</textcolor>
					<scroll>false</scroll>
					<align>center</align>
					<aligny>center</aligny>
					<label>$INFO[Window.Property(WeatherProvider)]</label>
					<visible>String.IsEmpty(Window.Property(WeatherProviderLogo))</visible>
				</control>
				<control type="group">
					<top>-80</top>
					<control type="group">
						<control type="label">
							<description>update label</description>
							<left>30</left>
							<top>140r</top>
							<width>690</width>
							<height>53</height>
							<font>Light17</font>
							<label>[COLOR=selected]$LOCALIZE[31301][/COLOR][CR]$INFO[Window.Property(Updated)]</label>
							<align>center</align>
							<aligny>center</aligny>
							<textcolor>grey2</textcolor>
						</control>
						<control type="group">
							<depth>DepthContent+</depth>
							<control type="label">
								<description>current temp Value</description>
								<left>23</left>
								<top>278</top>
								<width>270</width>
								<height>60</height>
								<font>WeatherTemp</font>
								<align>right</align>
								<aligny>top</aligny>
								<label>$INFO[Window.Property(Current.Temperature)]</label>
								<textcolor>white</textcolor>
							</control>
							<control type="label">
								<description>current temp Value Units</description>
								<left>300</left>
								<top>309</top>
								<width>150</width>
								<height>60</height>
								<font>Regular24</font>
								<align>left</align>
								<aligny>top</aligny>
								<label>$INFO[System.TemperatureUnits]</label>
								<textcolor>white</textcolor>
							</control>
							<control type="image">
								<description>current weather icon</description>
								<left>390</left>
								<top>218</top>
								<width>300</width>
								<height>300</height>
								<info>Window.Property(Current.ConditionIcon)</info>
								<aspectratio>keep</aspectratio>
							</control>
						</control>
						<control type="label">
							<description>current condition label</description>
							<left>30</left>
							<top>525</top>
							<width>690</width>
							<height>45</height>
							<info>Window.Property(Current.Condition)</info>
							<wrapmultiline>true</wrapmultiline>
							<font>Regular20</font>
							<align>center</align>
							<aligny>center</aligny>
							<textcolor>white</textcolor>
						</control>
					</control>
					<control type="grouplist">
						<left>0</left>
						<top>585</top>
						<width>255</width>
						<height>350</height>
						<itemgap>0</itemgap>
						<control type="label">
							<description>current feels like label</description>
							<left>0</left>
							<top>0</top>
							<width>255</width>
							<height>42</height>
							<font>Light20</font>
							<align>right</align>
							<aligny>center</aligny>
							<label>$LOCALIZE[402]</label>
							<textcolor>grey2</textcolor>
							<visible>!String.IsEmpty(Window.Property(Current.FeelsLike))</visible>
						</control>
						<control type="label">
							<description>current dew label</description>
							<left>0</left>
							<top>0</top>
							<width>255</width>
							<height>42</height>
							<font>Light20</font>
							<align>right</align>
							<aligny>center</aligny>
							<label>$LOCALIZE[405]</label>
							<textcolor>grey2</textcolor>
							<visible>!String.IsEmpty(Window.Property(Current.DewPoint))</visible>
						</control>
						<control type="label">
							<description>current humidity label</description>
							<left>0</left>
							<top>0</top>
							<width>255</width>
							<height>42</height>
							<font>Light20</font>
							<align>right</align>
							<aligny>center</aligny>
							<label>$LOCALIZE[406]</label>
							<textcolor>grey2</textcolor>
							<visible>!String.IsEmpty(Window.Property(Current.Humidity))</visible>
						</control>
						<control type="label">
							<description>current UV Index label</description>
							<left>0</left>
							<top>0</top>
							<width>255</width>
							<height>42</height>
							<font>Light20</font>
							<align>right</align>
							<aligny>center</aligny>
							<label>$LOCALIZE[403]</label>
							<textcolor>grey2</textcolor>
							<visible>!String.IsEmpty(Window.Property(Current.UVIndex))</visible>
						</control>
						<control type="label">
							<description>current Precipitation label</description>
							<left>0</left>
							<top>0</top>
							<width>255</width>
							<height>42</height>
							<font>Light20</font>
							<align>right</align>
							<aligny>center</aligny>
							<label>$LOCALIZE[33021]</label>
							<textcolor>grey2</textcolor>
							<visible>!String.IsEmpty(Window.Property(Current.Precipitation))</visible>
						</control>
						<control type="label">
							<description>current Wind label</description>
							<left>0</left>
							<top>0</top>
							<width>255</width>
							<height>42</height>
							<font>Light20</font>
							<align>right</align>
							<aligny>center</aligny>
							<label>$LOCALIZE[404]</label>
							<textcolor>grey2</textcolor>
							<visible>!String.IsEmpty(Window.Property(Current.Wind))</visible>
						</control>
						<control type="label">
							<left>0</left>
							<top>0</top>
							<width>255</width>
							<height>42</height>
							<font>Light20</font>
							<align>right</align>
							<aligny>center</aligny>
							<label>$LOCALIZE[33027]</label>
							<textcolor>grey2</textcolor>
							<visible>!String.IsEmpty(Window.Property(Today.Sunrise))</visible>
						</control>
						<control type="label">
							<left>0</left>
							<top>0</top>
							<width>255</width>
							<height>42</height>
							<font>Light20</font>
							<align>right</align>
							<aligny>center</aligny>
							<label>$LOCALIZE[33028]</label>
							<textcolor>grey2</textcolor>
							<visible>!String.IsEmpty(Window.Property(Today.Sunset))</visible>
						</control>
					</control>
					<control type="grouplist">
						<left>278</left>
						<top>585</top>
						<width>450</width>
						<height>350</height>
						<itemgap>0</itemgap>
						<control type="label">
							<description>current feels like Value</description>
							<left>0</left>
							<top>0</top>
							<width>450</width>
							<height>42</height>
							<font>Light20</font>
							<align>left</align>
							<aligny>center</aligny>
							<label>$INFO[Window.Property(Current.FeelsLike)]$INFO[System.TemperatureUnits]</label>
							<textcolor>white</textcolor>
							<visible>!String.IsEmpty(Window.Property(Current.FeelsLike))</visible>
						</control>
						<control type="label">
							<description>current dew Value</description>
							<left>0</left>
							<top>0</top>
							<width>450</width>
							<height>42</height>
							<font>Light20</font>
							<align>left</align>
							<aligny>center</aligny>
							<label>$INFO[Window.Property(Current.DewPoint)]$INFO[System.TemperatureUnits]</label>
							<textcolor>white</textcolor>
							<visible>!String.IsEmpty(Window.Property(Current.DewPoint))</visible>
						</control>
						<control type="label">
							<description>current humidity Value</description>
							<left>0</left>
							<top>0</top>
							<width>450</width>
							<height>42</height>
							<font>Light20</font>
							<align>left</align>
							<aligny>center</aligny>
							<info>Window.Property(Current.Humidity)</info>
							<textcolor>white</textcolor>
							<visible>!String.IsEmpty(Window.Property(Current.Humidity))</visible>
						</control>
						<control type="label">
							<description>current UV Index Value</description>
							<left>0</left>
							<top>0</top>
							<width>450</width>
							<height>42</height>
							<font>Light20</font>
							<align>left</align>
							<aligny>center</aligny>
							<info>Window.Property(Current.UVIndex)</info>
							<textcolor>white</textcolor>
							<visible>!String.IsEmpty(Window.Property(Current.UVIndex))</visible>
						</control>
						<control type="label">
							<description>current Precipitation Value</description>
							<left>0</left>
							<top>0</top>
							<width>450</width>
							<height>42</height>
							<font>Light20</font>
							<align>left</align>
							<aligny>center</aligny>
							<info>Window.Property(Current.Precipitation)</info>
							<textcolor>white</textcolor>
							<visible>!String.IsEmpty(Window.Property(Current.Precipitation))</visible>
						</control>
						<control type="label">
							<description>current Wind Value</description>
							<left>0</left>
							<top>0</top>
							<width>450</width>
							<height>42</height>
							<font>Light20</font>
							<align>left</align>
							<aligny>center</aligny>
							<info>Window.Property(Current.Wind)</info>
							<textcolor>white</textcolor>
							<visible>!String.IsEmpty(Window.Property(Current.Wind))</visible>
						</control>
						<control type="label">
							<left>0</left>
							<top>0</top>
							<width>450</width>
							<height>42</height>
							<font>Light20</font>
							<align>left</align>
							<aligny>center</aligny>
							<info>Window.Property(Today.Sunrise)</info>
							<textcolor>white</textcolor>
							<visible>!String.IsEmpty(Window.Property(Today.Sunrise))</visible>
						</control>
						<control type="label">
							<left>0</left>
							<top>0</top>
							<width>450</width>
							<height>42</height>
							<font>Light20</font>
							<align>left</align>
							<aligny>center</aligny>
							<info>Window.Property(Today.Sunset)</info>
							<textcolor>white</textcolor>
							<visible>!String.IsEmpty(Window.Property(Today.Sunset))</visible>
						</control>
					</control>
				</control>
			</control>
			<control type="group">
				<left>870</left>
				<top>60</top>
				<control type="group" id="50">
					<include>WeatherDaily</include>
					<include>Weather36Hour</include>
					<include>WeatherWeekend</include>
					<include>WeatherHourly</include>
					<include>WeatherMaps</include>
					<include>WeatherAlerts</include>
				</control>
			</control>
		</control>
		<control type="group">
			<depth>DepthFooter</depth>
			<include>CommonNowPlaying</include>
		</control>
		<control type="group">
			<left>-429</left>
			<include>SideBladeLeft</include>
			<control type="group">
				<include>SideBladeLeftFadeInAni</include>
				<left>42</left>
				<top>15</top>
				<control type="label">
					<description></description>
					<left>0</left>
					<top>45</top>
					<height>38</height>
					<width>360</width>
					<label>$INFO[Window.Property(Location)]</label>
					<font>Light20</font>
					<textcolor>white</textcolor>
					<align>left</align>
					<aligny>center</aligny>
					<animation effect="fade" end="80" time="0" condition="true">conditional</animation>
				</control>
			</control>
			<control type="grouplist" id="9000">
				<include>SideBladeLeftFadeInAni</include>
				<left>24</left>
				<top>90</top>
				<width>375</width>
				<height>975</height>
				<onleft>9000</onleft>
				<onright>50</onright>
				<onup>9000</onup>
				<ondown>9000</ondown>
				<onback>50</onback>
				<itemgap>0</itemgap>
				<control type="label" id="200">
					<width>375</width>
					<height>53</height>
					<font>Light18</font>
					<label></label>
					<textcolor>blue</textcolor>
					<align>center</align>
					<aligny>center</aligny>
				</control>
				<control type="group" id="300">
					<width>375</width>
					<height>60</height>
					<control type="spincontrolex" id="3">
						<description>change location button</description>
						<left>0</left>
						<top>0</top>
						<font></font>
						<include>ButtonCommonValues</include>
						<onleft>9000</onleft>
						<onright>50</onright>
						<onup>200</onup>
						<ondown>302</ondown>
						<onback>50</onback>
					</control>
					<control type="label" id="333">
						<left>16</left>
						<top>0</top>
						<width>300</width>
						<height>60</height>
						<font>Regular21</font>
						<label>31027</label>
						<textcolor>white</textcolor>
						<align>left</align>
						<aligny>center</aligny>
						<visible>Control.HasFocus(3)</visible>
					</control>
					<control type="label" id="334">
						<left>16</left>
						<top>0</top>
						<width>300</width>
						<height>60</height>
						<font>Regular21</font>
						<label>31027</label>
						<textcolor>grey</textcolor>
						<align>left</align>
						<aligny>center</aligny>
						<visible>!Control.HasFocus(3)</visible>
					</control>
				</control>
				<control type="button" id="302">
					<description>Daily forcast button</description>
					<textwidth>353</textwidth>
					<include>ButtonCommonValues</include>
					<label>31904</label>
					<onclick>ClearProperty(Weather.CurrentView)</onclick>
					<visible>!String.IsEmpty(Window.Property(Daily.IsFetched))</visible>
				</control>
				<control type="button" id="303">
					<description>36 hour forcast button</description>
					<textwidth>353</textwidth>
					<include>ButtonCommonValues</include>
					<label>31901</label>
					<onclick>SetProperty(Weather.CurrentView,36hour)</onclick>
					<visible>!String.IsEmpty(Window.Property(36Hour.IsFetched))</visible>
				</control>
				<control type="button" id="304">
					<description>Weekend forcast button</description>
					<textwidth>353</textwidth>
					<include>ButtonCommonValues</include>
					<label>31903</label>
					<onclick>SetProperty(Weather.CurrentView,weekend)</onclick>
					<visible>!String.IsEmpty(Window.Property(Weekend.IsFetched))</visible>
				</control>
				<control type="button" id="305">
					<description>Hourly forcast button</description>
					<textwidth>353</textwidth>
					<include>ButtonCommonValues</include>
					<label>31902</label>
					<onclick>SetProperty(Weather.CurrentView,hourly)</onclick>
					<visible>!String.IsEmpty(Window.Property(Hourly.IsFetched))</visible>
				</control>
				<control type="button" id="306">
					<description>Maps button</description>
					<textwidth>353</textwidth>
					<include>ButtonCommonValues</include>
					<label>31910</label>
					<onclick>SetProperty(Weather.CurrentView,map)</onclick>
					<visible>!String.IsEmpty(Window.Property(Map.IsFetched))</visible>
				</control>
				<control type="button" id="307">
					<description>Alerts button</description>
					<textwidth>353</textwidth>
					<include>ButtonCommonValues</include>
					<label>33050</label>
					<onfocus>SetProperty(Weather.CurrentView,alerts)</onfocus>
					<visible>!String.IsEmpty(Window.Property(Alerts.IsFetched))</visible>
				</control>
				<control type="label" id="201">
					<width>375</width>
					<height>53</height>
					<font>Light18</font>
					<label>31026</label>
					<textcolor>blue</textcolor>
					<align>center</align>
					<aligny>center</aligny>
				</control>
				<control type="button" id="2">
					<description>Refresh button</description>
					<textwidth>353</textwidth>
					<include>ButtonCommonValues</include>
					<label>184</label>
					<onclick>Weather.Refresh</onclick>
				</control>
				<control type="button" id="4">
					<description>Settings button</description>
					<label>5</label>
					<onclick>ActivateWindow(ServiceSettings,weather)</onclick>
					<textwidth>353</textwidth>
					<include>ButtonCommonValues</include>
				</control>
				<include>CommonNowPlaying_Controls</include>
			</control>
		</control>
	</controls>
</window>
