<?xml version="1.0" encoding="UTF-8"?>
<window>
	<defaultcontrol always="true">100</defaultcontrol>
	<onload condition="!VideoPlayer.Content(LiveTV) + Player.PauseEnabled">SetFocus(202)</onload>
	<onload condition="!VideoPlayer.Content(LiveTV) + !Player.PauseEnabled">SetFocus(203)</onload>
	<onload condition="VideoPlayer.Content(LiveTV)">SetFocus(300)</onload>
	
	<include>dialogeffectSlower</include>
	
	<depth>DepthOSD</depth>
	
	<controls><!-- WRAPPER START --><control type="group"><centerleft>50%</centerleft><centertop>50%</centertop><width>1920</width><height>1080</height><!-- WRAPPER START -->
		<control type="group">
			
			<!-- Never show any VideoOSD if a slider is visible -->
			<visible>!Player.HasGame + !Window.IsVisible(SliderDialog)</visible>
			
			<animation effect="fade" end="100" time="700">Visible</animation>
			<animation effect="fade" end="0" time="350">Hidden</animation>
			
			
			<control type="image" id="4010">
				<description>Seekbar focus border for mouse</description>
				<left>237</left>
				<top>168r</top>
				<width>1446</width>
				<height>25</height>
				<texture border="14" colordiffuse="$VAR[accentColorDiffuseForNeutralTextures]">_added_img/focus_border_2px-rounded-12px-neutral.png</texture>
				<visible>Control.HasFocus(87) + System.GetBool(input.enablemouse) + ![Window.IsVisible(SliderDialog) | VideoPlayer.Content(LiveTV)] + [Window.IsActive(VideoOSD) | Window.IsActive(MusicOSD)]</visible>
			</control>
			
			
			<control type="slider" id="87">
				<depth>DepthOSD+</depth>
				<description>Seek Slider</description>
				<left>248</left>
				<top>170r</top>
				<width>1424</width>
				<height>32</height>
				<action>seek</action>
				<texturesliderbar></texturesliderbar>
				<textureslidernib></textureslidernib>
				<textureslidernibfocus></textureslidernibfocus>
				
				<visible>System.GetBool(input.enablemouse) + ![Window.IsVisible(SliderDialog) | VideoPlayer.Content(LiveTV)]</visible>
			</control>
			
			<!-- INVISIBLE LIST FOR INFO BUTTON -->
			<include condition="[ VideoPlayer.Content(Movies) | VideoPlayer.Content(Episodes) ] + !String.IsEmpty(VideoPlayer.DBID) + VideoPlayer.HasInfo + !Player.IsInternetStream + !Pvr.IsPlayingRecording">VideoOsdInfoButtonList</include>
			
			<!-- OSD BUTTONS from left -->
			<control type="grouplist" id="100">
				<left>239</left>
				<top>117r</top>
				<orientation>horizontal</orientation>
				<itemgap>0</itemgap>
				
				<control type="button" id="300">
					<width>81</width>
					<height>81</height>
					<label>210</label>
					<font></font>
					<texturefocus>osd/buttons/OSDChannelUPFO.png</texturefocus>
					<texturenofocus>osd/buttons/OSDChannelUPNF.png</texturenofocus>
					<onclick>ChannelUp</onclick>
					<!-- PlayerControl(Next) -->
					<visible>VideoPlayer.Content(LiveTV)</visible>
				</control>
				<control type="button" id="301">
					<width>81</width>
					<height>81</height>
					<label>209</label>
					<font></font>
					<texturefocus>osd/buttons/OSDChannelDownFO.png</texturefocus>
					<texturenofocus>osd/buttons/OSDChannelDownNF.png</texturenofocus>
					<onclick>ChannelDown</onclick>
					<!-- PlayerControl(Previous) -->
					<visible>VideoPlayer.Content(LiveTV)</visible>
				</control>
				<control type="button" id="200">
					<width>81</width>
					<height>81</height>
					<label>210</label>
					<font></font>
					<texturefocus>osd/buttons/OSDPrevTrackFO.png</texturefocus>
					<texturenofocus>osd/buttons/OSDPrevTrackNF.png</texturenofocus>
					<onclick>PlayerControl(Previous)</onclick>
					<visible>!VideoPlayer.Content(LiveTV)</visible>
				</control>
				<control type="button" id="201">
					<width>81</width>
					<height>81</height>
					<label>31354</label>
					<font></font>
					<texturefocus>osd/buttons/OSDRewindFO.png</texturefocus>
					<texturenofocus>osd/buttons/OSDRewindNF.png</texturenofocus>
					<onclick>PlayerControl(Rewind)</onclick>
					<visible>Player.SeekEnabled + Skin.HasSetting(DisableFullScreenOsdButtonSimplicity)</visible>
				</control>
				<control type="togglebutton" id="202">
					<width>81</width>
					<height>81</height>
					<label>31351</label>
					<altlabel>208</altlabel>
					<font></font>
					<texturefocus>osd/buttons/OSDPauseFO.png</texturefocus>
					<texturenofocus>osd/buttons/OSDPauseNF.png</texturenofocus>
					<usealttexture>Player.Paused | Player.Forwarding | Player.Rewinding</usealttexture>
					<alttexturefocus>osd/buttons/OSDPlayFO.png</alttexturefocus>
					<alttexturenofocus>osd/buttons/OSDPlayNF.png</alttexturenofocus>
					<onclick>PlayerControl(Play)</onclick>
					
					<onup condition="Player.Playing">PlayerControl(TempoUp)</onup>
					<ondown condition="Player.Playing">PlayerControl(TempoDown)</ondown>
					
					<visible>Player.PauseEnabled</visible>
				</control>
				<control type="button" id="203">
					<width>81</width>
					<height>81</height>
					<label>31352</label>
					<font></font>
					<texturefocus>osd/buttons/OSDStopFO.png</texturefocus>
					<texturenofocus>osd/buttons/OSDStopNF.png</texturenofocus>
					<onclick>PlayerControl(Stop)</onclick>
				</control>
				<control type="button" id="204">
					<width>81</width>
					<height>81</height>
					<label>31353</label>
					<font></font>
					<texturefocus>osd/buttons/OSDForwardFO.png</texturefocus>
					<texturenofocus>osd/buttons/OSDForwardNF.png</texturenofocus>
					<onclick>PlayerControl(Forward)</onclick>
					<visible>Player.SeekEnabled + Skin.HasSetting(DisableFullScreenOsdButtonSimplicity)</visible>
				</control>
				<control type="button" id="205">
					<width>81</width>
					<height>81</height>
					<label>209</label>
					<font></font>
					<texturefocus>osd/buttons/OSDNextTrackFO.png</texturefocus>
					<texturenofocus>osd/buttons/OSDNextTrackNF.png</texturenofocus>
					<onclick>PlayerControl(Next)</onclick>
					<visible>!VideoPlayer.Content(LiveTV) + [Skin.HasSetting(DisableFullScreenOsdButtonSimplicity) | Integer.IsGreater(Playlist.Length(video),1)]</visible>
				</control>
				
				
				
				<control type="image" id="2003">
					<width>24</width>
					<texture></texture>
					<visible>[!String.IsEmpty(Container(43260).ListItem.Label) + [ VideoPlayer.Content(Movies) | VideoPlayer.Content(Episodes) ] + !String.IsEmpty(VideoPlayer.DBID) + VideoPlayer.HasInfo + !Player.IsInternetStream + !Pvr.IsPlayingRecording] | VideoPlayer.Content(LiveTV)</visible>
				</control>
				
				
				
				<control type="button" id="207">
					<width>81</width>
					<height>81</height>
					<label>INFO</label>
					<font></font>
					<texturefocus>osd/buttons/OSDinfodialogFO.png</texturefocus>
					<texturenofocus>osd/buttons/OSDinfodialogNF.png</texturenofocus>
					<onclick>SetFocus(43260)</onclick>
					<onclick>SetProperty(OSDinfodialogButtonActive,True,home)</onclick>
					<onclick condition="Skin.HasSetting(FullScreenOsdInfoButtonPauseResume) + !Player.Paused">Pause</onclick>
					<onclick>SetFocus(43260)</onclick>
					<onclick>SetFocus(43260)</onclick>
					<onclick>Action(Info)</onclick>
					<!--<onclick>Dialog.Close(VideoOSD,true)</onclick>-->
					<visible>!String.IsEmpty(Container(43260).ListItem.Label) + [ VideoPlayer.Content(Movies) | VideoPlayer.Content(Episodes) ] + !String.IsEmpty(VideoPlayer.DBID) + VideoPlayer.HasInfo + !Player.IsInternetStream + !Pvr.IsPlayingRecording</visible>
				</control>
				<control type="button" id="306">
					<width>81</width>
					<height>81</height>
					<label>19019</label>
					<font></font>
					<texturefocus>osd/buttons/OSDChannelListFO.png</texturefocus>
					<texturenofocus>osd/buttons/OSDChannelListNF.png</texturenofocus>
					<onclick>Dialog.Close(VideoOSD)</onclick>
					<onclick>ActivateWindow(PVROSDChannels)</onclick>
					<visible>VideoPlayer.Content(LiveTV)</visible>
				</control>
				<control type="button" id="307">
					<width>81</width>
					<height>81</height>
					<label>$LOCALIZE[19029]$INFO[VideoPlayer.ChannelName, – ]</label>
					<font></font>
					<texturefocus>osd/buttons/OSDepgFO.png</texturefocus>
					<texturenofocus>osd/buttons/OSDepgNF.png</texturenofocus>
					<onclick>Dialog.Close(VideoOSD)</onclick>
					<onclick>ActivateWindow(PVRChannelGuide)</onclick>
					<visible>VideoPlayer.Content(LiveTV)</visible>
				</control>
				<control type="button" id="350">
					<width>81</width>
					<height>81</height>
					<label>31356</label>
					<font></font>
					<texturefocus>osd/buttons/OSDTeleTextFO.png</texturefocus>
					<texturenofocus>osd/buttons/OSDTeleTextNF.png</texturenofocus>
					<onclick>Dialog.Close(VideoOSD)</onclick>
					<onclick>ActivateWindow(Teletext)</onclick>
					<visible>VideoPlayer.Content(LiveTV)</visible>
				</control>
				<control type="image" id="2004">
					<width>162</width>
					<texture></texture>
					<visible>!Skin.HasSetting(DisableFullScreenOsdButtonSimplicity) + !VideoPlayer.Content(LiveTV)</visible>
				</control>
				<control type="image" id="2006">
					<width>81</width>
					<texture></texture>
					<visible>!Skin.HasSetting(DisableFullScreenOsdButtonSimplicity) + !VideoPlayer.Content(LiveTV) + !Integer.IsGreater(Playlist.Length(video),1)</visible>
				</control>
				<control type="image" id="2005">
					<width>138</width>
					<texture></texture>
					<visible>VideoPlayer.Content(LiveTV)</visible>
				</control>
				<!-- ADD 54px IF NOT PauseEnabled -->
				<control type="image" id="1998">
					<width>81</width>
					<texture></texture>
					<visible>!Player.PauseEnabled</visible>
				</control>
				<!-- ADD 54px IF NO INFO-BUTTON -->
				<control type="image" id="1999">
					<width>105</width>
					<texture></texture>
					<visible>!VideoPlayer.Content(LiveTV) + !Control.IsVisible(207)</visible>
					<!-- Video + No Info Button -->
				</control>
				<control type="image" id="2200">
					<width>198</width>
					<texture></texture>
					<visible>!VideoPlayer.Content(LiveTV) + VideoPlayer.HasMenu</visible>
					<!-- Video + Disc Menu Button -->
				</control>
				<!-- ADD 32px IF NO VA-DRC BUTTON -->
				<control type="image" id="2201">
					<width>48</width>
					<texture></texture>
					<!-- Video + Disc Menu Button + No DRC or DRC Button Disabled -->
					<visible>!VideoPlayer.Content(LiveTV) + VideoPlayer.HasMenu 
									+ [!Skin.HasSetting(ExperimentalVolumeAmplificationFeaturesEnabled) | Skin.HasSetting(ExperimentalVolumeAmplificationHideOSDToggle)]</visible>
				</control>
				<control type="image" id="2600">
					<width>279</width>
					<texture></texture>
					<visible>!VideoPlayer.Content(LiveTV) + !VideoPlayer.HasMenu</visible>
					<!-- Video + No Disc Menu Button -->
				</control>
				<!-- ADD 32px IF NO VA-DRC BUTTON -->
				<control type="image" id="2601">
					<width>48</width>
					<texture></texture>
					<!-- Video + No Disc Menu Button + No DRC or DRC Button Disabled -->
					<visible>!VideoPlayer.Content(LiveTV) + !VideoPlayer.HasMenu 
									+ [!Skin.HasSetting(ExperimentalVolumeAmplificationFeaturesEnabled) | Skin.HasSetting(ExperimentalVolumeAmplificationHideOSDToggle)]</visible>
				</control>
				<control type="image" id="2300">
					<width>162</width>
					<texture></texture>
					<visible>VideoPlayer.Content(LiveTV) + [!Player.SeekEnabled | !Skin.HasSetting(DisableFullScreenOsdButtonSimplicity)]</visible>
					<!-- LiveTV -->
				</control>
				<control type="image" id="2301">
					<width>27</width>
					<texture></texture>
					<visible>VideoPlayer.Content(LiveTV)</visible>
					<!-- LiveTV -->
				</control>
				
				
				
				
				
				
				
				
				
				<control type="image" id="23030">
					<width>119</width>
					<texture></texture>
					<!-- new osd -->
				</control>
				
				
				
				
				<control type="button" id="255">
					<enable>VideoPlayer.IsStereoscopic</enable>
					<animation effect="fade" start="100" end="0" time="0" condition="!VideoPlayer.IsStereoscopic">Conditional</animation>
					<width>81</width>
					<height>81</height>
					<label>36501</label>
					<font></font>
					<texturefocus>osd/buttons/OSDStereoscopicFO.png</texturefocus>
					<texturenofocus>osd/buttons/OSDStereoscopicNF.png</texturenofocus>
					<onup>501</onup>
				</control>
				<control type="button" id="250">
					<width>81</width>
					<height>81</height>
					<label>31356</label>
					<font></font>
					<texturefocus>osd/buttons/OSDSubtitlesFO.png</texturefocus>
					<texturenofocus>osd/buttons/OSDSubtitlesNF.png</texturenofocus>
					<onup>440</onup>
					<onclick>ActivateWindow(OSDSubtitleSettings)</onclick>
					<ondown>NextSubtitle</ondown>
				</control>
				<control type="button" id="251">
					<width>81</width>
					<height>81</height>
					<label>13395</label>
					<font></font>
					<texturefocus>osd/buttons/OSDVideoFO.png</texturefocus>
					<texturenofocus>osd/buttons/OSDVideoNF.png</texturenofocus>
					<onclick>ActivateWindow(OSDVideoSettings)</onclick>
				</control>
				<control type="button" id="252">
					<width>81</width>
					<height>81</height>
					<label>13396</label>
					<font></font>
					<texturefocus>osd/buttons/OSDAudioFO.png</texturefocus>
					<texturenofocus>osd/buttons/OSDAudioNF.png</texturenofocus>
					<onclick>ActivateWindow(OSDAudioSettings)</onclick>
					<ondown condition="!String.IsEmpty(VideoPlayer.AudioLanguage)">AudioNextLanguage</ondown>
				</control>
				<control type="button" id="299">
					<width>48</width>
					<height>81</height>
					<label>298</label>
					<font></font>
					<texturefocus>osd/buttons/OSDVADRCFO.png</texturefocus>
					<texturenofocus>osd/buttons/OSDVADRCNF.png</texturenofocus>
					<!-- include onclick actions -->
					<include>VolumeAmplification_Preset_DRC_Toggle</include>
					<visible>Skin.HasSetting(ExperimentalVolumeAmplificationFeaturesEnabled) + !Skin.HasSetting(ExperimentalVolumeAmplificationHideOSDToggle) + !VideoPlayer.Content(LiveTV)</visible>
				</control>
				<control type="button" id="253">
					<width>81</width>
					<height>81</height>
					<label>298</label>
					<font></font>
					<texturefocus>osd/buttons/OSDBookmarksFO.png</texturefocus>
					<texturenofocus>osd/buttons/OSDBookmarksNF.png</texturenofocus>
					<onclick>Dialog.Close(VideoOSD)</onclick>
					<onclick>ActivateWindow(VideoBookmarks)</onclick>
					<visible>!VideoPlayer.Content(LiveTV)</visible>
				</control>
				<control type="button" id="254">
					<width>81</width>
					<height>81</height>
					<label>31355</label>
					<font></font>
					<texturefocus>osd/buttons/OSDDvdFO.png</texturefocus>
					<texturenofocus>osd/buttons/OSDDvdNF.png</texturenofocus>
					<onclick>PlayerControl(ShowVideoMenu)</onclick>
					<visible>!VideoPlayer.Content(LiveTV) + VideoPlayer.HasMenu</visible>
				</control>
				<control type="togglebutton" id="353">
					<width>81</width>
					<height>81</height>
					<label>264</label>
					<altlabel>265</altlabel>
					<font></font>
					<texturefocus>osd/buttons/OSDRecordOffFO.png</texturefocus>
					<texturenofocus>osd/buttons/OSDRecordOffNF.png</texturenofocus>
					<usealttexture>PVR.IsRecordingPlayingChannel</usealttexture>
					<alttexturefocus>osd/buttons/OSDRecordOnFO.png</alttexturefocus>
					<alttexturenofocus>osd/buttons/OSDRecordOnNF.png</alttexturenofocus>
					<onclick>PVR.ToggleRecordPlayingChannel</onclick>
					<enable>PVR.CanRecordPlayingChannel</enable>
					<animation effect="fade" start="100" end="20" time="0" condition="!PVR.CanRecordPlayingChannel">Conditional</animation>
					<visible>VideoPlayer.Content(LiveTV)</visible>
				</control>
			</control>
			
			
			
			<!-- Subtitles Menu -->
			<control type="button" id="410">
				<description>Fake button for mouse control</description>
				<right>412</right>
				<bottom>108</bottom>
				<width>386</width>
				<height>371</height>
				<label></label>
				<font></font>
				<texturenofocus></texturenofocus>
				<texturefocus></texturefocus>
				<animation effect="slide" start="0,0" end="83,0" time="0" condition="![VideoPlayer.HasMenu | VideoPlayer.Content(LiveTV)]">Conditional</animation>
				<animation effect="slide" start="0,0" end="83,0" time="0" condition="!VideoPlayer.HasMenu + VideoPlayer.Content(LiveTV)">Conditional</animation>
				<!-- added -->
				<!-- MOVE 32px LEFT IF VA-DRC TOGGLE VISIBLE -->
				<animation effect="slide" start="0,0" end="-48,0" time="0" condition="!VideoPlayer.Content(LiveTV)   + Skin.HasSetting(ExperimentalVolumeAmplificationFeaturesEnabled) + !Skin.HasSetting(ExperimentalVolumeAmplificationHideOSDToggle)">Conditional</animation>
				<visible>Integer.IsGreater(Container(400).NumItems,0) + ![VideoPlayer.Content(LiveTV) + !VideoPlayer.HasSubtitles] +   [   Control.HasFocus(410) | 
							[ Control.HasFocus(250) + [ Skin.HasSetting(EnableVideoOSDEnableSubtitlesMiniSubMenu) | [ String.StartsWith(System.BuildVersion,17.) + !String.StartsWith(System.BuildVersion,17.7) + !String.StartsWith(System.BuildVersion,17.6 Git:20171126-13194ec) + !String.StartsWith(System.BuildVersion,17.9) ] ] ] 
							| ControlGroup(400).HasFocus | Control.HasFocus(401) | Control.HasFocus(402) | Control.HasFocus(403) | Control.HasFocus(404)   ]</visible>
			</control>
			<control type="grouplist" id="400">
				<depth>DepthOSD+</depth>
				<animation effect="slide" start="0,0" end="0,60" time="0" condition="VideoPlayer.HasSubtitles + !VideoPlayer.SubtitlesEnabled">Conditional</animation>
				<animation effect="slide" start="0,0" end="0,180" time="0" condition="!VideoPlayer.HasSubtitles">Conditional</animation>
				<animation effect="slide" start="0,0" end="0,60" time="0" condition="![!VideoPlayer.Content(LiveTV) + [String.IsEmpty(Player.PluginName) + !String.StartsWith(Player.FolderPath,plugin://)]]">Conditional</animation>
				<animation effect="slide" start="0,0" end="83,0" time="0" condition="![VideoPlayer.HasMenu | VideoPlayer.Content(LiveTV)]">Conditional</animation>
				<animation effect="slide" start="0,0" end="83,0" time="0" condition="!VideoPlayer.HasMenu + VideoPlayer.Content(LiveTV)">Conditional</animation>
				<!-- added -->
				<!-- MOVE 32px LEFT IF VA-DRC TOGGLE VISIBLE -->
				<animation effect="slide" start="0,0" end="-48,0" time="0" condition="!VideoPlayer.Content(LiveTV)   + Skin.HasSetting(ExperimentalVolumeAmplificationFeaturesEnabled) + !Skin.HasSetting(ExperimentalVolumeAmplificationHideOSDToggle)">Conditional</animation>
				<right>392</right>
				<bottom>77</bottom>
				<width>426</width>
				<height>402</height>
				<itemgap>0</itemgap>
				<onleft>250</onleft>
				<onright>250</onright>
				<onup>250</onup>
				<ondown>250</ondown>
				<orientation>vertical</orientation>
				<visible>Integer.IsGreater(Container(400).NumItems,0) + ![VideoPlayer.Content(LiveTV) + !VideoPlayer.HasSubtitles] +   [   Control.HasFocus(410) | 
							[ Control.HasFocus(250) + [ Skin.HasSetting(EnableVideoOSDEnableSubtitlesMiniSubMenu) | [ String.StartsWith(System.BuildVersion,17.) + !String.StartsWith(System.BuildVersion,17.7) + !String.StartsWith(System.BuildVersion,17.6 Git:20171126-13194ec) + !String.StartsWith(System.BuildVersion,17.9) ] ] ] 
							| ControlGroup(400).HasFocus | Control.HasFocus(401) | Control.HasFocus(402) | Control.HasFocus(403) | Control.HasFocus(404)   ]</visible>
				<!--<include>VisibleFadeEffect</include>-->
				<include>VisibleFadeEffectFullscreenOSDSubMenu</include>
				<control type="group">
					<description>Header</description>
					<width>426</width>
					<height>83</height>
					<control type="image">
						<description>Header</description>
						<left>0</left>
						<top>0</top>
						<width>426</width>
						<height>83</height>
						<texture border="51,51,51,0">SubMenuBack-Header.png</texture>
					</control>
					<control type="label">
						<left>66</left>
						<top>48</top>
						<width>294</width>
						<height>24</height>
						<font>Light18</font>
						<label>24012</label>
						<textcolor>blue</textcolor>
						<align>center</align>
						<aligny>center</aligny>
					</control>
				</control>
				<control type="button" id="401">
					<description>Download with Subtitles script</description>
					<height>60</height>
					<width>426</width>
					<font>Regular20</font>
					<label>33003</label>
					<textoffsetx>66</textoffsetx>
					<aligny>top</aligny><textoffsety>9</textoffsety>
					
					<texturenofocus border="51,0,51,0">SubMenuBack-MiddleNF.png</texturenofocus>
					<texturefocus border="51,0,51,0">SubMenuBack-MiddleFO.png</texturefocus>
					
					<onclick>SetFocus(202)</onclick>
					<onclick>Dialog.Close(VideoOSD)</onclick>
					<onclick>ActivateWindow(SubtitleSearch)</onclick>
					<!-- no point in downloading subtitles for live programs -->
					<enable>!VideoPlayer.Content(LiveTV) + [String.IsEmpty(Player.PluginName) + !String.StartsWith(Player.FolderPath,plugin://)]</enable>
					<visible>!VideoPlayer.Content(LiveTV) + [String.IsEmpty(Player.PluginName) + !String.StartsWith(Player.FolderPath,plugin://)]</visible>
				</control>
				<control type="button" id="402">
					<height>60</height>
					<width>426</width>
					<aligny>top</aligny><textoffsety>9</textoffsety>
					<font>Regular20</font>
					<textoffsetx>66</textoffsetx>
					
					<texturenofocus border="51,0,51,0">SubMenuBack-MiddleNF.png</texturenofocus>
					<texturefocus border="51,0,51,0">SubMenuBack-MiddleFO.png</texturefocus>
					
					<label>22006</label>
					<onclick>SubtitleDelay</onclick>
					<visible>VideoPlayer.HasSubtitles + VideoPlayer.SubtitlesEnabled</visible>
				</control>
				<control type="button" id="403">
					<height>60</height>
					<width>426</width>
					<aligny>top</aligny><textoffsety>9</textoffsety>
					<font>Regular20</font>
					<textoffsetx>66</textoffsetx>
					
					<texturenofocus border="51,0,51,0">SubMenuBack-MiddleNF.png</texturenofocus>
					<texturefocus border="51,0,51,0">SubMenuBack-MiddleFO.png</texturefocus>
					
					<label>$VAR[VideoOSDNextSubtitleLabel]</label>
					<!-- 24012=Subtitles 209=Next 462=Subtitle -->
					<onclick>NextSubtitle</onclick>
					<visible>VideoPlayer.HasSubtitles</visible>
				</control>
				<control type="radiobutton" id="404">
					<height>60</height>
					<width>426</width>
					<textoffsetx>66</textoffsetx>
					<aligny>top</aligny><textoffsety>9</textoffsety>
					<font>Regular20</font>
					<label>449</label>
					<radioposx>309</radioposx>
					
					<texturenofocus border="51,0,51,0">SubMenuBack-MiddleNF.png</texturenofocus>
					<texturefocus border="51,0,51,0">SubMenuBack-MiddleFO.png</texturefocus>
					
					<onclick>ShowSubtitles</onclick>
					<selected>VideoPlayer.SubtitlesEnabled</selected>
					<visible>VideoPlayer.HasSubtitles</visible>
				</control>
				<control type="image" id="440">
					<description>Footer</description>
					<width>426</width>
					<height>51</height>
					<texture flipy="true" border="51,0,51,51">SubMenuBack-Header.png</texture>
				</control>
			</control>
			
			
			
			<!-- 3D Menu -->
			<control type="button" id="520">
				<description>Fake button for mouse control</description>
				<right>494</right>
				<bottom>108</bottom>
				<width>386</width>
				<height>311</height>
				<label></label>
				<font></font>
				<texturenofocus></texturenofocus>
				<texturefocus></texturefocus>
				<animation effect="slide" start="0,0" end="83,0" time="0" condition="![VideoPlayer.HasMenu | VideoPlayer.Content(LiveTV)]">Conditional</animation>
				<animation effect="slide" start="0,0" end="83,0" time="0" condition="VideoPlayer.Content(LiveTV)">Conditional</animation>
				<!-- added -->
				<!-- MOVE 32px LEFT IF VA-DRC TOGGLE VISIBLE -->
				<animation effect="slide" start="0,0" end="-48,0" time="0" condition="!VideoPlayer.Content(LiveTV)   + Skin.HasSetting(ExperimentalVolumeAmplificationFeaturesEnabled) + !Skin.HasSetting(ExperimentalVolumeAmplificationHideOSDToggle)">Conditional</animation>
				<visible>Control.HasFocus(520) | Control.HasFocus(255) | ControlGroup(500).HasFocus | Control.HasFocus(501) | Control.HasFocus(502) | Control.HasFocus(503)</visible>
			</control>
			<control type="grouplist" id="500">
				<depth>DepthOSD+</depth>
				<visible>VideoPlayer.IsStereoscopic + [Control.HasFocus(520) | Control.HasFocus(255) | ControlGroup(500).HasFocus | Control.HasFocus(501) | Control.HasFocus(502) | Control.HasFocus(503)]</visible>
				<animation effect="slide" start="0,0" end="83,0" time="0" condition="![VideoPlayer.HasMenu | VideoPlayer.Content(LiveTV)]">Conditional</animation>
				<animation effect="slide" start="0,0" end="83,0" time="0" condition="VideoPlayer.Content(LiveTV)">Conditional</animation>
				<!-- added -->
				<!-- MOVE 32px LEFT IF VA-DRC TOGGLE VISIBLE -->
				<animation effect="slide" start="0,0" end="-48,0" time="0" condition="!VideoPlayer.Content(LiveTV)   + Skin.HasSetting(ExperimentalVolumeAmplificationFeaturesEnabled) + !Skin.HasSetting(ExperimentalVolumeAmplificationHideOSDToggle)">Conditional</animation>
				<right>474</right>
				<bottom>17</bottom>
				<width>426</width>
				<height>402</height>
				<itemgap>0</itemgap>
				<onleft>255</onleft>
				<onright>255</onright>
				<onup>255</onup>
				<ondown>255</ondown>
				<orientation>vertical</orientation>
				<!--<include>VisibleFadeEffect</include>-->
				<include>VisibleFadeEffectFullscreenOSDSubMenu</include>
				<control type="group">
					<description>Header</description>
					<width>426</width>
					<height>83</height>
					<control type="image">
						<description>Header</description>
						<left>0</left>
						<top>0</top>
						<width>426</width>
						<height>83</height>
						<texture border="51,51,51,0">SubMenuBack-Header.png</texture>
					</control>
					<control type="label">
						<left>66</left>
						<top>48</top>
						<width>294</width>
						<height>24</height>
						<font>Light18</font>
						<label>36501</label>
						<textcolor>blue</textcolor>
						<align>center</align>
						<aligny>center</aligny>
					</control>
				</control>
				<control type="radiobutton" id="503">
					<height>60</height>
					<width>426</width>
					<textoffsetx>66</textoffsetx>
					<aligny>top</aligny><textoffsety>9</textoffsety>
					<font>Regular20</font>
					<label>31362</label>
					<radioposx>309</radioposx>
					
					<texturenofocus border="51,0,51,0">SubMenuBack-MiddleNF.png</texturenofocus>
					<texturefocus border="51,0,51,0">SubMenuBack-MiddleFO.png</texturefocus>
					
					<onclick>ToggleStereoMode</onclick>
					<selected>Integer.IsGreater(System.StereoscopicMode,0)</selected>
				</control>
				<control type="button" id="502">
					<height>60</height>
					<width>426</width>
					<aligny>top</aligny><textoffsety>9</textoffsety>
					<font>Regular20</font>
					<textoffsetx>66</textoffsetx>
					
					<texturenofocus border="51,0,51,0">SubMenuBack-MiddleNF.png</texturenofocus>
					<texturefocus border="51,0,51,0">SubMenuBack-MiddleFO.png</texturefocus>
					
					<label>31361</label>
					<onclick>StereoMode</onclick>
				</control>
				<control type="radiobutton" id="501">
					<height>60</height>
					<width>426</width>
					<textoffsetx>66</textoffsetx>
					<aligny>top</aligny><textoffsety>9</textoffsety>
					<font>Regular20</font>
					<label>31360</label>
					<radioposx>309</radioposx>
					
					<texturenofocus border="51,0,51,0">SubMenuBack-MiddleNF.png</texturenofocus>
					<texturefocus border="51,0,51,0">SubMenuBack-MiddleFO.png</texturefocus>
					
					<onclick>StereoModeToMono</onclick>
					<selected>String.IsEqual(System.StereoscopicMode,9)</selected>
				</control>
				<control type="image" id="549">
					<description>Footer</description>
					<width>426</width>
					<height>51</height>
					<texture flipy="true" border="51,0,51,51">SubMenuBack-Header.png</texture>
				</control>
			</control>
			<control type="image">
				
				<!-- SkinOutOfBounds -->
				<include condition="Integer.IsLess(Window(Home).Property(CinemaHelper.GetSettingValue.lookandfeel.skinzoom),0) | !String.IsEqual(Skin.AspectRatio,16:9)">SkinOutOfBoundsBgDimensionsStandardVariant2</include>
				
				<left>0</left>
				<top>0</top>
				<width>1920</width>
				<height>1080</height>
				
				<texture>colors/black_70.png</texture>
				<visible>Window.IsVisible(SelectDialog) | Window.IsVisible(OSDVideoSettings) | Window.IsVisible(OSDAudioSettings) | Window.IsVisible(OSDSubtitleSettings)</visible>
				
				<animation effect="fade" time="300">VisibleChange</animation>
				
			</control>
			
		</control>
		
		
	<include condition="Skin.HasSetting(EnableSkinDebugOutput)">DebugOverlay</include><!-- WRAPPER STOP --></control><!-- WRAPPER STOP --></controls>
</window>
