﻿<?xml version="1.0" encoding="UTF-8" standalone="yes"?>
<addon id="service.listitem.helper" name="ListItem Helper (KODI 17+18) (axbmcuser)" version="0.2.2" provider-name="axbmcuser">
	<requires>
		<import addon="xbmc.python" version="2.24.0"/>
		<import addon="script.module.metadatautils" version="1.0.0" />
	</requires>
	<extension library="service.py" point="xbmc.service" start="login">
	</extension>
	<extension point="xbmc.addon.metadata">
		<summary lang="en">A ListItem Helper</summary>
		<description lang="en">A ListItem Helper service which provides values from OMDB/TMDB while using script.module.metadatautils[CR][CR]Property names:[CR](home) axbmcuserData.ListItem.rating.rottentomatoes.percent[CR](home) axbmcuserData.ListItem.rating.rottentomatoes.image[CR](home) axbmcuserData.ListItem.rating.metacritic.percent[CR](home) axbmcuserData.ListItem.rating.imdb.percent[CR](home) axbmcuserData.ListItem.rating.imdb[CR](home) axbmcuserData.ListItem.rating.imdb.votes[CR](home) axbmcuserData.ListItem.rating.awards[CR](home) axbmcuserData.ListItem.budget[CR](home) axbmcuserData.ListItem.budget.million[CR](home) axbmcuserData.ListItem.budget.formatted[CR](home) axbmcuserData.ListItem.revenue[CR](home) axbmcuserData.ListItem.revenue.million[CR](home) axbmcuserData.ListItem.revenue.formatted[CR](home) axbmcuserData.ListItem.revenue.boxoffice[CR](home) axbmcuserData.ListItem.IMDBNumber[CR][CR]For use with other containers like home screen widgets set the following properties:[CR][CR](home) ListItemHelper.WidgetContainerId[CR]to the container ID (Example: 8000)[CR](home) ListItemHelper.WidgetContainerWindowName[CR]to the window name where the container resides (Example: home)[CR][CR]Important remarks:[CR]- Unset the WidgetContainer-properties when leaving focus from the widget.[CR]- This addon may require a beta-version of script.module.metadatautils from the developers (marcelveldt) beta repo because the version from the official KODI repo may be old and broken.[CR]- Most likely you will have to input your own OMDB API key within the script.module.metadatautils settings. (See: Addons - Settings - Manage Dependencies - Metadata and Artwork module - Configure - API keys[CR][CR]Known supported Skins:[CR]A Confluence ZEITGEIST</description>
		<platform>all</platform>
		<license/>
		<forum>http://forum.kodi.tv/showthread.php?tid=242892</forum>
		<website/>
		<email/>
		<source/>
		<news>[B]0.2.2[/B] (2018-04-02)
- Other minor improvements

[B]0.2.1[/B] (2018-03-18)
- Other minor improvements

[B]0.2.0[/B] (2018-03-11)
Second Test Release:
- OMDB: Added value "boxoffice"
- TMDB: Added multiple values
- Other minor improvements

[B]0.1.0[/B] (2018-03-06)
- Initial test release
		</news>
		<assets>
			<icon>resources/icon.png</icon>
		</assets>
	</extension>
</addon>
