<?xml version="1.0" encoding="UTF-8"?>
<window>
	<defaultcontrol>3</defaultcontrol>
	
	<include>dialogeffect</include>
	<controls>
		<control type="group">
			<include>BehindDialogBlackBackground</include>
		</control>
		<control type="group">
			<left>0</left>
			<top>0</top>
			<include content="DialogBackgroundCommonsNoBackgroundFS">
				<param name="DialogBackgroundWidth" value="920" />
				<param name="DialogBackgroundHeight" value="639" />
				<param name="DialogHeaderWidth" value="1280" />
				<param name="DialogHeaderLabel" value="35058" />
				<param name="DialogHeaderId" value="2" />
				<param name="CloseButtonLeft" value="1042" />
				<param name="CloseButtonNav" value="3" />
			</include>
		</control>
		<control type="group" id="9000">
			<left>90</left>
			<top>90</top>
			<control type="label">
				<description>Controller types heading</description>
				<top>5</top>
				<left>8</left>
				<width>220</width>
				<height>25</height>
				<font>Regular17</font>
				<label>35050</label>
				<align>center</align>
				<aligny>center</aligny>
				<textcolor>blue</textcolor>
			</control>
			<control type="scrollbar" id="30">
				<left>244</left>
				<top>40</top>
				<include>scrollBarStyleDefaultWidth</include>
				<height>405</height>
				<onleft>3</onleft>
				<onright>5</onright>
				<ondown></ondown>
				<onup></onup>
				<showonepage>false</showonepage>
				
				<include>scrollBarStyleDefault</include>
			</control>
			<control type="grouplist" id="3">
				<description>Controller types grouplist</description>
				<left>8</left>
				<top>40</top>
				<width>220</width>
				<height>405</height>
				<onleft>noop</onleft>
				<onright>5</onright>
				<onup>noop</onup>
				<ondown>18</ondown>
				<pagecontrol>30</pagecontrol>
			</control>
			<control type="button" id="10">
				<description>Default controller types button</description>
				<height>40</height>
				<width>220</width>
				<align>center</align>
				<aligny>center</aligny>
				<font>Regular21</font>
				<textcolor>white</textcolor>
				<pulseonselect>false</pulseonselect>
			</control>
			<control type="gamecontroller" id="31">
				<left>300</left>
				<top>86</top>
				<width>480</width>
				<height>286</height>
				<include>VisibleFadeEffect</include>
			</control>
			<control type="label">
				<description>Feature types heading</description>
				<top>5</top>
				<left>828</left>
				<width>220</width>
				<height>25</height>
				<font>Regular17</font>
				<label>35059</label>
				<align>center</align>
				<aligny>center</aligny>
				<textcolor>blue</textcolor>
			</control>
			<control type="scrollbar" id="50">
				<left>1064</left>
				<top>40</top>
				<include>scrollBarStyleDefaultWidth</include>
				<height>405</height>
				<onleft>5</onleft>
				<onright></onright>
				<ondown></ondown>
				<onup></onup>
				<showonepage>false</showonepage>
				
				<include>scrollBarStyleDefault</include>
				
			</control>
			<control type="grouplist" id="5">
				<description>Feature types grouplist</description>
				<left>828</left>
				<top>40</top>
				<width>220</width>
				<height>405</height>
				<onleft>3</onleft>
				<onright>noop</onright>
				<onup>noop</onup>
				<ondown>18</ondown>
				<pagecontrol>50</pagecontrol>
			</control>
			<control type="button" id="7">
				<description>Default feature types button</description>
				<height>40</height>
				<width>220</width>
				<align>center</align>
				<aligny>center</aligny>
				<font>Regular21</font>
				<textcolor>white</textcolor>
				<pulseonselect>false</pulseonselect>
			</control>
			<control type="label" id="8">
				<description>Default feature types label</description>
				<height>40</height>
				<width>220</width>
				<align>center</align>
				<aligny>center</aligny>
				<font>Regular21</font>
				<textcolor>grey</textcolor>
			</control>
		</control>
		<control type="group" id="9001">
			<left>224</left>
			<top>620</top>
			
			<control type="button" id="18">
				<description>Ok Button</description>
				<left>0</left>
				<top>0</top>
				<width>200</width>
				<height>40</height>
				<label>186</label>
				<font>Regular21</font>
				<onleft>17</onleft>
				<onright>19</onright>
				<onup>9000</onup>
				<ondown></ondown>
				<include>ButtonInfoDialogsCommonValues</include>
			</control>
			<control type="button" id="19">
				<description>Reset Button</description>
				<left>210</left>
				<top>0</top>
				<width>200</width>
				<height>40</height>
				<label>10035</label>
				<font>Regular21</font>
				<onleft>18</onleft>
				<onright>20</onright>
				<onup>9000</onup>
				<ondown></ondown>
				<include>ButtonInfoDialogsCommonValues</include>
			</control>
			<control type="button" id="20">
				<description>Link to install more controllers</description>
				<left>420</left>
				<top>0</top>
				<height>40</height>
				<width>200</width>
				<font>Regular21</font>
				<textcolor>white</textcolor>
				<pulseonselect>false</pulseonselect>
				<label>$LOCALIZE[21452]</label>
				<onleft>19</onleft>
				<onright>17</onright>
				<onup>9000</onup>
				<ondown></ondown>
				<include>ButtonInfoDialogsCommonValues</include>
			</control>
			<control type="button" id="17">
				<description>Help button</description>
				<left>630</left>
				<top>0</top>
				<height>40</height>
				<width>200</width>
				<font>Regular21</font>
				<textcolor>white</textcolor>
				<pulseonselect>false</pulseonselect>
				<label>$LOCALIZE[10043]</label>
				<onleft>20</onleft>
				<onright>18</onright>
				<onup>9000</onup>
				<ondown></ondown>
				<include>ButtonInfoDialogsCommonValues</include>
			</control>
			
		</control>
	</controls>
</window>
