<?xml version="1.0" encoding="UTF-8"?>
<window>
	<defaultcontrol></defaultcontrol>
	<controls>
		<control type="visualisation" id="2">
			<!-- FIX ME Music Visualization needs to have an id of 2 in this window to be able to lock or change preset -->
			<description>visualisation</description>
			<left>0</left>
			<top>0</top>
			<width>1280</width>
			<height>720</height>
		</control>
		<control type="image">
			<description>Fanart Image for Artist</description>
			<left>0</left>
			<top>0</top>
			<width>1280</width>
			<height>720</height>
			<aspectratio>scale</aspectratio>
			<texture background="true">$INFO[Player.Art(fanart)]</texture>
			<colordiffuse>AAFFFFFF</colordiffuse>
			<visible>!String.IsEmpty(Player.Art(fanart)) + !Skin.HasSetting(HideVisualizationFanart)</visible>
			<fadetime>600</fadetime>
		</control>
		<!-- media infos -->
		<control type="group">
			<depth>DepthOSD</depth>
			
			<visible>[Window.IsVisible(SeekBar) | Player.ShowInfo | Window.IsActive(MusicOSD)] 
								+ !Window.IsVisible(SliderDialog)</visible>
			
			<animation effect="fade" end="100" time="700">Visible</animation>
			<animation effect="fade" end="0" time="150">Hidden</animation>
			
			<!-- FADEOUT TOP -->
			<control type="image">
				<left>-20</left>
				<top>-100</top>
				<width>1320</width>
				<height>180</height>
				<texture flipy="true" border="1">HomeNowPlayingBack.png</texture>
				<animation effect="fade" end="65" time="0" condition="true">Conditional</animation><!-- 75 -->
			</control>
			
			<control type="label">
				<description>Partymode Header label</description>
				<left>20</left>
				<top>6</top>
				<width>800</width>
				<height>26</height>
				<align>left</align>
				<aligny>center</aligny>
				<font>Light20</font>
				<textcolor>white</textcolor>
				<label>$LOCALIZE[589]</label>
				<visible>MusicPartyMode.Enabled</visible>
			</control>
			<control type="label">
				<description>Normal Header label</description>
				<left>20</left>
				<top>6</top>
				<width>800</width>
				<height>26</height>
				<align>left</align>
				<aligny>center</aligny>
				<font>Light20</font>
				<textcolor>white</textcolor>
				<label>$INFO[MusicPlayer.Playlistposition,$LOCALIZE[554]  ]$INFO[MusicPlayer.Playlistlength,/]</label>
				<visible>!MusicPartyMode.Enabled</visible>
			</control>
			<control type="label">
				<description>Clock label</description>
				<left>460</left>
				<top>6</top>
				<width>800</width>
				<height>26</height>
				<align>right</align>
				<aligny>center</aligny>
				<font>Light20</font>
				<textcolor>white</textcolor>
				<label>$INFO[System.Time]</label>
			</control>
			<!-- FADEOUT BOTTOM -->
			<control type="image">
				<left>-20</left>
				<top>258r</top><!-- 230 ! -->
				<width>1320</width>
				<height>260</height>
				<texture border="1">HomeNowPlayingBack.png</texture>
				<animation effect="fade" end="93" time="0" condition="true">Conditional</animation><!-- 98 -->
			</control>
			
			<!-- cover reduced -->
			<control type="image">
				<depth>DepthOSDPopout</depth>
				<left>194</left>
				<top>252r</top>
				<width>120</width>
				<height>120</height>
				<texture>_added_img/100x100_black.png</texture>
				<aspectratio align="center" aligny="center">scale</aspectratio>
				<animation effect="fade" end="50" time="0" condition="true">Conditional</animation>
			</control>
			<control type="image">
				<depth>DepthOSDPopout</depth>
				<left>194</left>
				<top>252r</top>
				<width>120</width>
				<height>120</height>
				<texture fallback="DefaultAlbumCover.png">$INFO[Player.Art(thumb)]</texture>
				<aspectratio align="center" aligny="center">keep</aspectratio>
				<visible>!MusicPlayer.Content(LiveTV)</visible>
				<fadetime>75</fadetime>
			</control>
			<control type="image">
				<depth>DepthOSDPopout</depth>
				<left>194</left>
				<top>252r</top>
				<width>120</width>
				<height>120</height>
				<texture fallback="DefaultPVRChannels.png">$INFO[Player.Art(thumb)]</texture>
				<aspectratio align="center" aligny="center">keep</aspectratio>
				<visible>MusicPlayer.Content(LiveTV)</visible>
				<fadetime>75</fadetime>
			</control>
			
			<control type="group">
				<left>338</left>
				<top>262r</top>
				
				<control type="label">
					
					<animation effect="slide" start="0,0" end="0,46" time="0" condition="true">conditional</animation>
					
					<description>Sub label</description>
					<left>2</left>
					<top>30</top>
					<width>800</width><!-- 910 -->
					<height>25</height>
					<align>left</align>
					<font>Light17</font>
					<label>$VAR[MusicVisualisationSubLabel]</label>
					<textcolor>grey</textcolor>
				</control>
				<control type="grouplist">
					<left>2</left>
					<top>56</top>
					<width>940</width>
					<height>36</height>
					<itemgap>0</itemgap>
					<orientation>horizontal</orientation>
					
					<control type="label">
						
						<animation effect="slide" start="0,0" end="0,46" time="0" condition="true">conditional</animation>
						
						<width>760</width>
						<height>30</height>
						<font>Light30</font>
						<align>left</align>
						<aligny>center</aligny>
						<label>$VAR[MusicVisualisationTitle]</label>
						<textcolor>orange</textcolor>
						<scroll>false</scroll>
					</control>
					
				</control>
				<control type="grouplist">
					<left>2</left>
					<top>94</top>
					<width>930</width>
					<height>36</height>
					<itemgap>0</itemgap>
					<orientation>horizontal</orientation>
					
					<animation effect="slide" start="0,0" end="-220,46" time="0" condition="true">conditional</animation>
					
					<animation effect="slide" start="0,0" end="118,0" time="0" condition="![!String.IsEqual(MusicPlayer.UserRating,) + !MusicPlayer.Content(LiveTV) + !Pvr.IsPlayingRecording]">conditional</animation>
					
					<include>FullScreenMusicRatingGroup</include>
					
					<control type="group">
						<width>84</width>
						<height>36</height>
						<control type="image">
							<width>76</width>
							<height>36</height>
							<aspectratio>scale</aspectratio>
							<texture border="4">flagging/blank.png</texture>
							<include>FullScreenInfoFlaggingTransparencyBackground</include>
						</control>
						<control type="image">
							<description>Audio Codec Image</description>
							<width>84</width>
							<height>36</height>
							<aspectratio align="left">keep</aspectratio>
							<!--<texture>flagging/audio/codecs/vorbis.png</texture>-->
							<texture>$INFO[MusicPlayer.Codec,flagging/audio/codecs/,.png]</texture>
							<visible>!Player.ChannelPreviewActive</visible>
							<include>FullScreenInfoFlaggingTransparencyText</include>
						</control>
						<include>FullScreenInfoFlaggingTransparencyGlobal</include>
						<include>VisibleFadeEffect</include>
					</control>
				</control>
				
				
				<control type="label">
					<left>138</left><!-- 88 138 -->
					<top>166</top>
					<width>600</width><!-- 700 600 -->
					<height>26</height>
					<label>$VAR[FullScreenMusicNextTrackArtist]</label>
					<align>center</align>
					<aligny>center</aligny>
					<font>Light17</font>
					<textcolor>grey</textcolor>
					<scroll>false</scroll><!-- true -->
					<visible>MusicPlayer.HasNext + !Window.IsVisible(MusicOSD)</visible>
					<animation effect="fade" time="150">VisibleChange</animation>
				</control>
			</control>
			<control type="group">
				<left>338</left>
				<top>126r</top>
				<control type="label">
					<left>776</left>
					<top>0</top>
					<width>100</width>
					<height>40</height>
					<font>Light20</font>
					<align>right</align>
					<aligny>center</aligny>
					<label>$INFO[Player.Duration(hh:mm:ss)]</label>
					<visible>!MusicPlayer.Content(LiveTV)</visible>
				</control>
				<control type="label">
					<left>776</left>
					<top>0</top>
					<width>100</width>
					<height>40</height>
					<font>Light20</font>
					<align>right</align>
					<aligny>center</aligny>
					<label>$INFO[Player.FinishTime(hh:mm)]$INFO[Player.FinishTime(xx), ,]</label>
					<visible>MusicPlayer.Content(LiveTV) + VideoPlayer.HasEpg</visible>
				</control>
				<control type="label">
					<left>776</left>
					<top>0</top>
					<width>100</width>
					<height>40</height>
					<font>Light20</font>
					<align>right</align>
					<aligny>center</aligny>
					<label>$INFO[System.Time]</label>
					<visible>MusicPlayer.Content(LiveTV) + !VideoPlayer.HasEpg</visible>
				</control>
			</control>
		</control>
	</controls>
</window>
