<?xml version="1.0" encoding="UTF-8"?>
<window>
	<defaultcontrol always="true">900</defaultcontrol>
	
	<onload condition="Control.IsEnabled(9)">SetFocus(9)</onload>
	<onload condition="!Control.IsEnabled(9) + Control.IsEnabled(8)">SetFocus(8)</onload>
	<onload condition="!Control.IsEnabled(9) + !Control.IsEnabled(8)">SetFocus(900)</onload>
	
	<onload>ClearProperty(dialogaddoninfo_art_blurred,home)</onload>
	<onload>ClearProperty(dialogaddoninfo_art_color,home)</onload>
	<onload>ClearProperty(dialogaddoninfo_art_color_noalpha,home)</onload>
	<onunload>ClearProperty(dialogaddoninfo_art_blurred,home)</onunload>
	<onunload>ClearProperty(dialogaddoninfo_art_color,home)</onunload>
	<onunload>ClearProperty(dialogaddoninfo_art_color_noalpha,home)</onunload>
	
	<onload condition="System.hasAddon(service.listitem.helper)">RunScript(service.listitem.helper,action=blurimg,file='"$INFO[ListItem.Icon]"',prop=dialogaddoninfo_art,radius=30)</onload>
	
	<controls>
		<control type="label" id="234237">
			<label>$INFO[Window(home).Property(dialogaddoninfo_art_blurred)]</label>
			<visible>false</visible>
		</control>
		<control type="group">
			<animation effect="fade" start="0" end="100" time="1000">WindowOpen</animation>
			<animation effect="fade" start="100" end="0" time="600">WindowClose</animation>

			<control type="image">
				<include>BackgroundDimensions</include>
				<texture>colors/black.png</texture>
			</control>
			<control type="image">
				<include>BackgroundDimensions</include>
				<aspectratio>scale</aspectratio>
				<texture>$INFO[Window(home).Property(dialogaddoninfo_art_blurred)]</texture>
				<include>backgroundfade</include>
				<fadetime>FanartCrossfadeTime</fadetime>
				<visible>System.hasAddon(service.listitem.helper) + !String.IsEmpty(Control.GetLabel(234237))</visible>
			</control>
			<control type="image">
				<width>960</width>
				<height>1080</height>
				<texture>special://skin/backgrounds/mood_background_default2.png</texture>
				<animation effect="fade" end="65" condition="true" reversible="true">Conditional</animation>
			</control>
			<control type="image">
				<top>0</top>
				<left>960</left>
				<width>960</width>
				<height>1080</height>
				<texture>special://skin/backgrounds/mood_background_default2.png</texture>
				<animation effect="fade" end="65" condition="true" reversible="true">Conditional</animation>
			</control>
			
			
			
		</control>
		<control type="group">
			<left>261</left>
			<top>-15</top>
			<include>VisibleFadeEffect</include>
			<include>dialogeffect</include>
			
			<control type="image">
				<left>45</left>
				<top>105</top>
				<width>330</width>
				<height>330</height>
				<aspectratio>keep</aspectratio>
				<texture diffuse="colors/diffuse/330x330-rounded.png">$INFO[ListItem.Icon]</texture>
				<animation effect="fade" start="100" end="40" time="350" condition="Window.IsVisible(AddonSettings)">Conditional</animation>
			</control>
			<control type="image">
				<left>308</left>
				<top>384</top>
				<width>60</width>
				<height>36</height>
				<aspectratio>scale</aspectratio>
				<texture colordiffuse="ffd2d2d2">radiobutton.png</texture>
				<visible>String.IsEqual(Control.GetLabel(7),$LOCALIZE[24022]) + !String.IsEqual(Control.GetLabel(6),$LOCALIZE[24038])</visible>
				<include>VisibleFadeEffect</include>
			</control>
			<control type="label">
				<description>Addon Title value</description>
				<left>420</left>
				<top>99</top>
				<width>924</width>
				<height>45</height>
				<align>left</align>
				<aligny>center</aligny>
				<font>Light26</font>
				<label>$INFO[ListItem.AddonName]</label>
				<textcolor>white</textcolor>
				<scroll>false</scroll>
			</control>
			
			<control type="image">
				<left>420</left>
				<top>165</top>
				<width>930</width>
				<height>269</height>
				<texture colordiffuse="27111111" border="24">colors/white_border24.png</texture>
			</control>
			
			<control type="group">
				<left>405</left>
				<top>177</top>
				
				<control type="group">
					<top>6</top>
					<left>24</left>
					<control type="label">
						<description>Type txt</description>
						<left>17</left>
						<top>0</top>
						<width>208</width>
						<height>38</height>
						<label>$LOCALIZE[146]</label>
						<align>left</align>
						<aligny>center</aligny>
						<font>Light20</font>
						<textcolor>grey</textcolor>
					</control>
					<control type="label">
						<description>Type Value</description>
						<left>240</left>
						<top>0</top>
						<width>660</width>
						<height>38</height>
						<label fallback="416">$INFO[ListItem.AddonType]</label>
						<align>left</align>
						<aligny>center</aligny>
						<font>Light20</font>
						<scroll>false</scroll>
					</control>
					<control type="label">
						<description>Author txt</description>
						<left>17</left>
						<top>45</top>
						<width>208</width>
						<height>38</height>
						<label>$LOCALIZE[21863]:</label>
						<align>left</align>
						<aligny>center</aligny>
						<font>Light20</font>
						<textcolor>grey</textcolor>
					</control>
					<control type="label">
						<description>Author Value</description>
						<left>240</left>
						<top>45</top>
						<width>660</width>
						<height>38</height>
						<label fallback="416">$INFO[ListItem.AddonCreator]</label>
						<align>left</align>
						<aligny>center</aligny>
						<font>Light20</font>
						<scroll>false</scroll>
					</control>
					<control type="label">
						<description>Version txt</description>
						<left>17</left>
						<top>90</top>
						<width>208</width>
						<height>38</height>
						<label>$LOCALIZE[24051]</label>
						<align>left</align>
						<aligny>center</aligny>
						<font>Light20</font>
						<textcolor>grey</textcolor>
					</control>
					<control type="label">
						<description>Version Value</description>
						<left>240</left>
						<top>90</top>
						<width>660</width>
						<height>38</height>
						<label fallback="416">$INFO[ListItem.AddonVersion]</label>
						<align>left</align>
						<aligny>center</aligny>
						<font>Light20</font>
						<scroll>false</scroll>
					</control>
					<control type="label">
						<description>Summary txt</description>
						<left>17</left>
						<top>135</top>
						<width>208</width>
						<height>38</height>
						<label>$LOCALIZE[20037]:</label>
						<align>left</align>
						<aligny>center</aligny>
						<font>Light20</font>
						<textcolor>grey</textcolor>
					</control>
					<control type="label">
						<description>Summary Value</description>
						<left>240</left>
						<top>135</top>
						<width>660</width>
						<height>38</height>
						<label fallback="416">$INFO[ListItem.AddonSummary]</label>
						<align>left</align>
						<aligny>center</aligny>
						<font>Light20</font>
						<scroll>false</scroll>
					</control>
					<control type="label">
						<description>Size txt</description>
						<left>17</left>
						<top>180</top>
						<width>208</width>
						<height>38</height>
						<label>$LOCALIZE[22031]:</label>
						<align>left</align>
						<aligny>center</aligny>
						<font>Light20</font>
						<textcolor>grey</textcolor>
					</control>
					<control type="fadelabel">
						<description>Size Value</description>
						<left>240</left>
						<top>180</top>
						<width>660</width>
						<height>38</height>
						<label fallback="-">$INFO[ListItem.AddonSize]</label>
						<align>left</align>
						<aligny>center</aligny>
						<font>Light20</font>
					</control>
				</control>
				
				
				
				<control type="group">
					<top>48</top>
					<control type="textbox" id="401">
						<description>Description</description>
						<left>15</left>
						<top>249</top>
						<width>891</width>
						<height>528</height>
						<font>Light19+</font>
						<align>left</align>
						<textcolor>white</textcolor>
						<label>$INFO[ListItem.AddonDescription]</label>
						<pagecontrol>60</pagecontrol>
						<visible>String.IsEmpty(ListItem.AddonDisclaimer)</visible>
					</control>
					<control type="textbox" id="401">
						<description>Description</description>
						<left>15</left>
						<top>249</top>
						<width>891</width>
						<height>528</height>
						<font>Light19+</font>
						<align>left</align>
						<textcolor>white</textcolor>
						<label>$INFO[ListItem.AddonDescription][CR][CR][COLOR=orange]$LOCALIZE[24052]:[/COLOR][CR]$INFO[ListItem.AddonDisclaimer]</label>
						<pagecontrol>60</pagecontrol>
						<visible>!String.IsEmpty(ListItem.AddonDisclaimer)</visible>
					</control>
					<control type="scrollbar" id="60">
						<left>936</left>
						<top>258</top>
						<include>scrollBarStyleDefaultWidth</include>
						<height>519</height>
						<onleft>900</onleft>
						<onright>60</onright>
						<showonepage>false</showonepage>
						<include>scrollBarStyleDefault</include>
					</control>
				</control>
			</control>
			<control type="grouplist" id="900">
				<left>45</left>
				<top>480</top>
				<width>330</width>
				<onleft>noop</onleft>
				<onright>60</onright>
				<onup>900</onup>
				<ondown>900</ondown>
				<itemgap>3</itemgap>
				<control type="button" id="9">
					<description>Configure Addon</description>
					<width>330</width>
					<height>72</height>
					<label>24020</label>
					<align>center</align>
					<font>Regular21</font>
				</control>
				<control type="button" id="8">
					<description>Update Addon button</description>
					<width>330</width>
					<height>72</height>
					<label>24069</label>
					<align>center</align>
					<font>Regular21</font>
				</control>
				<!-- Kodi 19+ versions button -->
				<!--
				<control type="button" id="14">
					<description>Versions button</description>
					<width>330</width>
					<height>72</height>
					<label>24069</label>
					<align>center</align>
					<font>Regular21</font>
				</control>
				-->
				<control type="radiobutton" id="13">
					<description>Auto-update button</description>
					<width>330</width>
					<height>72</height>
					<label>21340</label>
					<align>right</align>
					<font>Regular21</font>
					
					<textoffsetx>72</textoffsetx>
					<textwidth>243</textwidth>
					
				</control>
				<control type="button" id="12">
					<description>Launch Addon button</description>
					<width>330</width>
					<height>72</height>
					<label>518</label>
					<align>center</align>
					<font>Regular21</font>
				</control>
				<control type="button" id="6">
					<description>Install/UnInstall Addon button</description>
					<width>330</width>
					<height>72</height>
					<label>24022</label>
					<align>center</align>
					<font>Regular21</font>
				</control>
				<control type="button" id="7">
					<description>Enable/Disable Addon button</description>
					<width>330</width>
					<height>72</height>
					<label>24021</label>
					<align>center</align>
					<font>Regular21</font>
				</control>
				<control type="button" id="10">
					<description>Changelog button</description>
					<width>330</width>
					<height>72</height>
					<label>24036</label>
					<align>center</align>
					<font>Regular21</font>
					
					<onclick condition="!String.IsEmpty(ListItem.AddonNews)">SetProperty(TextViewer_Header,$ESCINFO[ListItem.AddonName,, – $LOCALIZE[24036]],home)</onclick>
					<onclick condition="!String.IsEmpty(ListItem.AddonNews)">SetProperty(TextViewer_Text_Pre,,home)</onclick>
					<onclick condition="!String.IsEmpty(ListItem.AddonNews)">SetProperty(TextViewer_Text,$ESCINFO[ListItem.AddonNews],home)</onclick>
					<onclick condition="!String.IsEmpty(ListItem.AddonNews)">ActivateWindow(1102)</onclick>
					<enable>!String.IsEmpty(ListItem.AddonNews)</enable>
				</control>
				
				<!-- Kodi 18+ dependencies button -->
				<!--
				<control type="button" id="10">
					<description>Dependencies button</description>
					<width>330</width>
					<height>72</height>
					<label>39024</label>
					<align>center</align>
					<font>Regular21</font>
				</control>
				-->
			</control>
			<control type="group">
				<visible>!String.IsEmpty(ListItem.AddonBroken) | String.IsEqual(ListItem.Property(Addon.Status),$LOCALIZE[24995])</visible>
				<left>378</left>
				<top>6</top>
				<control type="image">
					<description>Icon image</description>
					<left>41</left>
					<top>23</top>
					<width>62</width>
					<height>62</height>
					<texture>$VAR[DialogAddonInfoTopMessageIcon]</texture>
				</control>
				<control type="label">
					<description>header label</description>
					<left>112</left>
					<top>18</top>
					<width>1271</width>
					<height>38</height>
					<font>Light20</font>
					<label>$VAR[DialogAddonInfoTopMessageText1]</label>
					<align>left</align>
					<aligny>center</aligny>
					<textcolor>selected</textcolor>
					<visible>!String.IsEmpty(ListItem.AddonBroken)</visible>
				</control>
				<control type="label">
					<description>header label</description>
					<left>112</left>
					<top>15</top>
					<width>1271</width>
					<height>72</height>
					<font>Light20</font>
					<label>$VAR[DialogAddonInfoTopMessageText1]</label>
					<align>left</align>
					<aligny>center</aligny>
					<textcolor>grey2</textcolor>
					<visible>String.IsEqual(ListItem.Property(Addon.Status),$LOCALIZE[24995])</visible>
				</control>
				<control type="label">
					<description>Reason label</description>
					<left>112</left>
					<top>48</top>
					<width>1146</width>
					
					<font>Light20</font>
					<label>$VAR[DialogAddonInfoTopMessageText2]</label>
					<align>left</align>
					<textcolor>selected</textcolor>
					
				</control>
			</control>
		</control>
		
		
		
	</controls>
</window>
