<?xml version="1.0" encoding="UTF-8"?>
<includes>
	<include file="Defaults.xml" />
	<include file="Includes_DialogSelect.xml" />
	<include file="ViewsVideoLibrary.xml" />
	<include file="ViewsMusicLibrary.xml" />
	<include file="ViewsFileMode.xml" />
	<include file="ViewsPictures.xml" />
	<include file="ViewsAddonBrowser.xml" />
	<include file="ViewsLiveTV.xml" />
	<include file="ViewsPVRGuide.xml" />
	<include file="ViewsWeather.xml" />
	<include file="IncludesCodecFlagging.xml" />
	<include file="IncludesHomeRecentlyAdded.xml" />
	<include file="IncludesHomeMenuItems.xml" />
	<include file="IncludesPVR.xml" />
	<include file="IncludesBackgroundBuilding.xml" />
	<!-- CONSTANTS -->
	<constant name="FanartCrossfadeTime">500</constant>
	<constant name="IconCrossfadeTime">400</constant>
	<constant name="DepthDialog">0.50</constant>
	<constant name="DepthDialog+">0.52</constant>
	<constant name="DepthDialog-">0.48</constant>
	<constant name="DepthMax">0.54</constant>
	<constant name="DepthOSD">0.40</constant>
	<constant name="DepthOSD+">0.44</constant>
	<constant name="DepthOSD-">0.36</constant>
	<constant name="DepthOSDPopout">0.48</constant>
	<constant name="DepthContent">0</constant>
	<constant name="DepthContent+">0.08</constant>
	<constant name="DepthContent-">-0.08</constant>
	<constant name="DepthContentPopout">0.15</constant>
	<constant name="DepthMenu">0.08</constant>
	<constant name="DepthMenu+">0.14</constant>
	<constant name="DepthMenu-">0.00</constant>
	<constant name="DepthHeader">0.08</constant>
	<constant name="DepthFooter">0.08</constant>
	<constant name="DepthBackground">-0.80</constant>
	<constant name="DepthFloor">-0.20</constant>
	<constant name="DepthSideBlade">0.15</constant>
	<!-- VARIABLES -->
	<variable name="MusicInfoHeader">
		<value condition="Container.Content(Artists)">$INFO[ListItem.Artist]</value>
		<value condition="Container.Content(Albums)">$INFO[ListItem.Album]</value>
		<value condition="Container.Content(Songs)">$INFO[ListItem.Title]</value>
	</variable>
	<variable name="MusicInfoLabel">
		<value condition="Container.Content(Artists)">$INFO[ListItem.Property(Artist_Description)]</value>
		<value condition="Container.Content(Albums)">$INFO[ListItem.Property(Album_Description)]</value>
		<value condition="Container.Content(Songs)">$INFO[ListItem.Comment]</value>
	</variable>
	<variable name="MusicInfoListThumb">
		<value condition="Container.Content(Artists) + !String.IsEmpty(Container(50).ListItem.Icon)">$INFO[Container(50).ListItem.Icon]</value>
		<value condition="[Container.Content(Albums) | Container.Content(Songs)] + !String.IsEmpty(Container.Art(artist.thumb))">$INFO[Container.Art(artist.thumb)]</value>
		<value condition="Container.Content(Artists)">DefaultAlbumCover.png</value>
		<value condition="Container.Content(Albums) | Container.Content(Songs)">DefaultArtist.png</value>
	</variable>
	<variable name="MediaInfoOverlayVar">
		<value condition="ListItem.IsCollection">flagging/video/lists/Set.png</value>
		<value condition="!ListItem.IsStereoscopic">$INFO[ListItem.VideoResolution,flagging/lists/,.png]</value>
		<value>flagging/lists/3D.png</value>
	</variable>
	<variable name="BannerThumb">
		<value condition="!String.IsEmpty(ListItem.Art(banner))">$INFO[ListItem.Art(banner)]</value>
		<value>$INFO[ListItem.Icon]</value>
	</variable>
	<variable name="PosterThumb">
		<value condition="Container.Content(Seasons) + [!String.IsEmpty(ListItem.Art(season.poster)) | !String.IsEmpty(ListItem.Art(poster)) | !String.IsEmpty(Container.Art(tvshow.poster)) | !String.IsEmpty(Container.Art(poster))]">$VAR[TvShowSeasonPoster]</value>
		
		<value condition="!String.IsEmpty(ListItem.Art(poster))">$INFO[ListItem.Art(poster)]</value>
		<value condition="!String.IsEmpty(Container.Art(tvshow.poster)) + Container.Content(Seasons) + !ListItem.IsParentFolder + !String.IsEqual(ListItem.Label,$LOCALIZE[20366])">$INFO[Container.Art(tvshow.poster)]</value>
		<value condition="
											[Control.IsVisible(500) | Control.IsVisible(908) | Control.IsVisible(909) | Control.IsVisible(508)] 
											+ [Container.Content(Movies) | Container.Content(Sets) | Container.Content(TvShows) | Container.Content(Seasons)] 
											+ !ListItem.IsFolder 
											+ !ListItem.IsParentFolder 
											+ [String.IsEqual(ListItem.Icon,DefaultVideo.png) | String.IsEqual(ListItem.Icon,DefaultVideoCover.png)]
											"></value>
		
		
		
		<!-- can't use VAR due to kodi restrictions -->
		<value condition="Container.Content(Episodes) + [String.IsEqual(ListItem.Icon,DefaultVideo.png) | String.IsEqual(ListItem.Icon,DefaultVideoCover.png)]
											+ !String.IsEmpty(ListItem.Art(season.fanart))">$INFO[ListItem.Art(season.fanart)]</value>
		<value condition="Container.Content(Episodes) + [String.IsEqual(ListItem.Icon,DefaultVideo.png) | String.IsEqual(ListItem.Icon,DefaultVideoCover.png)]
											+ !String.IsEmpty(ListItem.Art(tvshow.fanart))">$INFO[ListItem.Art(tvshow.fanart)]</value>
		<value condition="Container.Content(Episodes) + [String.IsEqual(ListItem.Icon,DefaultVideo.png) | String.IsEqual(ListItem.Icon,DefaultVideoCover.png)]
											+ !String.IsEmpty(ListItem.Art(fanart))">$INFO[ListItem.Art(fanart)]</value>
		<value condition="ListItem.IsParentFolder">DefaultFolderBack.png</value>
		<!-- Fix for KODI 18+. After viewing a playlist window, parent folder image gets replaced by default playlist icon until window is reloaded. Bug! --><!-- also use on KODI 17 due for playlists -->
		
		
		
		<value condition="[Container.Content(Albums) | Container.Content(Songs)] + [String.IsEmpty(ListItem.Icon) | String.IsEqual(ListItem.Icon,-)]">DefaultAlbumCover.png</value>
		
		<value condition="[String.IsEqual(Container.FolderPath,library://video/musicvideos/albums/) | String.IsEqual(Container.FolderPath,videodb://musicvideos/albums/)] + String.IsEqual(ListItem.Icon,DefaultFolder.png)">DefaultAlbumCover.png</value>
		
		<value condition="[!Control.IsVisible(508) | !String.IsEqual(ListItem.Icon,DefaultFolder.png)] + ![Control.IsVisible(510) + String.IsEqual(ListItem.Icon,DefaultVideo.png)]">$INFO[ListItem.Icon]</value>
		
	</variable>
	<variable name="PosterThumbWallViews">
		
		<value condition="!ListItem.IsParentFolder + Container.Content(Addons) + String.IsEqual(ListItem.Label,$LOCALIZE[24122])">DefaultAddonsUpdates.png</value>
		
		<value condition="!ListItem.IsParentFolder + Container.Content(Addons) + String.IsEmpty(ListItem.Icon)">DefaultAddon_solid.png</value>
		
		<value condition="ListItem.IsParentFolder + [Container.Content(Movies) | Container.Content(Sets) | Container.Content(TvShows) | Container.Content(Seasons) | Container.Content(Albums) | Container.Content(Artists) | Container.Content(Addons) | Container.Content(MusicVideos)]">DefaultFolderBack_poster_solid.png</value>
		<value condition="ListItem.IsParentFolder">DefaultFolderBack_poster.png</value>
		<value>$VAR[PosterThumb]</value>
	</variable>
	<variable name="PosterThumbInfoDialog">
		
		<value condition="!String.IsEqual(Window(home).Property(OSDinfodialogButtonActive),True2x) + !String.IsEmpty(Window(home).Property(OSDinfodialogButtonActive)) 
											+ VideoPlayer.Content(Episodes) + [ Skin.HasSetting(EpisodeSpoilerProtection) | String.IsEqual(ListItem.Icon,DefaultVideo.png) | String.IsEqual(ListItem.Icon,DefaultVideoCover.png) ] 
											+ !String.IsEmpty(VideoPlayer.DBID) + String.IsEqual(VideoPlayer.DBID,ListItem.DBID) 
											+ !String.IsEmpty(Player.Art(season.fanart))">$INFO[Player.Art(season.fanart)]</value>
		
		<value condition="!String.IsEqual(Window(home).Property(OSDinfodialogButtonActive),True2x) + !String.IsEmpty(Window(home).Property(OSDinfodialogButtonActive)) 
											+ VideoPlayer.Content(Episodes) + [ Skin.HasSetting(EpisodeSpoilerProtection) | String.IsEqual(ListItem.Icon,DefaultVideo.png) | String.IsEqual(ListItem.Icon,DefaultVideoCover.png) ] 
											+ !String.IsEmpty(VideoPlayer.DBID) + String.IsEqual(VideoPlayer.DBID,ListItem.DBID) 
											+ !String.IsEmpty(Player.Art(tvshow.fanart))">$INFO[Player.Art(tvshow.fanart)]</value>
		<value condition="!String.IsEqual(Window(home).Property(OSDinfodialogButtonActive),True2x) + !String.IsEmpty(Window(home).Property(OSDinfodialogButtonActive)) 
											+ VideoPlayer.Content(Episodes) + [ Skin.HasSetting(EpisodeSpoilerProtection) | String.IsEqual(ListItem.Icon,DefaultVideo.png) | String.IsEqual(ListItem.Icon,DefaultVideoCover.png) ] 
											+ !String.IsEmpty(VideoPlayer.DBID) + String.IsEqual(VideoPlayer.DBID,ListItem.DBID) 
											+ !String.IsEmpty(Player.Art(fanart))">$INFO[Player.Art(fanart)]</value>
		<value condition="!String.IsEqual(Window(home).Property(OSDinfodialogButtonActive),True2x) + !String.IsEmpty(Window(home).Property(OSDinfodialogButtonActive)) 
											+ VideoPlayer.Content(Episodes) + !Skin.HasSetting(EpisodeSpoilerProtection) 
											+ !String.IsEmpty(VideoPlayer.DBID) + String.IsEqual(VideoPlayer.DBID,ListItem.DBID) 
											">$INFO[Player.Art(thumb)]</value>
		
		<value condition="!String.IsEqual(Window(home).Property(OSDinfodialogButtonActive),True2x) + !String.IsEmpty(Window(home).Property(OSDinfodialogButtonActive)) 
											+ !String.IsEmpty(Player.Art(poster))">$INFO[Player.Art(poster)]</value>
		
		<value condition="String.IsEmpty(Window(home).Property(CinemaPostPlaybackDialogOpensNow)) + !String.IsEmpty(ListItem.Art(poster))">$INFO[ListItem.Art(poster)]</value>
		
		<value condition="!String.IsEmpty(ListItem.Art(tvshow.poster)) + Container.Content(Seasons) + !ListItem.IsParentFolder">$INFO[ListItem.Art(tvshow.poster)]</value>
		<value condition="!String.IsEmpty(ListItem.Art(season.poster)) + Container.Content(Seasons) + !ListItem.IsParentFolder">$INFO[ListItem.Art(season.poster)]</value>
		
		
		
		<!-- can't use VAR due to kodi restrictions -->
		<value condition="Container.Content(Episodes) + [
											Skin.HasSetting(EpisodeSpoilerProtection) | [Container.Content(Episodes) + [String.IsEqual(ListItem.Icon,DefaultVideo.png) | String.IsEqual(ListItem.Icon,DefaultVideoCover.png)]]
											]
											+ !String.IsEmpty(ListItem.Art(season.fanart))">$INFO[ListItem.Art(season.fanart)]</value>
		<value condition="Container.Content(Episodes) + [
											Skin.HasSetting(EpisodeSpoilerProtection) | [Container.Content(Episodes) + [String.IsEqual(ListItem.Icon,DefaultVideo.png) | String.IsEqual(ListItem.Icon,DefaultVideoCover.png)]]
											]
											+ !String.IsEmpty(ListItem.Art(tvshow.fanart))">$INFO[ListItem.Art(tvshow.fanart)]</value>
		<value condition="Container.Content(Episodes) + [
											Skin.HasSetting(EpisodeSpoilerProtection) | [Container.Content(Episodes) + [String.IsEqual(ListItem.Icon,DefaultVideo.png) | String.IsEqual(ListItem.Icon,DefaultVideoCover.png)]]
											]
											+ !String.IsEmpty(ListItem.Art(fanart))">$INFO[ListItem.Art(fanart)]</value>
		
		
		
		<value condition="[Container.Content(Episodes) + !Skin.HasSetting(EpisodeSpoilerProtection)] | !String.IsEmpty(Container.PluginName)">$INFO[ListItem.Icon]</value>
		
		<value condition="!String.IsEqual(Window(home).Property(OSDinfodialogButtonActive),True2x) + !Container.Content(Episodes) + 
			!String.IsEmpty(Window(home).Property(OSDinfodialogButtonActive)) 
			+ !String.IsEmpty(Player.Art(poster))
			">$INFO[Player.Art(poster)]</value>
		<!-- Fix for missing ListItem.Art(poster) in cases when Video Info Dialog opened by VideoOSD Info-Button -->
		
		<value condition="!String.IsEqual(Window(home).Property(OSDinfodialogButtonActive),True2x) + !String.IsEmpty(Window(home).Property(CinemaPostPlaybackDialogOpensNow)) 
											+ !String.IsEmpty(Window(home).Property(PlayerArtPosterTemp))
			">$INFO[Window(home).Property(PlayerArtPosterTemp)]</value>
		<!-- Fix for missing ListItem.Art(poster) when using "service.library.data.provider.lite" on KODI 19 -->
		<!-- Dialog Video Info: opended by the VideoOSD Info-Button or CinemaPostPlaybackDialog feature -->
		<!-- Additional remark: KODI 19 ListItem.Art(thumb) does not fallback to poster anymore. Maybe related changes. -->
		
	</variable>
	
	
	
	<variable name="PosterInfoDialogSpecial">
		
		<value condition="!String.IsEqual(Window(home).Property(OSDinfodialogButtonActive),True2x) + !String.IsEmpty(Window(home).Property(OSDinfodialogButtonActive)) 
											+ VideoPlayer.Content(Episodes) 
											+ !String.IsEmpty(VideoPlayer.DBID) + String.IsEqual(VideoPlayer.DBID,ListItem.DBID) 
											+ !String.IsEmpty(Player.Art(season.poster))">$INFO[Player.Art(season.poster)]</value>
		<value condition="!String.IsEqual(Window(home).Property(OSDinfodialogButtonActive),True2x) + !String.IsEmpty(Window(home).Property(OSDinfodialogButtonActive)) 
											+ VideoPlayer.Content(Episodes) 
											+ !String.IsEmpty(VideoPlayer.DBID) + String.IsEqual(VideoPlayer.DBID,ListItem.DBID) 
											+ !String.IsEmpty(Player.Art(tvshow.poster))">$INFO[Player.Art(tvshow.poster)]</value>
		
		<value condition="!String.IsEqual(Window(home).Property(OSDinfodialogButtonActive),True2x) + !String.IsEmpty(Window(home).Property(OSDinfodialogButtonActive)) 
											+ !String.IsEmpty(VideoPlayer.DBID) + String.IsEqual(VideoPlayer.DBID,ListItem.DBID) 
											+ !String.IsEmpty(Player.Art(poster))">$INFO[Player.Art(poster)]</value>
		<!-- Fix for missing ListItem.Art(poster) in cases when Video Info Dialog opened by VideoOSD Info-Button -->
		
		<value condition="!String.IsEmpty(Window(home).Property(CinemaPostPlaybackDialogOpensNow)) 
											+ !String.IsEmpty(Window(home).Property(PlayerArtPosterTemp))
			">$INFO[Window(home).Property(PlayerArtPosterTemp)]</value>
		<!-- Fix for missing ListItem.Art(poster) when using "service.library.data.provider.lite" on KODI 19 -->
		<!-- Dialog Video Info: opended by the VideoOSD Info-Button or CinemaPostPlaybackDialog feature -->
		<!-- Additional remark: KODI 19 ListItem.Art(thumb) does not fallback to poster anymore. Maybe related changes. -->
		
		<value condition="!String.IsEqual(Window(home).Property(OSDinfodialogButtonActive),True2x) + !String.IsEmpty(Window(home).Property(OSDinfodialogButtonActive)) 
											+ !String.IsEmpty(VideoPlayer.DBID) + String.IsEqual(VideoPlayer.DBID,ListItem.DBID) 
											"></value>
		
		<value condition="!String.IsEmpty(ListItem.Art(poster))">$INFO[ListItem.Art(poster)]</value>
		<value condition="!String.IsEmpty(ListItem.Art(season.poster)) + !ListItem.IsParentFolder">$INFO[ListItem.Art(season.poster)]</value>
		<value condition="!String.IsEmpty(ListItem.Art(tvshow.poster)) + !ListItem.IsParentFolder">$INFO[ListItem.Art(tvshow.poster)]</value>
		<value>$INFO[ListItem.Icon]</value>
	</variable>
	
	
	
	<variable name="MusicInfoPanelLabel">
		<value condition="Container.Content(Artists)">$INFO[ListItem.Label]</value>
		<value condition="Container.Content(Songs)">$INFO[ListItem.Label,[COLOR=selected][B],[/B][/COLOR] – ]$INFO[ListItem.Label2]</value>
		<value>$INFO[ListItem.TrackNumber,([COLOR=selected][B],[/B][/COLOR]) – ]$INFO[ListItem.Label]</value>
	</variable>
	<variable name="PlayList">
		<value condition="Window.IsActive(Videos) + !String.IsEqual(Playlist.Length(video),0)">ActivateWindow(VideoPlaylist)</value>
		<value>ActivateWindow(MusicPlaylist)</value>
	</variable>
	
	<variable name="rating">
		<value condition="String.IsEmpty(ListItem.Mpaa)">mpaa_notrated</value>
		
		<!-- US -->
		<value condition="String.IsEqual(ListItem.Mpaa,G) | String.Contains(ListItem.Mpaa,Rated G) | String.Contains(ListItem.Mpaa,Rated: G) | String.Contains(ListItem.Mpaa,US:G) | String.Contains(ListItem.Mpaa,USA:G) | String.Contains(ListItem.Mpaa,US: G) | String.Contains(ListItem.Mpaa,USA: G)">mpaa_general</value>
		<value condition="String.IsEqual(ListItem.Mpaa,PG13) | String.IsEqual(ListItem.Mpaa,PG-13) | String.Contains(ListItem.Mpaa,Rated PG-13) | String.Contains(ListItem.Mpaa,Rated: PG-13) | String.Contains(ListItem.Mpaa,US:PG-13) | String.Contains(ListItem.Mpaa,USA:PG-13) | String.Contains(ListItem.Mpaa,US: PG-13) | String.Contains(ListItem.Mpaa,USA: PG-13)">mpaa_pg13</value>
		<value condition="String.IsEqual(ListItem.Mpaa,PG) | String.Contains(ListItem.Mpaa,Rated PG) | String.Contains(ListItem.Mpaa,Rated: PG) | String.Contains(ListItem.Mpaa,US:PG) | String.Contains(ListItem.Mpaa,USA:PG) | String.Contains(ListItem.Mpaa,US: PG) | String.Contains(ListItem.Mpaa,USA: PG)">mpaa_pg</value>
		<value condition="String.IsEqual(ListItem.Mpaa,R) | String.Contains(ListItem.Mpaa,Rated R) | String.Contains(ListItem.Mpaa,Rated: R) | String.Contains(ListItem.Mpaa,US:R) | String.Contains(ListItem.Mpaa,USA:R) | String.Contains(ListItem.Mpaa,US: R) | String.Contains(ListItem.Mpaa,USA: R)">mpaa_restricted</value>
		<value condition="String.IsEqual(ListItem.Mpaa,NC17) | String.IsEqual(ListItem.Mpaa,NC-17) | String.IsEqual(ListItem.Mpaa,NC) | String.Contains(ListItem.Mpaa,Rated NC) | String.Contains(ListItem.Mpaa,Rated: NC) | String.Contains(ListItem.Mpaa,US:NC) | String.Contains(ListItem.Mpaa,USA:NC) | String.Contains(ListItem.Mpaa,US: NC) | String.Contains(ListItem.Mpaa,USA: NC)">mpaa_nc17</value>
		<value condition="String.IsEqual(ListItem.Mpaa,NR) | String.Contains(ListItem.Mpaa,Not Rated) | String.IsEqual(ListItem.Mpaa,NR)">mpaa_notrated</value>
		
		<!-- US TV Ratings -->
		<value condition="String.IsEqual(ListItem.Mpaa,TV-Y)">tv-y</value>
		<value condition="String.IsEqual(ListItem.Mpaa,TV-Y7)">tv-y7</value>
		<value condition="String.IsEqual(ListItem.Mpaa,TV-Y7-FV) | String.IsEqual(ListItem.Mpaa,TV-Y7FV)">tv-y7fv</value>
		<value condition="String.IsEqual(ListItem.Mpaa,TV-G)">tv-g</value>
		<value condition="String.IsEqual(ListItem.Mpaa,TV-PG)">tv-pg</value>
		<value condition="String.IsEqual(ListItem.Mpaa,TV-14)">tv-14</value>
		<value condition="String.IsEqual(ListItem.Mpaa,TV-MA)">tv-ma</value>
		
		<!-- DE FSK -->
		<value condition="String.IsEqual(ListItem.Mpaa,0) | String.Contains(ListItem.Mpaa,FSK 0) | String.Contains(ListItem.Mpaa,FSK0) | String.Contains(ListItem.Mpaa,FSK o.A) | String.Contains(ListItem.Mpaa,DE:0) | String.Contains(ListItem.Mpaa,DE: 0) | String.Contains(ListItem.Mpaa,DE:o.A) | String.Contains(ListItem.Mpaa,DE: o.A)">de_fsk0</value>
		<value condition="String.IsEqual(ListItem.Mpaa,6) | String.Contains(ListItem.Mpaa,FSK 6) | String.Contains(ListItem.Mpaa,FSK6) | String.Contains(ListItem.Mpaa,DE:6) | String.Contains(ListItem.Mpaa,DE: 6)">de_fsk6</value>
		<value condition="String.IsEqual(ListItem.Mpaa,12) | String.Contains(ListItem.Mpaa,FSK 12) | String.Contains(ListItem.Mpaa,FSK12) | String.Contains(ListItem.Mpaa,DE:12) | String.Contains(ListItem.Mpaa,DE: 12)">de_fsk12</value>
		<value condition="String.IsEqual(ListItem.Mpaa,16) | String.Contains(ListItem.Mpaa,FSK 16) | String.Contains(ListItem.Mpaa,FSK16) | String.Contains(ListItem.Mpaa,DE:16) | String.Contains(ListItem.Mpaa,DE: 16)">de_fsk16</value>
		<value condition="String.IsEqual(ListItem.Mpaa,18) | String.Contains(ListItem.Mpaa,FSK 18) | String.Contains(ListItem.Mpaa,FSK18) | String.Contains(ListItem.Mpaa,DE:18) | String.Contains(ListItem.Mpaa,DE: 18)">de_fsk18</value>
		
		<!-- UK -->
		<value condition="String.Contains(ListItem.Mpaa,UK:UC) | String.Contains(ListItem.Mpaa,UK: UC)">bbfc_uc</value>
		<value condition="String.Contains(ListItem.Mpaa,UK:U) | String.Contains(ListItem.Mpaa,UK: U)">bbfc_u</value>
		<value condition="String.Contains(ListItem.Mpaa,UK:PG) | String.Contains(ListItem.Mpaa,UK: PG)">bbfc_pg</value>
		<value condition="String.Contains(ListItem.Mpaa,UK:12A) | String.Contains(ListItem.Mpaa,UK: 12A)">bbfc_12a</value>
		<value condition="String.Contains(ListItem.Mpaa,UK:12) | String.Contains(ListItem.Mpaa,UK: 12)">bbfc_12</value>
		<value condition="String.Contains(ListItem.Mpaa,UK:15) | String.Contains(ListItem.Mpaa,UK: 15)">bbfc_15</value>
		<value condition="String.Contains(ListItem.Mpaa,UK:18) | String.Contains(ListItem.Mpaa,UK: 18)">bbfc_18</value>
		<value condition="String.Contains(ListItem.Mpaa,UK:R18) | String.Contains(ListItem.Mpaa,UK: R18)">bbfc_r18</value>
		
		<!-- Default -->
		<value>mpaa_notrated</value>
	</variable>
	<variable name="videocodec">
		<value condition="[String.StartsWith(ListItem.VideoCodec,div) | String.IsEqual(ListItem.VideoCodec,dx50)]">divx</value>
		<value>$INFO[ListItem.VideoCodec]</value>
	</variable>
	
	<variable name="SeekLabel">
		<value condition="Player.Playing + !Player.Seeking">$LOCALIZE[31042]</value>
		<value condition="[Player.Paused + !Player.Caching] + !Player.Seeking">$LOCALIZE[31043]</value>
		<value condition="[Player.Paused + Player.Caching] + !Player.Seeking">$LOCALIZE[15107]  $INFO[Player.CacheLevel]%</value>
		<value condition="!String.IsEmpty(Player.SeekStepSize) + ![Player.Forwarding | Player.Rewinding]">$LOCALIZE[31046]  [COLOR=grey]$INFO[Player.SeekStepSize][/COLOR]</value>
		<value condition="![Player.Forwarding | Player.Rewinding]">$LOCALIZE[31046]  [COLOR=grey]$INFO[Player.SeekOffset][/COLOR]</value>
		<value condition="Player.Seeking">$LOCALIZE[31046]</value>
		<value condition="Player.Forwarding">$LOCALIZE[31044]</value>
		<value condition="Player.Rewinding">$LOCALIZE[31045]</value>
		<!-- playing with tempo (non-1.0 playspeed) is still playing, therefore it has to be named "PLAYING" -->
		<value condition="Player.IsTempo">$LOCALIZE[31042]</value>
	</variable>
	
	<variable name="PlayerControlsRepeatImageVar">
		<value condition="Playlist.IsRepeatOne + Control.HasFocus(704)">osd/buttons/OSDRepeatOneFO.png</value>
		<value condition="Playlist.IsRepeat + Control.HasFocus(704)">osd/buttons/OSDRepeatAllFO.png</value>
		<value condition="Control.HasFocus(704)">osd/buttons/OSDRepeatFO.png</value>
		<value condition="Playlist.IsRepeatOne">osd/buttons/OSDRepeatOneNF.png</value>
		<value condition="Playlist.IsRepeat">osd/buttons/OSDRepeatAllNF.png</value>
		<value>osd/buttons/OSDRepeatNF.png</value>
	</variable>
	<variable name="PVRChannelMgrHeader">
		<value condition="!String.IsEmpty(Window.Property(IsRadio))">$LOCALIZE[19199] – $LOCALIZE[19024]</value>
		<value>$LOCALIZE[19199] – $LOCALIZE[19023]</value>
	</variable>
	<variable name="PVRGroupMgrHeader">
		<value>$LOCALIZE[19143]</value>
	</variable>
	
	
	
	<variable name="PVRTimerIcon">
		<value condition="ListItem.IsRecording">PVR-IsRecording.png</value>
		<value condition="ListItem.HasTimerSchedule + ListItem.TimerHasError">PVR-HasTimerScheduleError.png</value>
		<value condition="ListItem.HasTimer + ListItem.TimerHasError">PVR-HasTimerError.png</value>
		<value condition="ListItem.HasTimerSchedule + ListItem.TimerHasConflict">PVR-HasTimerScheduleConflict.png</value>
		<value condition="ListItem.HasTimer + ListItem.TimerHasConflict">PVR-HasTimerConflict.png</value>
		<value condition="ListItem.HasRecording">PVR-HasRecording.png</value>
		<value condition="ListItem.HasTimerSchedule + !ListItem.TimerIsActive">PVR-HasTimerScheduleDisabled.png</value>
		<value condition="ListItem.HasTimer + !ListItem.TimerIsActive">PVR-HasTimerDisabled.png</value>
		<value condition="ListItem.HasTimerSchedule">PVR-HasTimerSchedule.png</value>
		<value condition="ListItem.HasTimer">PVR-HasTimer.png</value>
	</variable>
	<variable name="PVRTimerLabel">
		<value condition="ListItem.IsRecording">$LOCALIZE[19043]</value>
		<value condition="ListItem.HasTimer + !ListItem.TimerIsActive">$LOCALIZE[19057]</value>
		<value condition="ListItem.HasTimer">$LOCALIZE[31510]</value>
	</variable>
	
	
	
	<!-- INCLUDES -->
	<include name="MusicInfoPanel">
		<control type="panel" id="50">
			<left>$PARAM[panel-left]</left>
			<top>780</top>
			<width>$PARAM[panel-width]</width>
			<height>180</height>
			<onleft>50</onleft>
			<onright>50</onright>
			<onup>49</onup>
			<ondown>9000</ondown>
			<viewtype label="">list</viewtype>
			<pagecontrol>61</pagecontrol>
			<include>ScrollTimeOld</include>
			<orientation>vertical</orientation>
			<itemlayout height="60" width="$PARAM[item-width]">
				<control type="image">
					<left>0</left>
					<top>0</top>
					<width>$PARAM[item-width]</width>
					<height>60</height>
					<texture border="14">button.png</texture>
				</control>
				<control type="label">
					<left>15</left>
					<top>0</top>
					<width>$PARAM[label-width]</width>
					<height>60</height>
					<font>Regular17</font>
					<align>left</align>
					<aligny>center</aligny>
					<selectedcolor>selected</selectedcolor>
					<label>$VAR[MusicInfoPanelLabel]</label>
				</control>
				<control type="label">
					<left>15</left>
					<top>0</top>
					<width>$PARAM[label-width]</width>
					<height>60</height>
					<font>Regular17</font>
					<align>right</align>
					<aligny>center</aligny>
					<selectedcolor>selected</selectedcolor>
					<label>$INFO[ListItem.Duration]</label>
				</control>
			</itemlayout>
			<focusedlayout height="60" width="$PARAM[item-width]">
				<control type="image">
					<left>0</left>
					<top>0</top>
					<width>$PARAM[item-width]</width>
					<height>60</height>
					<visible>!Control.HasFocus(50)</visible>
					<texture border="14">button.png</texture>
				</control>
				<control type="image">
					<left>0</left>
					<top>0</top>
					<width>$PARAM[item-width]</width>
					<height>60</height>
					<visible>Control.HasFocus(50)</visible>
					<texture border="14">button-focus.png</texture>
				</control>
				<control type="label">
					<left>15</left>
					<top>0</top>
					<width>$PARAM[label-width]</width>
					<height>60</height>
					<font>Regular17</font>
					<align>left</align>
					<aligny>center</aligny>
					<selectedcolor>selected</selectedcolor>
					<label>$VAR[MusicInfoPanelLabel]</label>
				</control>
				<control type="label">
					<left>15</left>
					<top>0</top>
					<width>$PARAM[label-width]</width>
					<height>60</height>
					<font>Regular17</font>
					<align>right</align>
					<aligny>center</aligny>
					<selectedcolor>selected</selectedcolor>
					<label>$INFO[ListItem.Duration]</label>
				</control>
			</focusedlayout>
		</control>
	</include>
	
	<!-- DIALOG HEADER VARIANTS -->
	<include name="DialogBackgroundCommons">
		<control type="image">
			<description>background image</description>
			<left>0</left>
			<top>0</top>
			<width>$PARAM[DialogBackgroundWidth]</width>
			<height>$PARAM[DialogBackgroundHeight]</height>
			<texture border="38">DialogBack-rounded.png</texture>
			<visible>[!Window.IsVisible(OSDAudioSettings) + !Window.IsVisible(OSDVideoSettings)] | [Window.IsVisible(YesNoDialog) | Window.IsVisible(OkDialog) | Window.IsVisible(ProgressDialog)]</visible>
		</control>
		<control type="image">
			<description>Dialog Header image</description>
			<left>10</left>
			<top>10</top>
			<width>$PARAM[DialogHeaderWidth]</width>
			<height>65</height>
			<texture border="28">dialogheader-rounded-24px.png</texture>
			<visible>[!Window.IsVisible(OSDAudioSettings) + !Window.IsVisible(OSDVideoSettings)] | [Window.IsVisible(YesNoDialog) | Window.IsVisible(OkDialog) | Window.IsVisible(ProgressDialog)]</visible>
		</control>
		<control type="label" id="$PARAM[DialogHeaderId]">
			<description>header label</description>
			<left>20</left>
			<top>18</top>
			<width>$PARAM[DialogHeaderLabelWidth]</width>
			<height>45</height>
			<font>Light26</font>
			<label>$PARAM[DialogHeaderLabel]</label>
			<align>center</align>
			<aligny>center</aligny>
			<textcolor>selected</textcolor>
		</control>
	</include>
	
	<include name="DialogBackgroundCommonsNoBackground">
		<control type="image">
			<description>Dialog Header image</description>
			<left>10</left>
			<top>10</top>
			<width>$PARAM[DialogHeaderWidth]</width>
			<height>65</height>
			<texture border="28">dialogheader-rounded-24px$PARAM[WorkaroundRemoveHeader].png</texture>
			<visible>[!Window.IsVisible(OSDAudioSettings) + !Window.IsVisible(OSDVideoSettings)] | [Window.IsVisible(YesNoDialog) | Window.IsVisible(OkDialog) | Window.IsVisible(ProgressDialog)]</visible>
		</control>
		<control type="label" id="$PARAM[DialogHeaderId]">
			<description>header label</description>
			<left>9</left>
			<top>18</top>
			<width>$PARAM[DialogHeaderWidth]</width>
			<height>45</height>
			<font>Light30</font>
			<label>$PARAM[DialogHeaderLabel]</label>
			<align>center</align>
			<aligny>center</aligny>
			<textcolor>selected</textcolor>
		</control>
	</include>
	
	<include name="DialogBackgroundCommonsNoBackgroundFS">
		<control type="image">
			<description>Dialog Header image</description>
			<left>0</left>
			<top>0</top>
			<width>$PARAM[DialogHeaderWidth]</width>
			<height>90</height>
			<texture border="28">dialogheader-rounded-24px.png</texture>
			<visible>[!Window.IsVisible(OSDAudioSettings) + !Window.IsVisible(OSDVideoSettings)] | [Window.IsVisible(YesNoDialog) | Window.IsVisible(OkDialog) | Window.IsVisible(ProgressDialog)]</visible>
		</control>
		<control type="label" id="$PARAM[DialogHeaderId]">
			<description>header label</description>
			<left>45</left>
			<top>21</top>
			<width>$PARAM[DialogHeaderWidth]</width>
			<height>45</height>
			<font>Light28</font>
			<label>$PARAM[DialogHeaderLabel]</label>
			<align>left</align>
			<aligny>center</aligny>
			<textcolor>selected</textcolor>
		</control>
	</include>
	
	
	
	<include name="BehindDialogFadeOut">
		<control type="image">
			<left>0</left>
			<top>0</top>
			<width>1920</width>
			<height>1080</height>
			<texture>colors/black_70.png</texture>
			<animation effect="fade" time="300">Visible</animation>
			<animation effect="fade" time="150">Hidden</animation>
			<visible>Window.IsActive(Favourites) | 
					Window.IsActive(MovieInformation) | 
					Window.IsActive(MusicInformation) | 
					Window.IsActive(SongInformation) | 
					Window.IsActive(FileBrowser) | 
					Window.IsActive(TextViewer) | 
					Window.IsActive(AddonSettings) | 
					Window.IsActive(ContentSettings) | 
					Window.IsActive(SelectDialog) | 
					Window.IsActive(MediaSource) | 
					Window.IsActive(PictureInfo) | 
					Window.IsActive(PlayerControls) | 
					Window.IsActive(VirtualKeyboard) | 
					Window.IsActive(NumericInput) | 
					Window.IsActive(ProfileSettings) | 
					Window.IsActive(LockSettings) | 
					Window.IsActive(SmartPlaylistEditor) | 
					Window.IsActive(SmartPlaylistRule) | 
					Window.IsActive(script-RSS_Editor-rssEditor.xml) | 
					Window.IsActive(script-RSS_Editor-setEditor.xml) | 
					Window.IsActive(AddonInformation) | 
					Window.IsActive(PeripheralSettings) | 
					Window.IsActive(script-cu-lrclyrics-main.xml) | 
					Window.IsActive(MediaFilter) | 
					Window.IsActive(YesNoDialog) | 
					Window.IsActive(VirtualKeyboard) | 
					Window.IsActive(ProgressDialog)</visible>
		</control>
	</include>
	<include name="WindowTitleCommons">
		<left>0</left>
		<top>0</top>
		<width min="0" max="1200">auto</width>
		<height>45</height>
		<font>Light28</font>
		<textcolor>white</textcolor>
		<scroll>false</scroll>
		<align>left</align>
		<aligny>center</aligny>
	</include>
	<include name="ButtonCommonValues">
		<height>60</height>
		<width>375</width>
		<textoffsetx>16</textoffsetx>
		<textwidth>300</textwidth>
		<aligny>center</aligny>
		<font>Regular21</font>
		<texturefocus border="14">button-focus.png</texturefocus>
		<texturenofocus></texturenofocus>
		<pulseonselect>false</pulseonselect>
	</include>
	<include name="ButtonMediaSubCommonValues">
		<height>60</height>
		<width>332</width>
		<textoffsetx>30</textoffsetx>
		<textwidth>293</textwidth>
		<aligny>center</aligny>
		<font>Regular21</font>
		<texturefocus border="24" colordiffuse="FF0078c3">colors/white_border24.png</texturefocus>
		<texturenofocus border="24" colordiffuse="FF141414">colors/white_border24.png</texturenofocus>
		<pulseonselect>false</pulseonselect>
	</include>
	<include name="ButtonHomeSubCommonValues">
		<height>60</height>
		<width>270</width>
		<textwidth>261</textwidth>
		<align>center</align>
		<aligny>center</aligny>
		<font>Regular19</font>
		<textcolor>grey</textcolor>
		<focusedcolor>white</focusedcolor>
		<texturefocus border="14" colordiffuse="ECFFFFFF">HomeSubFO_2-rounded-10px.png</texturefocus>
		<texturenofocus></texturenofocus>
		<pulseonselect>false</pulseonselect>
	</include>
	<include name="HomeSubMenuCommonValues">
		<left>0</left>
		<top>0</top>
		<width>1920</width>
		<height>60</height>
		<align>center</align>
		<onup>9000</onup>
		<ondown>9002</ondown>
		<itemgap>2</itemgap>
		<orientation>Horizontal</orientation>
		
		<animation type="Hidden">
			<effect type="slide" start="0,0" end="0,-60" time="0" easing="out" />
			<effect type="fade" start="100" end="0" time="0" />
		</animation>
		<animation type="Visible">
			<effect type="slide" start="0,-60" end="0,0" time="700" />
			<effect type="fade" start="0" end="100" time="700" />
		</animation>
	</include>
	<include name="ButtonInfoDialogsCommonValues">
		<param name="colordiffuseNF" default="FF141414" />
		<definition>
			<height>60</height>
			<width>255</width>
			<textoffsetx>8</textoffsetx>
			<align>center</align>
			<aligny>center</aligny>
			<font>Regular21</font>
			<texturefocus border="24" colordiffuse="FF0078c3">colors/white_border24.png</texturefocus>
			<texturenofocus border="24" colordiffuse="$PARAM[colordiffuseNF]">colors/white_border24.png</texturenofocus>
			<pulseonselect>false</pulseonselect>
			<textcolor>grey</textcolor>
			<focusedcolor>white</focusedcolor>
		</definition>
	</include>
	
	
	
	<include name="SideBladeLeftFadeInAni">
		<animation effect="fade" start="0" end="100" time="500" condition="[ControlGroup(9000).HasFocus | Control.HasFocus(8999)] + ![Window.IsActive(PVRGuideInfo) | Window.IsActive(PVRRadioRDSInfo)]" reversible="true">Conditional</animation>
	</include>
	
	<include name="SideBladeLeft">
		<depth>DepthSideBlade</depth>
		
		<visible>!Skin.HasSetting(KioskModeEnabled)</visible>
		<animation effect="slide" start="0,0" end="429,0" time="500" tween="quadratic" easing="out" condition="[ControlGroup(9000).HasFocus | Control.HasFocus(8999)] + ![Window.IsActive(PVRGuideInfo) | Window.IsActive(PVRRadioRDSInfo)]">Conditional</animation>
		
		<control type="image">
			<left>0</left>
			<top>0</top>
			<width>429</width>
			<height>1080</height>
			<texture>colors/black.png</texture>
		</control>
		<control type="button" id="8999">
			<description>Fake button for mouse control</description>
			<left>0</left>
			<top>0</top>
			<width>435</width>
			<height>1080</height>
			<label></label>
			<font></font>
			<texturenofocus></texturenofocus>
			<texturefocus></texturefocus>
			<visible>true</visible>
			<onleft>9000</onleft>
			<onup>9000</onup>
			<onright>9000</onright>
			<ondown>9000</ondown>
		</control>
	</include>
	
	
	
	<include name="CommonNowPlaying">
		<control type="group">
			<left>-9</left>
			<visible>[Player.HasMedia + [Player.HasVideo | Player.HasAudio]]</visible>
			<!-- !Player.HasGame always removed!-->
			<include>VisibleFadeEffect</include>
			<animation effect="fade" time="350" condition="Window.Previous(FullscreenVideo) | Window.Previous(Visualisation) | Window.Previous(Slideshow)">WindowOpen</animation>
			<!-- Kodi 18+ FullscreenGame -->
			<animation effect="fade" time="350" condition="Window.Next(FullscreenVideo) | Window.Next(Visualisation) | Window.Next(Slideshow)">WindowClose</animation>
			<!-- Kodi 18+ FullscreenGame -->
			<control type="button" id="90001">
				<description>push button</description>
				<left>30</left>
				<top>75r</top>
				<width>68</width>
				<height>68</height>
				<label>31003</label>
				<font></font>
				<onclick>fullscreen</onclick>
				<texturefocus colordiffuse="ff0079c3" diffuse="colors/diffuse/68x68-rounded.png">colors/white.png</texturefocus>
				<texturenofocus colordiffuse="78000000" diffuse="colors/diffuse/68x68-rounded.png">colors/white.png</texturenofocus>
				<aspectratio scalediffuse="false">stretch</aspectratio>
				<onleft>50</onleft>
				<onright>50</onright>
				<onup>50</onup>
				<ondown>50</ondown>
				<visible>Player.HasVideo | Player.HasAudio</visible>
			</control>
			
			<!-- Non-LiveTV audio only -->
			<control type="image">
				<description>Cover image</description>
				<left>30</left>
				<top>75r</top>
				<width>68</width>
				<height>68</height>
				<aspectratio align="center" aligny="center" scalediffuse="false">scale</aspectratio>
				<texture background="true" fallback="DefaultAudio.png" diffuse="colors/diffuse/68x68-rounded.png">$INFO[Player.Art(thumb)]</texture>
				<visible>!Player.HasVideo + Player.HasAudio + [!VideoPlayer.Content(Movies) + !VideoPlayer.Content(Episodes) + !VideoPlayer.Content(MusicVideos) + !VideoPlayer.Content(LiveTV)]</visible>
			</control>
			
			<!-- LiveTV audio only -->
			<control type="image">
				<description>Cover image</description>
				<left>30</left>
				<top>75r</top>
				<width>68</width>
				<height>68</height>
				<aspectratio align="center" aligny="center" scalediffuse="false">keep</aspectratio>
				<texture background="true" fallback="DefaultPVRChannels.png" diffuse="colors/diffuse/68x68-rounded.png">$INFO[Player.Art(thumb)]</texture>
				<visible>!Player.HasVideo + Player.HasAudio + [!VideoPlayer.Content(Movies) + !VideoPlayer.Content(Episodes) + !VideoPlayer.Content(MusicVideos) + VideoPlayer.Content(LiveTV)]</visible>
			</control>
			
			<!-- Non-LiveTV video -->
			<control type="image">
				<description>Cover image</description>
				<left>30</left>
				<top>75r</top>
				<width>68</width>
				<height>68</height>
				<aspectratio align="center" aligny="center" scalediffuse="false">keep</aspectratio>
				<texture background="true" fallback="DefaultVideoCover.png" diffuse="colors/diffuse/68x68-rounded.png">$VAR[TvShowEpisodePlayerArt]</texture>
				<visible>!VideoPlayer.Content(LiveTV) + [Player.HasVideo | [VideoPlayer.Content(Movies) | VideoPlayer.Content(Episodes) | VideoPlayer.Content(MusicVideos)]]</visible>
			</control>
			
			<!-- LiveTV video -->
			<control type="image">
				<description>Cover image</description>
				<left>30</left>
				<top>75r</top>
				<width>68</width>
				<height>68</height>
				<aspectratio align="center" aligny="center" scalediffuse="false">keep</aspectratio>
				<texture background="true" fallback="DefaultPVRChannels.png" diffuse="colors/diffuse/68x68-rounded.png">$VAR[TvShowEpisodePlayerArt]</texture>
				<visible>VideoPlayer.Content(LiveTV) + [Player.HasVideo | [VideoPlayer.Content(Movies) | VideoPlayer.Content(Episodes) | VideoPlayer.Content(MusicVideos)]]</visible>
			</control>
			
			
			
			<control type="label">
				<left>113</left>
				<top>42r</top>
				<width>790</width>
				<height>30</height>
				<label>$INFO[Player.Title]</label>
				<align>left</align>
				<aligny>center</aligny>
				<font>Regular17</font>
				<textcolor>grey</textcolor>
			</control>
			
			
			
			<control type="label">
				<left>113</left>
				<top>74r</top>
				<width>795</width>
				<height>30</height>
				<label>$VAR[FullScreenMusicTrackArtist]</label>
				<align>left</align>
				<aligny>center</aligny>
				<font>Light17</font>
				<textcolor>grey</textcolor>
				<visible>Player.HasAudio</visible>
			</control>
			<control type="label">
				<left>113</left>
				<top>74r</top>
				<width>795</width>
				<height>30</height>
				<label></label>
				<align>left</align>
				<aligny>center</aligny>
				<font>Light17</font>
				<textcolor>grey</textcolor>
				<visible>Player.HasVideo + VideoPlayer.Content(Movies)</visible>
			</control>
			<control type="label">
				<left>113</left>
				<top>74r</top>
				<width>795</width>
				<height>30</height>
				<label>$INFO[VideoPlayer.TVShowTitle][COLOR=grey2]$INFO[VideoPlayer.Season,   S,]$INFO[VideoPlayer.Episode, E,][/COLOR]</label>
				<align>left</align>
				<aligny>center</aligny>
				<font>Light17</font>
				<textcolor>grey</textcolor>
				<visible>Player.HasVideo + [VideoPlayer.Content(Episodes) | !String.IsEmpty(VideoPlayer.TVShowTitle)]</visible>
			</control>
			<control type="label">
				<left>113</left>
				<top>74r</top>
				<width>795</width>
				<height>30</height>
				<label>$INFO[VideoPlayer.Artist]</label>
				<align>left</align>
				<aligny>center</aligny>
				<font>Light17</font>
				<textcolor>grey</textcolor>
				<visible>Player.HasVideo + VideoPlayer.Content(MusicVideos)</visible>
			</control>
			<control type="label">
				<left>113</left>
				<top>74r</top>
				<width>795</width>
				<height>30</height>
				<label>$INFO[VideoPlayer.ChannelName]</label>
				<align>left</align>
				<aligny>center</aligny>
				<font>Light17</font>
				<textcolor>grey</textcolor>
				<visible>Player.HasVideo + VideoPlayer.Content(LiveTV)</visible>
			</control>
		</control>
	</include>
	<include name="CommonNowPlaying_Controls">
		<control type="label" id="202">
			<width>375</width>
			<height>53</height>
			<font>Light18</font>
			<label>31023</label>
			<textcolor>blue</textcolor>
			<align>center</align>
			<aligny>center</aligny>
			<visible>Player.HasMedia | Control.IsVisible(612)</visible>
		</control>
		<control type="button" id="610">
			<description>Fake Button to fix Player Controls Navigation</description>
			<visible>false</visible>
		</control>
		
		<!-- sidebar player controls LiveTV -->
		<control type="group" id="90060">
			<height>68</height>
			<visible>VideoPlayer.Content(LiveTV)</visible>
			<defaultcontrol always="true">603</defaultcontrol>
			<control type="grouplist" id="9006">
				<width>362</width>
				
				<left>8</left>
				
				<height>68</height>
				<itemgap>1</itemgap>
				<orientation>horizontal</orientation>
				<onback>50</onback>
				<onup>610</onup>
				<ondown>611</ondown>
				<control type="button" id="600">
					<width>59</width>
					<height>59</height>
					<label></label>
					<texturefocus>osd/buttons/OSDChannelUPFO.png</texturefocus>
					<texturenofocus>osd/buttons/OSDChannelUPNF.png</texturenofocus>
					<onclick>ChannelUp</onclick>
				</control>
				<control type="button" id="601">
					<width>59</width>
					<height>59</height>
					<label></label>
					<texturefocus>osd/buttons/OSDChannelDownFO.png</texturefocus>
					<texturenofocus>osd/buttons/OSDChannelDownNF.png</texturenofocus>
					<onclick>ChannelDown</onclick>
				</control>
				<control type="button" id="603">
					<width>59</width>
					<height>59</height>
					<label></label>
					<texturefocus>osd/buttons/OSDStopFO.png</texturefocus>
					<texturenofocus>osd/buttons/OSDStopNF.png</texturenofocus>
					<onclick>down</onclick>
					<onclick>PlayerControl(Stop)</onclick>
				</control>
				<control type="togglebutton" id="604">
					<width>59</width>
					<height>59</height>
					<label></label>
					<texturefocus>osd/buttons/OSDPauseFO.png</texturefocus>
					<texturenofocus>osd/buttons/OSDPauseNF.png</texturenofocus>
					<usealttexture>Player.Paused | Player.Forwarding | Player.Rewinding</usealttexture>
					<alttexturefocus>osd/buttons/OSDPlayFO.png</alttexturefocus>
					<alttexturenofocus>osd/buttons/OSDPlayNF.png</alttexturenofocus>
					<onclick>PlayerControl(Play)</onclick>
					<visible>Player.PauseEnabled</visible>
					<animation effect="fade" start="100" end="30" time="0" condition="!Player.PauseEnabled">Conditional</animation>
				</control>
				<control type="togglebutton" id="605">
					<width>59</width>
					<height>59</height>
					<label></label>
					<texturefocus>osd/buttons/OSDRecordOffFO.png</texturefocus>
					<texturenofocus>osd/buttons/OSDRecordOffNF.png</texturenofocus>
					
					<!-- Player.Recording alttexture test -->
					<usealttexture>Player.Recording</usealttexture>
					<alttexturefocus>osd/buttons/OSDRecordOnFO.png</alttexturefocus>
					<alttexturenofocus>osd/buttons/OSDRecordOnNF.png</alttexturenofocus>
					
					<onclick>PlayerControl(Record)</onclick>
					<enable>Player.CanRecord</enable>
					<animation effect="fade" start="100" end="30" time="0" condition="!Player.CanRecord">Conditional</animation>
				</control>
			</control>
		</control>
		
		<!-- sidebar player controls NON-LiveTV -->
		<control type="group" id="90050">
			<visible>Player.HasMedia</visible>
			<visible>!VideoPlayer.Content(LiveTV)</visible>
			<height>68</height>
			<defaultcontrol always="true">703</defaultcontrol>
			<control type="grouplist" id="9005">
				<width>362</width>
				
				<left>8</left>
				
				<height>68</height>
				<itemgap>1</itemgap>
				<orientation>horizontal</orientation>
				<onback>50</onback>
				<onup>610</onup>
				<ondown>611</ondown>
				
				<control type="button" id="700">
					<width>59</width>
					<height>59</height>
					<label></label>
					<texturefocus>osd/buttons/OSDPrevTrackFO.png</texturefocus>
					<texturenofocus>osd/buttons/OSDPrevTrackNF.png</texturenofocus>
					<onclick>PlayerControl(Previous)</onclick>
					<visible>!VideoPlayer.Content(LiveTV) + !MusicPlayer.Content(LiveTV)</visible>
				</control>
				<control type="button" id="706">
					<width>59</width>
					<height>59</height>
					<label></label>
					<texturefocus>osd/buttons/OSDRewindFO.png</texturefocus>
					<texturenofocus>osd/buttons/OSDRewindNF.png</texturenofocus>
					<onclick>PlayerControl(Rewind)</onclick>
					<visible>Player.SeekEnabled + Skin.HasSetting(DisableFullScreenOsdButtonSimplicity)</visible>
				</control>
				<control type="togglebutton" id="703">
					<width>59</width>
					<height>59</height>
					<label></label>
					<texturefocus>osd/buttons/OSDPauseFO.png</texturefocus>
					<texturenofocus>osd/buttons/OSDPauseNF.png</texturenofocus>
					<usealttexture>Player.Paused | Player.Forwarding | Player.Rewinding</usealttexture>
					<alttexturefocus>osd/buttons/OSDPlayFO.png</alttexturefocus>
					<alttexturenofocus>osd/buttons/OSDPlayNF.png</alttexturenofocus>
					<onclick>PlayerControl(Play)</onclick>
				</control>
				<control type="button" id="701">
					<width>59</width>
					<height>59</height>
					<label></label>
					<texturefocus>osd/buttons/OSDStopFO.png</texturefocus>
					<texturenofocus>osd/buttons/OSDStopNF.png</texturenofocus>
					<onclick>down</onclick>
					<onclick>PlayerControl(Stop)</onclick>
				</control>
				<control type="button" id="707">
					<width>59</width>
					<height>59</height>
					<label></label>
					<texturefocus>osd/buttons/OSDForwardFO.png</texturefocus>
					<texturenofocus>osd/buttons/OSDForwardNF.png</texturenofocus>
					<onclick>PlayerControl(Forward)</onclick>
					<visible>Player.SeekEnabled + Skin.HasSetting(DisableFullScreenOsdButtonSimplicity)</visible>
				</control>
				<control type="button" id="702">
					<width>59</width>
					<height>59</height>
					<label></label>
					<texturefocus>osd/buttons/OSDNextTrackFO.png</texturefocus>
					<texturenofocus>osd/buttons/OSDNextTrackNF.png</texturenofocus>
					<onclick>PlayerControl(Next)</onclick>
					<visible>!VideoPlayer.Content(LiveTV) + !MusicPlayer.Content(LiveTV) + [!Player.HasVideo | Skin.HasSetting(DisableFullScreenOsdButtonSimplicity)]</visible>
				</control>
				<control type="group" id="799">
					<width>59</width>
					<height>59</height>
					<visible>!VideoPlayer.Content(LiveTV) + !MusicPlayer.Content(LiveTV) + !Player.HasVideo</visible>
					
					
					
					<control type="button" id="704">
						<width>59</width>
						<height>59</height>
						<label></label>
						<texturefocus></texturefocus>
						<texturenofocus></texturenofocus>
						<onleft>702</onleft>
						<onright>705</onright>
						<onclick>PlayerControl(Repeat)</onclick>
					</control>
					<control type="image" id="713">
						<width>59</width>
						<height>59</height>
						<texture>$VAR[PlayerControlsRepeatImageVar]</texture>
					</control>
					
					
					
				</control>
				<control type="togglebutton" id="705">
					<width>59</width>
					<height>59</height>
					<label></label>
					<texturefocus>osd/buttons/OSDRandomOffFO.png</texturefocus>
					<texturenofocus>osd/buttons/OSDRandomOffNF.png</texturenofocus>
					<usealttexture>Playlist.IsRandom</usealttexture>
					<alttexturefocus>osd/buttons/OSDRandomOnFO.png</alttexturefocus>
					<alttexturenofocus>osd/buttons/OSDRandomOnNF.png</alttexturenofocus>
					<onclick>PlayerControl(Random)</onclick>
					<visible>!VideoPlayer.Content(LiveTV) + !MusicPlayer.Content(LiveTV) + !Player.HasVideo</visible>
				</control>
			</control>
		</control>
		
		<control type="radiobutton" id="611">
			
			<!-- move radio button right icon position to left  -->
			<radioposx>15</radioposx>
			<radioposy>15</radioposy>
			<textoffsetx>60</textoffsetx>
			
			<description>Go to fullscreen Playback</description>
			<include>ButtonCommonValues</include>
			<label>31008</label>
			<onclick>fullscreen</onclick>
			
			<include>radiobuttonQuadraticWidth</include>
			
			<textureradioonfocus>GoFullscreen.png</textureradioonfocus>
			<textureradioonnofocus colordiffuse="ccFFFFFF">GoFullscreen.png</textureradioonnofocus>
			<textureradioofffocus>GoFullscreen.png</textureradioofffocus>
			<textureradiooffnofocus colordiffuse="ccFFFFFF">GoFullscreen.png</textureradiooffnofocus>
			<visible>Player.HasMedia</visible>
		</control>
		<control type="radiobutton" id="612">
			
			<!-- move radio button right icon position to left -->
			<radioposx>15</radioposx>
			<textoffsetx>60</textoffsetx>
			
			<include>radiobuttonQuadraticWidth</include>
			
			<textureradioonfocus>_added_img/playlist_icon.png</textureradioonfocus>
			<textureradioonnofocus colordiffuse="ccFFFFFF">_added_img/playlist_icon.png</textureradioonnofocus>
			<textureradioofffocus>_added_img/playlist_icon.png</textureradioofffocus>
			<textureradiooffnofocus colordiffuse="ccFFFFFF">_added_img/playlist_icon.png</textureradiooffnofocus>
			
			<description>Go to playlist</description>
			<include>ButtonCommonValues</include>
			<label>13350</label>
			<onclick>$VAR[PlayList]</onclick>
			<visible>[Window.IsActive(Videos) + !String.IsEqual(Playlist.Length(video),0)] | [[Window.IsActive(Music)] + !String.IsEqual(Playlist.Length(music),0)]</visible>
		</control>
	</include>
	
	<include name="SortLetterVisible">
		<visible>Container.Scrolling + [String.IsEqual(Container.SortMethod,$LOCALIZE[551]) | String.IsEqual(Container.SortMethod,$LOCALIZE[561]) | String.IsEqual(Container.SortMethod,$LOCALIZE[558]) | String.IsEqual(Container.SortMethod,$LOCALIZE[557]) | String.IsEqual(Container.SortMethod,$LOCALIZE[556])] + !Control.IsVisible(509) + !Window.IsVisible(VideoPlaylist) + !Window.IsVisible(MusicPlaylist)</visible>
	</include>
	<include name="ScrollOffsetLabel">
		<control type="group">
			<depth>DepthSideBlade</depth>
			<include>SortLetterVisible</include>
			<animation effect="slide" start="0,0" end="0,-100" time="0">Visible</animation>
			<animation effect="slide" start="0,-100" end="0,0" delay="1000" time="0">Hidden</animation>
			<left>450r</left>
			<top>1080</top>
			<control type="group">
				<control type="image">
					<left>6</left>
					<top>0</top>
					<width>90</width>
					<height>90</height>
					<texture border="24" colordiffuse="FF000000">colors/white_border24.png</texture>
				</control>
				<control type="label">
					<left>6</left>
					<top>0</top>
					<width>90</width>
					<height>90</height>
					<align>center</align>
					<aligny>center</aligny>
					<label>$INFO[ListItem.SortLetter]</label>
					<textcolor>white</textcolor>
					<font>Regular30</font>
				</control>
				<include>SortLetterVisible</include>
				<animation effect="fade" end="100" time="500">Visible</animation>
				<animation effect="fade" end="0" delay="500" time="500">Hidden</animation>
			</control>
		</control>
	</include>
	
	<include name="ClockHome">
		<control type="label">
			<description>time label</description>
			<top>3</top>
			<width>auto</width>
			<height>66</height>
			<align>right</align>
			<aligny>center</aligny>
			<font>ClockFont</font>
			<textcolor>white</textcolor>
			<label>$INFO[System.Time]</label>
			<visible>!String.IsEqual(Skin.String(HomeDateTimeType),2)</visible>
		</control>
	</include>
	
	
	
	<include name="HomeAddonsCommonLayout">
		<include>Window_OpenClose_Animation</include>
		
		<include>RecentlyAddedVisibleHiddenAnimations</include>
		
		<hitrect x="0" y="810" w="1920" h="188" />
		<left>5</left>
		<top>279r</top>
		<width>1920</width>
		<height>219</height>
		<pagecontrol></pagecontrol>
		<scrolltime>0</scrolltime>
		<focusposition>3</focusposition>
		<movement>3</movement>
		<orientation>Horizontal</orientation>
		<!-- ITEM LAYOUT -->
		<itemlayout width="273" height="198">
			<control type="image">
				<left>93</left>
				<top>51</top>
				<width>87</width>
				<height>87</height>
				<aspectratio scalediffuse="false">scale</aspectratio>
				<texture background="true" colordiffuse="ffd2d2d2" diffuse="colors/diffuse/87x87-rounded.png">$INFO[ListItem.Icon]</texture>
				<animation effect="fade" end="90" time="0" condition="true">Conditional</animation>
			</control>
		</itemlayout>
		<!-- FOCUSED LAYOUT -->
		<focusedlayout width="273" height="198">
			<control type="image">
				<left>45</left>
				<top>30</top>
				<width>180</width>
				<height>159</height>
				<texture border="14">HomeSubFO_2-rounded-10px.png</texture>
				<visible>ControlGroup(9002).HasFocus</visible>
				<include>FocusAnimationTypeSimple1</include>
			</control>
			<control type="image">
				<left>93</left>
				<top>51</top>
				<width>87</width>
				<height>87</height>
				<aspectratio scalediffuse="false">scale</aspectratio>
				<texture background="true" diffuse="colors/diffuse/87x87-rounded.png">$INFO[ListItem.Icon]</texture>
				<visible>ControlGroup(9002).HasFocus</visible>
			</control>
			<control type="image">
				<left>93</left>
				<top>51</top>
				<width>87</width>
				<height>87</height>
				<aspectratio scalediffuse="false">scale</aspectratio>
				<texture background="true" colordiffuse="ffd2d2d2" diffuse="colors/diffuse/87x87-rounded.png">$INFO[ListItem.Icon]</texture>
				<visible>!ControlGroup(9002).HasFocus</visible>
				<animation effect="fade" end="90" time="0" condition="true">Conditional</animation>
			</control>
			<control type="label">
				<left>50</left>
				<top>147</top>
				<width>172</width>
				<height>30</height>
				<font>Regular15</font>
				<textcolor>white</textcolor>
				<align>center</align>
				<aligny>center</aligny>
				<label>$INFO[ListItem.Label]</label>
				<visible>ControlGroup(9002).HasFocus</visible>
			</control>
		</focusedlayout>
	</include>
	<include name="backgroundfade">
		<animation effect="fade" time="1000">Visible</animation>
		<animation effect="fade" time="1000">Hidden</animation>
	</include>
	<include name="Window_OpenClose_Animation">
		<animation effect="fade" time="350">WindowOpen</animation>
		<animation effect="fade" time="350">WindowClose</animation>
	</include>
	<include name="Window_OpenClose_Animation_Full">
		<include>Window_OpenClose_Animation</include>
	</include>
	<include name="dialogeffect">
		<depth>DepthDialog</depth>
		<animation effect="fade" time="350">WindowOpen</animation>
		<animation effect="fade" time="350">WindowClose</animation>
	</include>
	<include name="dialogeffectSlower">
		<depth>DepthDialog</depth>
		<animation effect="fade" time="700">WindowOpen</animation>
		<animation effect="fade" time="350">WindowClose</animation>
	</include>
	<include name="VisibleFadeEffect">
		<animation effect="fade" time="350">Visible</animation>
		<animation effect="fade" time="350">Hidden</animation>
	</include>
	<include name="VisibleFadeEffect2">
		<animation effect="fade" time="500">Visible</animation>
		<animation effect="fade" time="250">Hidden</animation>
	</include>
	<include name="VisibleFadeEffectSlower">
		<animation effect="fade" time="1000">Visible</animation>
		<animation effect="fade" time="1000">Hidden</animation>
	</include>
	<include name="VisibleFadeEffectSlower2">
		<animation effect="fade" time="500">Visible</animation>
		<animation effect="fade" time="300">Hidden</animation>
	</include>
	<include name="VisibleFadeEffectNoFadeOut">
		<animation effect="fade" time="350">Visible</animation>
		<animation effect="fade" time="0">Hidden</animation>
	</include>
	<include name="VisibleFadeEffectNoFadeOutSlow">
		<animation effect="fade" time="500">Visible</animation>
		<animation effect="fade" time="0">Hidden</animation>
	</include>
	<include name="KeyboardButton">
		<width>84</width>
		<height>84</height>
		<texturenofocus></texturenofocus>
		<texturefocus border="10" colordiffuse="ff0079c3">colors/white_border10.png</texturefocus>
		<align>center</align>
		<aligny>center</aligny>
		<font>Regular24</font>
		<focusedcolor>white</focusedcolor>
	</include>
	<include name="KeyboardButtonHidden">
		<width>30</width>
		<height>84</height>
		<texturenofocus></texturenofocus>
		<texturefocus></texturefocus>
		<align>center</align>
		<aligny>center</aligny>
		<font>Regular24</font>
		<focusedcolor>white</focusedcolor>
	</include>
	<include name="CommonWindowHeader">
		<param name="Icon" default="" />
		<param name="Label" default="" />
		<param name="ShowLabel2" default="False" />
		<definition>
			<control type="group">
				<top>1</top>
				<include>Window_OpenClose_Animation</include>
				<depth>DepthHeader</depth>
				
				<control type="image">
					<description>Section header image</description>
					<left>30</left>
					<top>5</top>
					<width>53</width>
					<height>53</height>
					<aspectratio>keep</aspectratio>
					<texture colordiffuse="FFf6f6f6">header_icons/$PARAM[Icon].png</texture>
				</control>
				
				<left>0</left>
				<!-- 50 for icon remove -->
				<control type="grouplist">
					<left>102</left>
					<top>8</top>
					<width>1500</width>
					<height>60</height>
					<orientation>horizontal</orientation>
					<align>left</align>
					<itemgap>8</itemgap>
					
					<control type="label" id="654622">
						<include>WindowTitleCommons</include>
						<label>$PARAM[Label]</label>
						
						<visible>![!String.IsEmpty(Container.FolderName) + String.IsEmpty(Container.ShowTitle) + !String.IsEqual(Control.GetLabel(654622),Container.FolderName)]
						+
						![!String.IsEmpty(Container.ShowTitle) + String.IsEqual(Container.ShowTitle,Container.FolderName)]
						+
						![!String.IsEmpty(Container.ShowTitle) + !String.IsEqual(Container.ShowTitle,Container.FolderName)]
						</visible>
						
					</control>
					
					<control type="label">
						<include>WindowTitleCommons</include>
						<label>$INFO[Container.FolderName]</label>
						<visible>!String.IsEmpty(Container.FolderName) + String.IsEmpty(Container.ShowTitle) + !String.IsEqual(Control.GetLabel(654622),Container.FolderName)</visible>
					</control>
					
					<control type="label">
						<include>WindowTitleCommons</include>
						<label>$INFO[Container.ShowTitle]</label>
						<visible>!String.IsEmpty(Container.ShowTitle) + String.IsEqual(Container.ShowTitle,Container.FolderName)</visible>
					</control>
					
					<control type="label">
						<include>WindowTitleCommons</include>
						<label>$INFO[Container.ShowTitle][COLOR=blue] – [/COLOR]$INFO[Container.FolderName]</label>
						<visible>!String.IsEmpty(Container.ShowTitle) + !String.IsEqual(Container.ShowTitle,Container.FolderName)</visible>
					</control>
					
					
					
					<control type="label">
						<include>WindowTitleCommons</include>
						<label>[COLOR=blue] – [/COLOR]$INFO[Control.GetLabel(2)]</label>
						<visible>$PARAM[ShowLabel2] + !Window.IsVisible(SkinSettings)</visible>
					</control>
					<control type="label">
						<include>WindowTitleCommons</include>
						<label>[COLOR=blue] – [/COLOR]$LOCALIZE[20077]</label>
						<visible>$PARAM[ShowLabel2] + Window.IsVisible(SkinSettings)</visible>
					</control>
					
				</control>
			</control>
		</definition>
	</include>
	<include name="BackgroundDimensions">
		<width>1920</width>
		<height>1080</height>
		<animation effect="zoom" center="auto" end="101,101" time="0" condition="Integer.IsGreater(System.StereoscopicMode,0)">conditional</animation>
	</include>
	<include name="MusicInfoArtistInfo">
		<item>
			<label>$LOCALIZE[21893]:</label>
			<label2>$INFO[ListItem.Property(Artist_Born)]</label2>
			<onclick>noop</onclick>
			<visible>!String.IsEmpty(ListItem.Property(Artist_Born))</visible>
		</item>
		<item>
			<label>$LOCALIZE[21894]:</label>
			<label2>$INFO[ListItem.Property(Artist_Formed)]</label2>
			<onclick>noop</onclick>
			<visible>!String.IsEmpty(ListItem.Property(Artist_Formed))</visible>
		</item>
		<item>
			<label>$LOCALIZE[515]:</label>
			<label2>$INFO[ListItem.Genre]</label2>
			<onclick>noop</onclick>
			<visible>!String.IsEmpty(ListItem.Genre)</visible>
		</item>
		<item>
			<label>$LOCALIZE[175]:</label>
			<label2>$INFO[ListItem.Property(Artist_Mood)]</label2>
			<onclick>noop</onclick>
			<visible>!String.IsEmpty(ListItem.Property(Artist_Mood))</visible>
		</item>
		<item>
			<label>$LOCALIZE[176]:</label>
			<label2>$INFO[ListItem.Property(Artist_Style)]</label2>
			<onclick>noop</onclick>
			<visible>!String.IsEmpty(ListItem.Property(Artist_Style))</visible>
		</item>
		<item>
			<label>$LOCALIZE[21892]:</label>
			<label2>$INFO[ListItem.Property(Artist_Instrument)]</label2>
			<onclick>noop</onclick>
			<visible>!String.IsEmpty(ListItem.Property(Artist_Instrument))</visible>
		</item>
		<item>
			<label>$LOCALIZE[21897]:</label>
			<label2>$INFO[ListItem.Property(Artist_Died)]</label2>
			<onclick>noop</onclick>
			<visible>!String.IsEmpty(ListItem.Property(Artist_Died))</visible>
		</item>
		<item>
			<label>$LOCALIZE[21896]:</label>
			<label2>$INFO[ListItem.Property(Artist_Disbanded)]</label2>
			<onclick>noop</onclick>
			<visible>!String.IsEmpty(ListItem.Property(Artist_Disbanded))</visible>
		</item>
		<item>
			<label>$LOCALIZE[21898]:</label>
			<label2>$INFO[ListItem.Property(Artist_YearsActive)]</label2>
			<onclick>noop</onclick>
			<visible>!String.IsEmpty(ListItem.Property(Artist_YearsActive))</visible>
		</item>
	</include>
	<include name="MusicInfoAlbumInfo">
		<item>
			<label>$LOCALIZE[557]:</label>
			<label2>$INFO[ListItem.Artist]</label2>
			<onclick>noop</onclick>
			<visible>!String.IsEmpty(ListItem.Artist)</visible>
		</item>
		<item>
			<label>$LOCALIZE[515]:</label>
			<label2>$INFO[ListItem.Genre]</label2>
			<onclick>noop</onclick>
			<visible>!String.IsEmpty(ListItem.Genre)</visible>
		</item>
		<item>
			<label>$LOCALIZE[563]:</label>
			<label2>$INFO[ListItem.RatingAndVotes]</label2>
			<onclick>noop</onclick>
			<visible>!String.IsEmpty(ListItem.RatingAndVotes)</visible>
		</item>
		<item>
			<label>$LOCALIZE[38018]:</label>
			<label2>$INFO[ListItem.Userrating]</label2>
			<onclick>noop</onclick>
			<visible>!String.IsEmpty(ListItem.Userrating)</visible>
		</item>
		<item>
			<label>$LOCALIZE[175]:</label>
			<label2>$INFO[ListItem.Property(Album_Mood)]</label2>
			<onclick>noop</onclick>
			<visible>!String.IsEmpty(ListItem.Property(Album_Mood))</visible>
		</item>
		<item>
			<label>$LOCALIZE[176]:</label>
			<label2>$INFO[ListItem.Property(Album_Style)]</label2>
			<onclick>noop</onclick>
			<visible>!String.IsEmpty(ListItem.Property(Album_Style))</visible>
		</item>
		<item>
			<label>$LOCALIZE[21895]:</label>
			<label2>$INFO[ListItem.Property(Album_Theme)]</label2>
			<onclick>noop</onclick>
			<visible>!String.IsEmpty(ListItem.Property(Album_Theme))</visible>
		</item>
		<item>
			<label>146</label>
			<label2>$INFO[ListItem.Property(Album_Type)]</label2>
			<onclick>noop</onclick>
			<visible>!String.IsEmpty(ListItem.Property(Album_Type))</visible>
		</item>
		<item>
			<label>$LOCALIZE[21899]:</label>
			<label2>$INFO[ListItem.Property(Album_Label)]</label2>
			<onclick>noop</onclick>
			<visible>!String.IsEmpty(ListItem.Property(Album_Label))</visible>
		</item>
		<item>
			<label>$LOCALIZE[562]:</label>
			<label2>$INFO[ListItem.Year]</label2>
			<onclick>noop</onclick>
			<visible>!String.IsEmpty(ListItem.Year)</visible>
		</item>
		<item>
			<label>$LOCALIZE[15311]</label>
			<label2>$INFO[ListItem.FilenameAndPath]</label2>
			<onclick>noop</onclick>
			<visible>!String.IsEmpty(ListItem.FilenameAndPath)</visible>
		</item>
	</include>
	<include name="MusicInfoSongInfo">
		<item>
			<label>$LOCALIZE[557]:</label>
			<label2>$INFO[ListItem.Artist]</label2>
			<onclick>noop</onclick>
			<visible>!String.IsEmpty(ListItem.Artist)</visible>
		</item>
		<item>
			<label>$LOCALIZE[558]:</label>
			<label2>$INFO[ListItem.Album]$INFO[ListItem.discnumber, – $LOCALIZE[427] ]</label2>
			<onclick>noop</onclick>
			<visible>!String.IsEmpty(ListItem.Album)</visible>
		</item>
		<item>
			<label>$LOCALIZE[515]:</label>
			<label2>$INFO[ListItem.Genre]</label2>
			<onclick>noop</onclick>
			<visible>!String.IsEmpty(ListItem.Genre)</visible>
		</item>
		<item>
			<label>$LOCALIZE[175]:</label>
			<label2>$INFO[ListItem.Mood]</label2>
			<onclick>noop</onclick>
			<visible>!String.IsEmpty(ListItem.Mood)</visible>
		</item>
		<item>
			<label>$LOCALIZE[562]:</label>
			<label2>$INFO[ListItem.Year]</label2>
			<onclick>noop</onclick>
			<visible>!String.IsEmpty(ListItem.Year)</visible>
		</item>
		<item>
			<label>$LOCALIZE[554]:</label>
			<label2>$INFO[ListItem.TrackNumber]</label2>
			<onclick>noop</onclick>
			<visible>!String.IsEmpty(ListItem.TrackNumber)</visible>
		</item>
		<item>
			<label>$LOCALIZE[563]:</label>
			<label2>$INFO[ListItem.RatingAndVotes]</label2>
			<onclick>noop</onclick>
			<visible>!String.IsEmpty(ListItem.RatingAndVotes)</visible>
		</item>
		<item>
			<label>$LOCALIZE[38018]:</label>
			<label2>$INFO[ListItem.Userrating]</label2>
			<onclick>noop</onclick>
			<visible>!String.IsEmpty(ListItem.Userrating)</visible>
		</item>
		<item>
			<label>$LOCALIZE[29903]:</label>
			<label2>$INFO[ListItem.Property(Role.Composer)]</label2>
			<onclick>noop</onclick>
			<visible>!String.IsEmpty(ListItem.Property(Role.Composer))</visible>
		</item>
		<item>
			<label>$LOCALIZE[29905]:</label>
			<label2>$INFO[ListItem.Property(Role.Conductor)]</label2>
			<onclick>noop</onclick>
			<visible>!String.IsEmpty(ListItem.Property(Role.Conductor))</visible>
		</item>
		<item>
			<label>$LOCALIZE[38034]:</label>
			<label2>$INFO[ListItem.Property(Role.Orchestra)]</label2>
			<onclick>noop</onclick>
			<visible>!String.IsEmpty(ListItem.Property(Role.Orchestra))</visible>
		</item>
		<item>
			<label>$LOCALIZE[38035]:</label>
			<label2>$INFO[ListItem.Property(Role.Lyricist)]</label2>
			<onclick>noop</onclick>
			<visible>!String.IsEmpty(ListItem.Property(Role.Lyricist))</visible>
		</item>
		<item>
			<label>$LOCALIZE[38036]:</label>
			<label2>$INFO[ListItem.Property(Role.Remixer)]</label2>
			<onclick>noop</onclick>
			<visible>!String.IsEmpty(ListItem.Property(Role.Remixer))</visible>
		</item>
		<item>
			<label>$LOCALIZE[38037]:</label>
			<label2>$INFO[ListItem.Property(Role.Arranger)]</label2>
			<onclick>noop</onclick>
			<visible>!String.IsEmpty(ListItem.Property(Role.Arranger))</visible>
		</item>
		<item>
			<label>$LOCALIZE[38038]:</label>
			<label2>$INFO[ListItem.Property(Role.Engineer)]</label2>
			<onclick>noop</onclick>
			<visible>!String.IsEmpty(ListItem.Property(Role.Engineer))</visible>
		</item>
		<item>
			<label>$LOCALIZE[38039]:</label>
			<label2>$INFO[ListItem.Property(Role.Producer)]</label2>
			<onclick>noop</onclick>
			<visible>!String.IsEmpty(ListItem.Property(Role.Producer))</visible>
		</item>
		<item>
			<label>$LOCALIZE[38040]:</label>
			<label2>$INFO[ListItem.Property(Role.DJMixer)]</label2>
			<onclick>noop</onclick>
			<visible>!String.IsEmpty(ListItem.Property(Role.DJMixer))</visible>
		</item>
		<item>
			<label>$LOCALIZE[38041]:</label>
			<label2>$INFO[ListItem.Property(Role.Mixer)]</label2>
			<onclick>noop</onclick>
			<visible>!String.IsEmpty(ListItem.Property(Role.Mixer))</visible>
		</item>
		<item>
			<label>$LOCALIZE[15311]</label>
			<label2>$INFO[ListItem.FilenameAndPath]</label2>
			<onclick>noop</onclick>
			<visible>!String.IsEmpty(ListItem.FilenameAndPath)</visible>
		</item>
	</include>
	
	
	
	<include name="favoritesLayout1">
		<itemlayout height="132" width="456">
			<control type="image">
				<left>5</left>
				<top>5</top>
				<width>120</width>
				<height>119</height>
				<texture background="true" colordiffuse="ffcecece" diffuse="colors/diffuse/rounded-generic-240x240.png">$VAR[FavoritesThumbnail]</texture>
				<aspectratio scalediffuse="true">keep</aspectratio>
			</control>
			<control type="textbox">
				<left>137</left>
				<top>3</top>
				<width>305</width>
				<height>123</height>
				<font>Regular18</font>
				<textcolor>grey</textcolor>
				<align>left</align>
				<aligny>center</aligny>
				<label>$INFO[ListItem.Label]</label>
			</control>
		</itemlayout>
		<focusedlayout height="132" width="456">
			<control type="image">
				<left>0</left>
				<top>0</top>
				<width>453</width>
				<height>129</height>
				<texture border="14">HomeSubFO_2-rounded-10px.png</texture>
				<include>FocusAnimationTypeSimple1</include>
			</control>
			<control type="image">
				<left>5</left>
				<top>5</top>
				<width>120</width>
				<height>119</height>
				<texture background="true" diffuse="colors/diffuse/rounded-generic-240x240.png">$VAR[FavoritesThumbnail]</texture>
				<aspectratio scalediffuse="true">keep</aspectratio>
			</control>
			<control type="textbox">
				<left>137</left>
				<top>3</top>
				<width>305</width>
				<height>123</height>
				<font>Regular18</font>
				<textcolor>white</textcolor>
				<align>left</align>
				<aligny>center</aligny>
				<label>$INFO[ListItem.Label]</label>
			</control>
		</focusedlayout>
	</include>
	
	<include name="favoritesLayoutScrollBar">
		<control type="scrollbar" id="4501">
			<left>1422</left>
			<top>138</top>
			<include>scrollBarStyleDefaultWidth</include>
			<height>921</height>
			<onleft>450</onleft>
			<showonepage>false</showonepage>
			<visible>Control.IsVisible(450)</visible>
			
			<animation effect="fade" end="75" time="0" condition="true">Conditional</animation>
			<include>scrollBarStyleDefault</include>
		</control>
	</include>
	
	
	
	<!-- EXTEND WITH CUSTOM VARIABLES -->
	<include file="_variables.xml" />
	
	<!-- EXTEND WITH CUSTOM INCLUDES -->
	<include file="_includes.xml" />
	
	
	
</includes>
