<?xml version="1.0" encoding="UTF-8"?>
<window>
	<defaultcontrol always="true">50</defaultcontrol>
	<menucontrol>9000</menucontrol>
	<views>50</views>
	<controls>
		<include>CommonBackground</include>
		<control type="image">
			<left>0</left>
			<top>88r</top>
			<width>1280</width>
			<height>88</height>
			<texture>floor_plain.png</texture>
			<!--
			<animation effect="slide" start="0,10" end="0,0" time="150" condition="Window.Previous(Home)">WindowOpen</animation>
			<animation effect="slide" start="0,0" end="0,10" time="150" condition="Window.Next(Home)">WindowClose</animation>
			-->
			<animation effect="fade" end="99" time="0" condition="true">Conditional</animation>
			<visible>!Skin.HasSetting(RemoveFloorGraphics)</visible>
		</control>
		<control type="group">
			<include>Window_OpenClose_Animation</include>
			<include>VisibleFadeEffect</include>
			<control type="group">
				<!--<visible>![!IsEmpty(Window.Property(IsRadio)) + System.GetBool(PVRPlayback.EnableRadioRDS) + !Skin.HasSetting(HideEPGwithRDS)]</visible>-->
				<control type="image">
					<left>50</left>
					<top>60</top>
					<width>450</width>
					<height>600</height>
					<texture border="15">ContentPanel.png</texture>
				</control>
			</control>
			<!--
			<control type="group">
				<visible>!IsEmpty(Window.Property(IsRadio)) + System.GetBool(PVRPlayback.EnableRadioRDS) + !Skin.HasSetting(HideEPGwithRDS)</visible>
				<control type="image">
					<left>50</left>
					<top>60</top>
					<width>450</width>
					<height>420</height>
					<texture border="15">ContentPanel.png</texture>
				</control>
				<control type="image">
					<left>50</left>
					<top>480</top>
					<width>450</width>
					<height>180</height>
					<texture border="15">ContentPanel.png</texture>
				</control>
			</control>
			-->
			<control type="image">
				<left>50</left>
				<top>652</top>
				<width>450</width>
				<height>64</height>
				<texture border="15">ContentPanelMirror.png</texture>
			</control>
			<control type="image">
				<left>510</left>
				<top>60</top>
				<width>730</width>
				<height>600</height>
				<texture border="15">ContentPanel.png</texture>
			</control>
			<control type="image">
				<left>510</left>
				<top>652</top>
				<width>730</width>
				<height>64</height>
				<texture border="15">ContentPanelMirror.png</texture>
			</control>
		</control>
		<include>MainWindowMouseButtons</include>
		<include>PVRHeader</include>
		<control type="group">
			<description>Small Media Window</description>
			<left>530</left>
			<top>80</top>
			<include>VisibleFadeEffect</include>
			<include>Window_OpenClose_Animation</include>
			
			
			
			
			<control type="image">
				<left>20</left>
				<top>138</top>
				<width>650</width>
				<height>402</height>
				<texture border="5">button-nofocus.png</texture>
			</control>

			<control type="image">
				<animation effect="fade" end="50" time="0" condition="true">Conditional</animation>
				<left>20</left>
				<top>138</top>
				<width>650</width>
				<height>402</height>
				<texture>black-back.png</texture>
			</control>
			
			
			
		</control>
		<control type="group">
			<include>Window_OpenClose_Animation</include>
			<description>TV Channels group</description>
			<include>VisibleFadeEffect</include>
			
			
			<control type="group">
				<left>550</left>
				<top>100</top>
				<visible>Control.IsVisible(50) + !RDS.HasRDS</visible>
				<control type="image">
					<left>0</left>
					<top>0</top>
					<width>100</width>
					<height>100</height>
					<texture border="5">button-nofocus.png</texture>
				</control>
				<control type="image">
					<animation effect="fade" end="50" time="0" condition="true">Conditional</animation>
					<left>0</left>
					<top>0</top>
					<width>100</width>
					<height>100</height>
					<texture>black-back.png</texture>
				</control>
				<control type="image">
					<left>5</left>
					<top>5</top>
					<width>90</width>
					<height>90</height>
					<texture fallback="_added_img/icon_pvr_channellist_fallback.png">$INFO[ListItem.Icon]</texture>
					<aspectratio aligny="center" align="center">keep</aspectratio>
				</control>
			</control>
			
			
			<control type="group">
				<left>530</left>
				<top>100</top>
				<visible>Control.IsVisible(50) + !RDS.HasRDS</visible>

				<control type="group">
					<left>120</left>
					<top>10</top>
					
					<control type="label">
						<left>20</left>
						<top>0</top>
						<width>528</width>
						<height>20</height>
						<font>font13</font>
						<textcolor>white</textcolor>
						<shadowcolor>black</shadowcolor>
						<scroll>true</scroll>
						<align>left</align>
						<aligny>center</aligny>
						<label>[B]$INFO[Container(50).ListItem.Title][/B]</label>
					</control>
					
					<control type="label">
						<left>19</left>
						<top>36</top>
						<width>60</width>
						<height>20</height>
						<align>left</align>
						<aligny>center</aligny>
						<font>font10_title</font>
						<textcolor>blue</textcolor>
						<visible>Container(50).ListItem.HasEpg</visible>
						<label>$INFO[Container(50).ListItem.StartTime]</label>
					</control>
					<control type="progress">
						<description>Progressbar</description>
						<left>18</left>
						<top>30</top>
						<width>532</width>
						<height>8</height>
						<visible>Container(50).ListItem.HasEpg</visible>
						<info>Container(50).ListItem.Progress</info>
					</control>
					<control type="label">
						<left>490</left>
						<top>36</top>
						<width>60</width>
						<height>20</height>
						<align>right</align>
						<aligny>center</aligny>
						<font>font10_title</font>
						<textcolor>blue</textcolor>
						<visible>Container(50).ListItem.HasEpg</visible>
						<label>$INFO[Container(50).ListItem.EndTime]</label>
					</control>
					
					<control type="label">
						<left>20</left>
						<top>60</top><!-- 140 -->
						<width>528</width>
						<height>20</height>
						<font>font12</font>
						<textcolor>grey2</textcolor>
						<align>right</align>
						<aligny>center</aligny>
						<scroll>false</scroll>
						<visible>!IsEmpty(Container(50).ListItem.NextTitle)</visible>
						<label>$LOCALIZE[19031]: $INFO[Container(50).ListItem.NextTitle]</label>
					</control>
					
				</control>
				
				
				
				<control type="textbox">
					<description>Plot Value for TVShow</description>
					<left>52</left>
					<top>146</top>
					<width>570</width>
					<height>342</height>
					<font>font12</font>
					<align>left</align>
					<textcolor>white</textcolor>
					<shadowcolor>black</shadowcolor>
					<pagecontrol>77</pagecontrol>
					<label>$INFO[Container(50).ListItem.Plot]</label>
					<!--<autoscroll time="2000" delay="3000" repeat="5000">true</autoscroll>-->
				</control>
				
				<control type="scrollbar" id="77">
					<animation effect="fade" end="75" time="0" condition="true">Conditional</animation>
					<left>638</left>
					<top>140</top>
					<width>25</width>
					<height>360</height>
					<texturesliderbackground border="0,14,0,14">ScrollBarV.png</texturesliderbackground>
					<texturesliderbar border="0,14,0,14">ScrollBarV_bar.png</texturesliderbar>
					<texturesliderbarfocus border="0,14,0,14">ScrollBarV_bar_focus.png</texturesliderbarfocus>
					<textureslidernib>ScrollBarNib.png</textureslidernib>
					<textureslidernibfocus>ScrollBarNib.png</textureslidernibfocus>
					<onleft>70</onleft>
					<onright>50</onright>
					<showonepage>false</showonepage>
					<orientation>vertical</orientation>
				</control>
				
				
				

			</control>
			<control type="group">
				<control type="list" id="50">
					<left>70</left>
					<top>85</top>
					<width>390</width>
					<height>541</height>
					<onleft>100</onleft>
					<onright>70</onright>
					<onup>50</onup>
					<ondown>50</ondown>
					<viewtype label="535">list</viewtype>
					<pagecontrol>70</pagecontrol>
					<scrolltime>200</scrolltime>
					<itemlayout height="60" width="390">
						<control type="image">
							<left>0</left>
							<top>0</top>
							<width>390</width>
							<height>61</height>
							<texture border="2">MenuItemNF.png</texture>
							<include>VisibleFadeEffect</include>
						</control>
						<control type="label">
							<left>5</left>
							<top>-4</top>
							<width>40</width>
							<height>35</height>
							<font>font12</font>
							<align>left</align>
							<aligny>center</aligny>
							<textcolor>grey</textcolor>
							<selectedcolor>grey</selectedcolor>
							<info>ListItem.ChannelNumberLabel</info>
						</control>
						<control type="label">
							<left>50</left>
							<top>0</top>
							<width>270</width>
							<height>25</height>
							<font>font13</font>
							<textcolor>white</textcolor>
							<selectedcolor>selected</selectedcolor>
							<align>left</align>
							<aligny>center</aligny>
							<label>$INFO[ListItem.Label]</label>
						</control>
						<control type="label">
							<left>50</left>
							<top>25</top>
							<width>330</width>
							<height>20</height>
							<font>font12</font>
							<textcolor>grey</textcolor>
							<selectedcolor>grey</selectedcolor>
							<align>left</align>
							<aligny>center</aligny>
							<label>$INFO[ListItem.Title]</label>
							<visible>IsEmpty(Listitem.Icon)</visible>
						</control>
						<control type="label">
							<left>50</left>
							<top>25</top>
							<width>280</width>
							<height>20</height>
							<font>font12</font>
							<textcolor>grey</textcolor>
							<selectedcolor>grey</selectedcolor>
							<align>left</align>
							<aligny>center</aligny>
							<label>$INFO[ListItem.Title]</label>
							<visible>!IsEmpty(Listitem.Icon)</visible>
						</control>
						<control type="progress">
							<description>Progressbar</description>
							<left>50</left>
							<top>48</top>
							<width>280</width>
							<height>6</height>
							<colordiffuse>88FFFFFF</colordiffuse>
							<visible>ListItem.HasEpg</visible>
							<info>ListItem.Progress</info>
						</control>
						<control type="image">
							<left>340</left>
							<top>4</top>
							<width>50</width>
							<height>50</height>
							<texture>$INFO[ListItem.Icon]</texture>
							<aspectratio>keep</aspectratio>
						</control>
						<control type="image">
							<left>5</left>
							<top>37</top>
							<width>30</width>
							<height>20</height>
							<texture>PVR-IsRecording.png</texture>
							<visible>ListItem.IsRecording</visible>
						</control>
					</itemlayout>
					<focusedlayout height="60" width="390">
						<control type="image">
							<left>0</left>
							<top>0</top>
							<width>390</width>
							<height>61</height>
							<texture border="2">MenuItemNF.png</texture>
							<visible>!Control.HasFocus(50)</visible>
							<include>VisibleFadeEffect</include>
						</control>
						<control type="image">
							<left>0</left>
							<top>0</top>
							<width>390</width>
							<height>61</height>
							<texture border="2">MenuItemFO.png</texture>
							<visible>Control.HasFocus(50)</visible>
							<include>VisibleFadeEffect</include>
						</control>
						<control type="label">
							<left>5</left>
							<top>-4</top>
							<width>40</width>
							<height>35</height>
							<font>font12</font>
							<align>left</align>
							<aligny>center</aligny>
							<textcolor>grey</textcolor>
							<selectedcolor>grey</selectedcolor>
							<info>ListItem.ChannelNumberLabel</info>
						</control>
						<control type="label">
							<left>50</left>
							<top>0</top>
							<width>270</width>
							<height>25</height>
							<font>font13</font>
							<textcolor>white</textcolor>
							<selectedcolor>selected</selectedcolor>
							<align>left</align>
							<aligny>center</aligny>
							<label>$INFO[ListItem.Label]</label>
						</control>
						<control type="label">
							<left>50</left>
							<top>25</top>
							<width>330</width>
							<height>20</height>
							<font>font12</font>
							<textcolor>grey</textcolor>
							<selectedcolor>grey</selectedcolor>
							<align>left</align>
							<aligny>center</aligny>
							<label>$INFO[ListItem.Title]</label>
							<visible>IsEmpty(Listitem.Icon)</visible>
						</control>
						<control type="label">
							<left>50</left>
							<top>25</top>
							<width>280</width>
							<height>20</height>
							<font>font12</font>
							<textcolor>grey</textcolor>
							<selectedcolor>grey</selectedcolor>
							<align>left</align>
							<aligny>center</aligny>
							<label>$INFO[ListItem.Title]</label>
							<visible>!IsEmpty(Listitem.Icon)</visible>
						</control>
						<control type="progress">
							<description>Progressbar</description>
							<left>50</left>
							<top>48</top>
							<width>280</width>
							<height>6</height>
							<colordiffuse>88FFFFFF</colordiffuse>
							<visible>ListItem.HasEpg</visible>
							<info>ListItem.Progress</info>
						</control>
						<control type="image">
							<left>340</left>
							<top>4</top>
							<width>50</width>
							<height>50</height>
							<texture>$INFO[ListItem.Icon]</texture>
							<aspectratio>keep</aspectratio>
						</control>
						<control type="image">
							<left>5</left>
							<top>37</top>
							<width>30</width>
							<height>20</height>
							<texture>PVR-IsRecording.png</texture>
							<visible>ListItem.IsRecording</visible>
						</control>
					</focusedlayout>
				</control>
				<control type="scrollbar" id="70">
					<left>465</left>
					<top>85</top>
					<width>25</width>
					<height>540</height>
					<texturesliderbackground border="0,14,0,14">ScrollBarV.png</texturesliderbackground>
					<texturesliderbar border="0,14,0,14">ScrollBarV_bar.png</texturesliderbar>
					<texturesliderbarfocus border="0,14,0,14">ScrollBarV_bar_focus.png</texturesliderbarfocus>
					<textureslidernib>ScrollBarNib.png</textureslidernib>
					<textureslidernibfocus>ScrollBarNib.png</textureslidernibfocus>
					<onleft>50</onleft>
					<onright>77</onright>
					<showonepage>false</showonepage>
					<orientation>vertical</orientation>
				</control>
				<control type="label">
					<depth>DepthFooter</depth>
					<animation effect="slide" start="0,0" end="-108,0" time="0" condition="System.GetBool(input.enablemouse)">Conditional</animation>
					<description>Page Count Label</description>
					<right>22</right>
					<top>28r</top><!--53r-->
					<width>500</width>
					<height>20</height>
					<font>font12</font>
					<textcolor>grey</textcolor>
					<scroll>false</scroll>
					<align>right</align>
					<aligny>center</aligny>
					<label>$INFO[Container(50).NumItems] $LOCALIZE[19019]</label>
					<include>Window_OpenClose_Animation</include>
				</control>
			</control>
			<control type="group">
				<left>530</left>
				<top>126</top>
				<visible>RDS.HasRDS</visible>
				<control type="image">
					<left>525</left>
					<top>-3</top>
					<width>104</width>
					<height>40</height>
					<visible>!RDS.HasRadioText</visible>
					<texture>flagging/rds/rds-logo.png</texture>
				</control>
				<control type="image">
					<left>525</left>
					<top>-3</top>
					<width>104</width>
					<height>34</height>
					<visible>RDS.HasRadioText + !RDS.HasRadioTextPlus</visible>
					<texture>flagging/rds/rds-radiotext-logo.png</texture>
				</control>
				<control type="image">
					<left>525</left>
					<top>-3</top>
					<width>104</width>
					<height>40</height>
					<visible>RDS.HasRadioTextPlus</visible>
					<texture>flagging/rds/rds-radiotext-plus-logo.png</texture>
				</control>
				
				
				<control type="group">
					<left>52</left>
					<top>80</top>
					
					<control type="label">
						<left>0</left>
						<top>41</top>
						<width>570</width>
						<height>20</height>
						<font>font12</font>
						<textcolor>white</textcolor>
						<shadowcolor>black</shadowcolor>
						<align>left</align>
						<aligny>center</aligny>
						<scroll>true</scroll>
						<visible>RDS.HasRDS</visible>
						<label>$INFO[RDS.Getline(3)]</label>
					</control>
					<control type="label">
						<left>0</left>
						<top>65</top>
						<width>570</width>
						<height>20</height>
						<font>font12</font>
						<textcolor>white</textcolor>
						<shadowcolor>black</shadowcolor>
						<align>left</align>
						<aligny>center</aligny>
						<scroll>true</scroll>
						<visible>RDS.HasRDS</visible>
						<label>$INFO[RDS.Getline(2)]</label>
					</control>
					<control type="label">
						<left>0</left>
						<top>90</top>
						<width>570</width>
						<height>20</height>
						<font>font12</font>
						<textcolor>white</textcolor>
						<shadowcolor>black</shadowcolor>
						<align>left</align>
						<aligny>center</aligny>
						<scroll>true</scroll>
						<visible>RDS.HasRDS</visible>
						<label>$INFO[RDS.Getline(1)]</label>
					</control>
					<control type="label">
						<left>0</left>
						<top>115</top>
						<width>510</width>
						<height>20</height>
						<font>font12</font>
						<textcolor>white</textcolor>
						<shadowcolor>black</shadowcolor>
						<align>left</align>
						<aligny>center</aligny>
						<scroll>true</scroll>
						<visible>RDS.HasRDS</visible>
						<label>$INFO[RDS.Getline(0)]</label>
					</control>
				</control>
				
				
				
			</control>
		</control>
		<control type="group">
			<depth>DepthFooter</depth>
			<include>CommonNowPlaying</include>
		</control>
		<include>BehindDialogFadeOut</include>
		<include>ScrollOffsetLabel</include>
		<control type="image">
			<left>0</left>
			<top>0</top>
			<width>1280</width>
			<height>720</height>
			<texture>black-back.png</texture>
			<animation effect="fade" time="300">Visible</animation>
			<animation effect="fade" time="150">Hidden</animation>
			<visible>Window.IsActive(FileBrowser) | Window.IsActive(PVRGuideInfo) | Window.IsActive(PVRRecordingInfo) | Window.IsActive(PVRTimerSetting) | Window.IsActive(PVRGroupManager) | Window.IsActive(PVRGuideSearch)</visible>
		</control>
		<include>PVRSideBlade</include>
	</controls>
</window>
