<?xml version="1.0" encoding="UTF-8"?>
<includes>
	<include name="MusicInfoListView">
		<control type="group">
			<visible>Control.IsVisible(506)</visible>
			<include>VisibleFadeEffect</include>
			<control type="list" id="506">
				<left>105</left>
				<top>111</top>
				<width>1170</width>
				<height>843</height>
				<onleft>2</onleft>
				<onright>60</onright>
				<onup>506</onup>
				<ondown>506</ondown>
				<viewtype label="$LOCALIZE[544]">list</viewtype>
				<pagecontrol>60</pagecontrol>
				<include>ScrollTimeOld</include>
				<visible>Container.Content(Files) | Window.IsVisible(MusicPlaylist) |  Container.Content(Songs) | Container.Content(Albums)</visible>
				<itemlayout height="60" width="1170">
					<control type="image">
						<left>0</left>
						<top>0</top>
						<width>1170</width>
						<height>62</height>
						<texture border="0,3,0,3">MenuItemNF.png</texture>
					</control>
					<control type="label">
						<left>15</left>
						<top>0</top>
						<width>1095</width>
						<height>60</height>
						<font>Regular20</font>
						<textcolor>grey2</textcolor>
						<selectedcolor>selected</selectedcolor>
						<align>left</align>
						<aligny>center</aligny>
						<label>$INFO[ListItem.Label]</label>
					</control>
					<control type="label">
						<left>90</left>
						<top>0</top>
						<width>1050</width>
						<height>60</height>
						<font>Regular17</font>
						<textcolor>grey2</textcolor>
						<selectedcolor>selected</selectedcolor>
						<align>right</align>
						<aligny>center</aligny>
						<label>$INFO[ListItem.Label2]</label>
					</control>
				</itemlayout>
				<focusedlayout height="60" width="1140">
					<control type="image">
						<left>0</left>
						<top>0</top>
						<width>1140</width>
						<height>62</height>
						<texture border="0,3,0,3">MenuItemNF.png</texture>
						<visible>!Control.HasFocus(506)</visible>
						<include>VisibleFadeEffect</include>
					</control>
					<control type="image">
						<left>0</left>
						<top>0</top>
						<width>1170</width>
						<height>62</height>
						<texture border="12" colordiffuse="$VAR[accentColorDiffuseForNeutralTextures]">MenuItemFO-rounded-10px-neutral.png</texture>
						<visible>Control.HasFocus(506)</visible>
						<include>VisibleFadeEffect</include>
					</control>
					<control type="label">
						<left>15</left>
						<top>0</top>
						<width>1095</width>
						<height>60</height>
						<font>Regular20</font>
						<textcolor>white</textcolor>
						<selectedcolor>selected</selectedcolor>
						<align>left</align>
						<aligny>center</aligny>
						<label>$INFO[ListItem.Label]</label>
					</control>
					<control type="label">
						<left>90</left>
						<top>0</top>
						<width>1050</width>
						<height>60</height>
						<font>Regular17</font>
						<textcolor>grey2</textcolor>
						<selectedcolor>selected</selectedcolor>
						<align>right</align>
						<aligny>center</aligny>
						<label>$INFO[ListItem.Label2]</label>
					</control>
				</focusedlayout>
			</control>
			<control type="scrollbar" id="60">
				<left>1293</left>
				<top>111</top>
				<include>scrollBarStyleDefaultWidth</include>
				<height>843</height>
				<onleft>506</onleft>
				<onright>noop</onright>
				<showonepage>false</showonepage>
				<visible>Control.IsVisible(506)</visible>
				<include>scrollBarStyleDefault</include>
			</control>
			<control type="group">
				<visible>Control.IsVisible(506) + !ListItem.IsParentFolder</visible>
				<left>1365</left>
				<top>120</top>
				<control type="image">
					<left>15</left>
					<top>0</top>
					<width>435</width>
					<height>435</height>
					<aspectratio aligny="bottom">keep</aspectratio>
					<fadetime>IconCrossfadeTime</fadetime>
					<texture background="true">$INFO[ListItem.Icon]</texture>
					<bordersize>12</bordersize>
				</control>
				<control type="label">
					<left>15</left>
					<top>450</top>
					<width>435</width>
					<height>38</height>
					<label>$INFO[ListItem.Artist]</label>
					<scroll>true</scroll>
					<align>center</align>
					<aligny>center</aligny>
					<font>Regular22</font>
					<textcolor>white</textcolor>
				</control>
				<control type="label">
					<left>15</left>
					<top>540</top>
					<width>435</width>
					<height>38</height>
					<label>$INFO[ListItem.Album]</label>
					<wrapmultiline>true</wrapmultiline>
					<align>center</align>
					<aligny>center</aligny>
					<font>Regular20</font>
					<textcolor>grey2</textcolor>
				</control>
				<control type="label">
					<left>15</left>
					<top>630</top>
					<width>435</width>
					<height>38</height>
					<label>$INFO[ListItem.Title]</label>
					<scroll>true</scroll>
					<align>center</align>
					<aligny>top</aligny>
					<font>Regular21</font>
					<textcolor>white</textcolor>
					<wrapmultiline>true</wrapmultiline>
					<visible>!Container.Content(Albums)</visible>
				</control>
				<control type="label">
					<left>15</left>
					<top>630</top>
					<width>435</width>
					<height>38</height>
					<label>$INFO[ListItem.Genre]</label>
					<scroll>true</scroll>
					<align>center</align>
					<aligny>top</aligny>
					<font>Regular21</font>
					<textcolor>white</textcolor>
					<wrapmultiline>true</wrapmultiline>
					<visible>Container.Content(Albums)</visible>
				</control>
				<control type="label">
					<description>Trackno txt</description>
					<left>15</left>
					<top>720</top>
					<width>435</width>
					<height>38</height>
					<label>$INFO[listitem.TrackNumber,[COLOR=blue]$LOCALIZE[31310]: [/COLOR]]</label>
					<align>center</align>
					<aligny>center</aligny>
					<font>Regular20</font>
					<textcolor>white</textcolor>
					<visible>!Container.Content(Albums)</visible>
				</control>
				<control type="label">
					<description>Year txt</description>
					<left>15</left>
					<top>758</top>
					<width>435</width>
					<height>38</height>
					<label>$INFO[listitem.Year,[COLOR=blue]$LOCALIZE[345]: [/COLOR]]</label>
					<align>center</align>
					<aligny>center</aligny>
					<font>Regular20</font>
					<textcolor>white</textcolor>
				</control>
				<control type="label">
					<description>Rating txt</description>
					<left>15</left>
					<top>795</top>
					<width>435</width>
					<height>38</height>
					<label>$INFO[ListItem.Rating,[COLOR=blue]$LOCALIZE[563]: [/COLOR]]</label>
					<align>center</align>
					<aligny>center</aligny>
					<font>Regular20</font>
					<textcolor>white</textcolor>
					<visible>Container.Content(Albums)</visible>
				</control>
				<control type="label">
					<description>UserRating txt</description>
					<left>15</left>
					<top>795</top>
					<width>435</width>
					<height>38</height>
					<label>$INFO[ListItem.UserRating,[COLOR=blue]$LOCALIZE[38018]: [/COLOR]]</label>
					<align>center</align>
					<aligny>center</aligny>
					<font>Regular20</font>
					<textcolor>white</textcolor>
					<visible>Container.Content(Songs)</visible>
				</control>
			</control>
		</control>
	</include>
	<include name="MusicVideoInfoListView">
		<control type="group">
			<visible>Control.IsVisible(511)</visible>
			<include>VisibleFadeEffect</include>
			<control type="list" id="511">
				<left>105</left>
				<top>111</top>
				<width>1170</width>
				<height>843</height>
				<onleft>2</onleft>
				<onright>60</onright>
				<onup>511</onup>
				<ondown>511</ondown>
				<viewtype label="$LOCALIZE[544]">list</viewtype>
				<pagecontrol>60</pagecontrol>
				<include>ScrollTimeOld</include>
				<visible>Container.Content(MusicVideos)</visible>
				<itemlayout height="60" width="1140">
					<control type="label">
						<left>15</left>
						<top>0</top>
						<width>1080</width>
						<height>60</height>
						<font>Regular20</font>
						<textcolor>grey2</textcolor>
						<selectedcolor>selected</selectedcolor>
						<align>left</align>
						<aligny>center</aligny>
						<label>$INFO[ListItem.Label]</label>
					</control>
					<control type="label">
						<left>45</left>
						<top>0</top>
						<width>1050</width>
						<height>60</height>
						<font>Regular17</font>
						<textcolor>grey2</textcolor>
						<selectedcolor>selected</selectedcolor>
						<align>right</align>
						<aligny>center</aligny>
						<label>$INFO[ListItem.Label2]</label>
					</control>
					<control type="image">
						<left>1103</left>
						<top>21</top>
						<width>30</width>
						<height>24</height>
						<texture>$INFO[ListItem.Overlay]</texture>
						<aspectratio>keep</aspectratio>
					</control>
				</itemlayout>
				<focusedlayout height="60" width="1140">
					<control type="image">
						<left>0</left>
						<top>0</top>
						<width>1140</width>
						<height>62</height>
						<texture border="12" colordiffuse="$VAR[accentColorDiffuseForNeutralTextures]">MenuItemFO-rounded-10px-neutral.png</texture>
						<visible>Control.HasFocus(511)</visible>
						<include>VisibleFadeEffect</include>
					</control>
					<control type="label">
						<left>15</left>
						<top>0</top>
						<width>1080</width>
						<height>60</height>
						<font>Regular20</font>
						<textcolor>white</textcolor>
						<selectedcolor>selected</selectedcolor>
						<align>left</align>
						<aligny>center</aligny>
						<label>$INFO[ListItem.Label]</label>
					</control>
					<control type="label">
						<left>45</left>
						<top>0</top>
						<width>1050</width>
						<height>60</height>
						<font>Regular17</font>
						<textcolor>grey2</textcolor>
						<selectedcolor>selected</selectedcolor>
						<align>right</align>
						<aligny>center</aligny>
						<label>$INFO[ListItem.Label2]</label>
					</control>
					<control type="image">
						<left>1103</left>
						<top>21</top>
						<width>30</width>
						<height>24</height>
						<texture>$INFO[ListItem.Overlay]</texture>
						<aspectratio>keep</aspectratio>
					</control>
				</focusedlayout>
			</control>
			<control type="scrollbar" id="60">
				<left>1293</left>
				<top>111</top>
				<include>scrollBarStyleDefaultWidth</include>
				<height>843</height>
				<onleft>511</onleft>
				<onright>noop</onright>
				<showonepage>false</showonepage>
				<visible>Control.IsVisible(511)</visible>
				<include>scrollBarStyleDefault</include>
			</control>
			<control type="group">
				<left>1365</left>
				<top>120</top>
				<visible>!ListItem.IsParentFolder</visible>
				<include>VisibleFadeEffect</include>
				<control type="image">
					<left>15</left>
					<top>0</top>
					<width>435</width>
					<height>345</height>
					<aspectratio>keep</aspectratio>
					<fadetime>IconCrossfadeTime</fadetime>
					<texture background="true">$INFO[ListItem.Icon]</texture>
					<bordersize>12</bordersize>
				</control>
				<control type="grouplist">
					<description>Media Codec Flagging Images</description>
					<left>15</left>
					<top>345</top>
					<width>435</width>
					<align>center</align>
					<itemgap>0</itemgap>
					<orientation>horizontal</orientation>
					<include>VideoCodecFlaggingConditions</include>
					<include>AudioCodecFlaggingConditions</include>
				</control>
				<control type="label">
					<left>15</left>
					<top>435</top>
					<width>435</width>
					<height>38</height>
					<label>$INFO[ListItem.Artist]</label>
					<scroll>true</scroll>
					<align>center</align>
					<aligny>center</aligny>
					<font>Regular22</font>
					<textcolor>white</textcolor>
				</control>
				<control type="label">
					<left>15</left>
					<top>525</top>
					<width>435</width>
					<height>38</height>
					<label>$INFO[ListItem.Album]</label>
					<wrapmultiline>true</wrapmultiline>
					<align>center</align>
					<aligny>center</aligny>
					<font>Regular20</font>
					<textcolor>grey2</textcolor>
				</control>
				<control type="label">
					<left>15</left>
					<top>615</top>
					<width>435</width>
					<height>38</height>
					<label>$INFO[ListItem.Title]</label>
					<scroll>true</scroll>
					<align>center</align>
					<aligny>top</aligny>
					<font>Regular21</font>
					<textcolor>white</textcolor>
					<wrapmultiline>true</wrapmultiline>
					<visible>!Container.Content(Albums)</visible>
				</control>
				<control type="label">
					<left>15</left>
					<top>705</top>
					<width>435</width>
					<height>38</height>
					<label>$INFO[ListItem.Studio]</label>
					<scroll>true</scroll>
					<align>center</align>
					<aligny>top</aligny>
					<font>Regular20</font>
					<textcolor>grey2</textcolor>
					<wrapmultiline>true</wrapmultiline>
				</control>
				<control type="label">
					<description>Year txt</description>
					<left>15</left>
					<top>795</top>
					<width>435</width>
					<height>38</height>
					<label>$INFO[listitem.Year,[COLOR=blue]$LOCALIZE[345]: [/COLOR]]</label>
					<align>center</align>
					<aligny>center</aligny>
					<font>Regular21</font>
					<textcolor>white</textcolor>
				</control>
			</control>
		</control>
	</include>
	<include name="ArtistMediaListView">
		<control type="group">
			<visible>Control.IsVisible(512)</visible>
			<include>VisibleFadeEffect</include>
			<control type="list" id="512">
				<left>105</left>
				<top>117</top>
				<width>870</width>
				<height>843</height>
				<onleft>2</onleft>
				<onright>60</onright>
				<onup>512</onup>
				<ondown>512</ondown>
				<viewtype label="$LOCALIZE[544]">list</viewtype>
				<pagecontrol>60</pagecontrol>
				<include>ScrollTimeOld</include>
				<visible>Container.Content(Artists)</visible>
				<itemlayout height="60" width="870">
					<control type="label">
						<left>15</left>
						<top>0</top>
						<width>840</width>
						<height>60</height>
						<font>Regular20</font>
						<textcolor>grey2</textcolor>
						<selectedcolor>selected</selectedcolor>
						<align>left</align>
						<aligny>center</aligny>
						<label>$INFO[ListItem.Label]</label>
					</control>
				</itemlayout>
				<focusedlayout height="60" width="870">
					<control type="image">
						<left>0</left>
						<top>0</top>
						<width>870</width>
						<height>62</height>
						<texture border="12" colordiffuse="$VAR[accentColorDiffuseForNeutralTextures]">MenuItemFO-rounded-10px-neutral.png</texture>
						<visible>Control.HasFocus(512)</visible>
						<include>VisibleFadeEffect</include>
					</control>
					<control type="label">
						<left>15</left>
						<top>0</top>
						<width>840</width>
						<height>60</height>
						<font>Regular20</font>
						<textcolor>white</textcolor>
						<selectedcolor>selected</selectedcolor>
						<align>left</align>
						<aligny>center</aligny>
						<label>$INFO[ListItem.Label]</label>
					</control>
				</focusedlayout>
			</control>
			<control type="scrollbar" id="60">
				<left>987</left>
				<top>117</top>
				<include>scrollBarStyleDefaultWidth</include>
				<height>843</height>
				<onleft>512</onleft>
				<onright>noop</onright>
				<showonepage>false</showonepage>
				<visible>Control.IsVisible(512)</visible>
				<include>scrollBarStyleDefault</include>
			</control>
			<control type="group">
				<left>1065</left>
				<top>105</top>
				<visible>!ListItem.IsParentFolder</visible>
				<include>VisibleFadeEffect</include>
				<control type="image">
					<left>0</left>
					<top>0</top>
					<width>765</width>
					<height>450</height>
					<aspectratio>keep</aspectratio>
					<fadetime>IconCrossfadeTime</fadetime>
					<texture background="true">$INFO[ListItem.Icon]</texture>
					<bordersize>12</bordersize>
				</control>
				<control type="group">
					<top>465</top>
					<control type="label">
						<description>Born txt</description>
						<left>0</left>
						<top>0</top>
						<width>210</width>
						<height>38</height>
						<label>$LOCALIZE[21893]:</label>
						<align>right</align>
						<aligny>center</aligny>
						<font>Regular21</font>
						<textcolor>blue</textcolor>
						<visible>!String.IsEmpty(ListItem.Property(Artist_Born))</visible>
					</control>
					<control type="label">
						<description>Born Value</description>
						<left>225</left>
						<top>0</top>
						<width>525</width>
						<height>38</height>
						<label>$INFO[ListItem.Property(Artist_Born)]</label>
						<align>left</align>
						<aligny>center</aligny>
						<font>Regular20</font>
						<scroll>true</scroll>
						<visible>!String.IsEmpty(ListItem.Property(Artist_Born))</visible>
					</control>
					<control type="label">
						<description>Formed txt</description>
						<left>0</left>
						<top>0</top>
						<width>210</width>
						<height>38</height>
						<label>$LOCALIZE[21894]:</label>
						<align>right</align>
						<aligny>center</aligny>
						<font>Regular21</font>
						<textcolor>blue</textcolor>
						<visible>!String.IsEmpty(ListItem.Property(Artist_Formed))</visible>
					</control>
					<control type="label">
						<description>Formed Value</description>
						<left>225</left>
						<top>0</top>
						<width>525</width>
						<height>38</height>
						<label>$INFO[ListItem.Property(Artist_Formed)]</label>
						<align>left</align>
						<aligny>center</aligny>
						<font>Regular20</font>
						<scroll>true</scroll>
						<visible>!String.IsEmpty(ListItem.Property(Artist_Formed))</visible>
					</control>
					<control type="label">
						<description>Genre txt</description>
						<left>0</left>
						<top>45</top>
						<width>210</width>
						<height>38</height>
						<label>$LOCALIZE[515]:</label>
						<align>right</align>
						<aligny>center</aligny>
						<font>Regular21</font>
						<textcolor>blue</textcolor>
						<visible>!String.IsEmpty(ListItem.Property(Artist_Genre))</visible>
					</control>
					<control type="label">
						<description>Genre Value</description>
						<left>225</left>
						<top>45</top>
						<width>525</width>
						<height>38</height>
						<label fallback="416">$INFO[ListItem.Property(Artist_Genre)]</label>
						<align>left</align>
						<aligny>center</aligny>
						<font>Regular20</font>
						<scroll>true</scroll>
						<visible>!String.IsEmpty(ListItem.Property(Artist_Genre))</visible>
					</control>
					<control type="textbox">
						<description>Description Value for Artist</description>
						<left>15</left>
						<top>108</top>
						<width>735</width>
						<height>285</height>
						<font>Light20</font>
						<align>justify</align>
						<textcolor>white</textcolor>
						<label>$INFO[ListItem.Property(Artist_Description)]</label>
						<autoscroll time="2000" delay="3000" repeat="5000">Skin.HasSetting(AutoScroll)</autoscroll>
					</control>
				</control>
			</control>
		</control>
	</include>
	<include name="AlbumInfoListView">
		<control type="group">
			<visible>Control.IsVisible(513)</visible>
			<include>VisibleFadeEffect</include>
			<control type="list" id="513">
				<left>105</left>
				<top>111</top>
				<width>1170</width>
				<height>843</height>
				<onleft>2</onleft>
				<onright>51360</onright>
				<onup>513</onup>
				<ondown>513</ondown>
				<viewtype label="$LOCALIZE[10523]">list</viewtype>
				<pagecontrol>51360</pagecontrol>
				<include>ScrollTimeOld</include>
				<visible>Container.Content(Albums)</visible>
				<itemlayout height="60" width="1170">
					<control type="label">
						<left>15</left>
						<top>0</top>
						<width>1095</width>
						<height>60</height>
						<font>Regular20</font>
						<textcolor>grey2</textcolor>
						<selectedcolor>selected</selectedcolor>
						<align>left</align>
						<aligny>center</aligny>
						<label>$INFO[ListItem.Label]</label>
					</control>
					<control type="label">
						<left>90</left>
						<top>0</top>
						<width>1050</width>
						<height>60</height>
						<font>Regular17</font>
						<textcolor>grey2</textcolor>
						<selectedcolor>selected</selectedcolor>
						<align>right</align>
						<aligny>center</aligny>
						<label>$INFO[ListItem.Label2]</label>
					</control>
				</itemlayout>
				<focusedlayout height="60" width="1170">
					<control type="image">
						<left>0</left>
						<top>0</top>
						<width>1170</width>
						<height>62</height>
						<texture border="12" colordiffuse="$VAR[accentColorDiffuseForNeutralTextures]">MenuItemFO-rounded-10px-neutral.png</texture>
						<visible>Control.HasFocus(513)</visible>
						<include>VisibleFadeEffect</include>
					</control>
					<control type="label">
						<left>15</left>
						<top>0</top>
						<width>1095</width>
						<height>60</height>
						<font>Regular20</font>
						<textcolor>white</textcolor>
						<selectedcolor>selected</selectedcolor>
						<align>left</align>
						<aligny>center</aligny>
						<label>$INFO[ListItem.Label]</label>
					</control>
					<control type="label">
						<left>90</left>
						<top>0</top>
						<width>1050</width>
						<height>60</height>
						<font>Regular17</font>
						<textcolor>grey2</textcolor>
						<selectedcolor>selected</selectedcolor>
						<align>right</align>
						<aligny>center</aligny>
						<label>$INFO[ListItem.Label2]</label>
					</control>
				</focusedlayout>
			</control>
			<control type="scrollbar" id="51360">
				<left>1296</left>
				<top>111</top>
				<include>scrollBarStyleDefaultWidth</include>
				<height>843</height>
				<onleft>513</onleft>
				<onright>noop</onright>
				<showonepage>false</showonepage>
				<visible>Control.IsVisible(513)</visible>
				<include>scrollBarStyleDefault</include>
			</control>
			<control type="group">
				<left>1365</left>
				<top>105</top>
				<visible>!ListItem.IsParentFolder</visible>
				<include>VisibleFadeEffect</include>
				<control type="image">
					<left>15</left>
					<top>0</top>
					<width>435</width>
					<height>360</height>
					<aspectratio aligny="bottom">keep</aspectratio>
					<fadetime>IconCrossfadeTime</fadetime>
					<texture background="true">$INFO[ListItem.Icon]</texture>
					<bordersize>12</bordersize>
				</control>
				<control type="label">
					<description>Description Header txt</description>
					<left>15</left>
					<top>360</top>
					<width>435</width>
					<height>38</height>
					<label>21821</label>
					<align>center</align>
					<aligny>center</aligny>
					<font>Regular19</font>
					<textcolor>blue</textcolor>
				</control>
				<control type="textbox">
					<description>Description Value for Album</description>
					<left>15</left>
					<top>408</top>
					<width>435</width>
					<height>447</height>
					<font>Light20</font>
					<align>justify</align>
					<pagecontrol></pagecontrol>
					<textcolor>white</textcolor>
					<label>$INFO[ListItem.Property(Album_Description)]</label>
					<autoscroll time="2000" delay="3000" repeat="5000">Skin.HasSetting(AutoScroll)</autoscroll>
				</control>
			</control>
		</control>
	</include>
	
	<include name="SongsView">
		<control type="group">
			<visible>Control.IsVisible(588)</visible>
			<include>VisibleFadeEffect</include>
			
			<control type="image">
				<left>108</left>
				<top>108</top>
				<width>300</width>
				<height>300</height>
				<aspectratio scalediffuse="false">scale</aspectratio>
				<texture diffuse="colors/diffuse/300x300-rounded.png">$VAR[PosterThumb]</texture>
				<fadetime>IconCrossfadeTime</fadetime>
			</control>
			
			<control type="label">
				<left>123</left>
				<top>408</top>
				<width>273</width>
				<height>80</height>
				<font>Light21</font>
				<textcolor>grey2</textcolor>
				<selectedcolor>selected</selectedcolor>
				<align>center</align>
				<aligny>center</aligny>
				
				<label>$INFO[ListItem.Year]$INFO[ListItem.Genre, [B]·[/B] ,]</label>
				
				<visible>True</visible>
				<include>VisibleFadeEffect</include>
			</control>
			
			<control type="panel" id="588">
				<!-- Fix for weird history focus scroll bug on window load (only Kodi 17?) workaround: change "list" to "panel" with no further changes -->
				<visible>Container.Content(Songs) | String.StartsWith(Container.FolderPath,playlistmusic://)</visible>
				<left>462</left>
				<top>108</top>
				<width>1620</width>
				<height>888</height>
				<onleft>2</onleft>
				<onright>60</onright>
				<onup>588</onup>
				<ondown>588</ondown>
				<viewtype label="Songs">list</viewtype>
				<pagecontrol>60</pagecontrol>
				<scrolltime tween="sine" easing="inout">325</scrolltime>
				<itemlayout width="1620" height="111">
					<control type="group">
						<animation effect="fade" end="93" time="0" condition="true">conditional</animation>
						<!-- title -->
						<control type="label">
							<left>32</left>
							<top>0</top>
							<width>1026</width>
							<height>112</height>
							<font>Regular22</font>
							<textcolor>white</textcolor>
							<selectedcolor>selected</selectedcolor>
							<align>left</align>
							<aligny>center</aligny>
							<label>$INFO[ListItem.Label]</label>
							<scroll>false</scroll>
						</control>
						<!-- label 2 -->
						<control type="label">
							<left>99</left>
							<top>0</top>
							<width>1120</width>
							<height>112</height>
							<font>Light18</font>
							<textcolor>grey2</textcolor>
							<selectedcolor>selected</selectedcolor>
							<align>right</align>
							<aligny>center</aligny>
							<label>$INFO[ListItem.Label2]</label>
						</control>
					</control>
				</itemlayout>
				<focusedlayout width="1620" height="111">
					<!-- focus border -->
					<control type="group">
						<control type="image">
							<left>0</left>
							<top>0</top>
							<width>1266</width>
							<texture border="26" colordiffuse="$VAR[accentColorDiffuseForNeutralTextures]">MenuItemFO-rounded-24px-neutral.png</texture>
							<visible>Control.HasFocus(588)</visible>
							<include>VisibleFadeEffect</include>
						</control>
						<include>EpisodesViewFocusAnimation</include>
					</control>
					<control type="group">
						<!-- title -->
						<control type="label">
							<left>32</left>
							<top>0</top>
							<width>1026</width>
							<height>112</height>
							<font>Regular22</font>
							<textcolor>white</textcolor>
							<selectedcolor>selected</selectedcolor>
							<align>left</align>
							<aligny>center</aligny>
							<label>$INFO[ListItem.Label]</label>
							<scroll>false</scroll>
						</control>
						<!-- label 2 -->
						<control type="label">
							<left>99</left>
							<top>0</top>
							<width>1120</width>
							<height>112</height>
							<font>Light18</font>
							<textcolor>white</textcolor>
							<selectedcolor>selected</selectedcolor>
							<align>right</align>
							<aligny>center</aligny>
							<label>$INFO[ListItem.Label2]</label>
						</control>
						<!-- label 2 -->
						<control type="label">
							<left>99</left>
							<top>0</top>
							<width>1120</width>
							<height>112</height>
							<font>Light18</font>
							<textcolor>grey2</textcolor>
							<selectedcolor>selected</selectedcolor>
							<align>right</align>
							<aligny>center</aligny>
							<label>$INFO[ListItem.Label2]</label>
							<include>FocusAnimationType2_Reverse</include>
						</control>
						<!-- label 2 -->
						<control type="label">
							<left>99</left>
							<top>0</top>
							<width>1120</width>
							<height>112</height>
							<font>Light18</font>
							<textcolor>white</textcolor>
							<selectedcolor>selected</selectedcolor>
							<align>right</align>
							<aligny>center</aligny>
							<label>$INFO[ListItem.Label2]</label>
							<include>FocusAnimationType2</include>
						</control>
					</control>
				</focusedlayout>
			</control>
			<control type="scrollbar" id="60">
				<left>1749</left>
				<top>108</top>
				<include>scrollBarStyleDefaultWidth</include>
				<height>888</height>
				<onleft>588</onleft>
				<onright>noop</onright>
				<showonepage>false</showonepage>
				<visible>Control.IsVisible(588)</visible>
				<include>scrollBarStyleDefault</include>
			</control>
		</control>
	</include>
</includes>
