﻿<?xml version="1.0" encoding="UTF-8" standalone="yes"?>
<addon id="script.duration_axbmcuser" name="Duration script (axbmcuser MOD)" version="0.3" provider-name="Twolaw, axbmcuser (MOD only)">
  <requires>
    <import addon="xbmc.python" version="2.14.0"/>
  </requires>
  <extension point="xbmc.python.script" library="default.py">
    <provides>executable</provides>
  </extension>
  <extension point="xbmc.addon.metadata">
    <summary lang="en">Duration converter from MMM to H:MM</summary>
    <description lang="en">Converts movie durations from format MMM to H:MM[CR]Example: 113 minutes will be converted to 1:53[CR][CR]Known supported Skins:[CR]A Confluence ZEITGEIST</description>
    <platform>all</platform>
  </extension>
</addon>
