<?xml version="1.0" encoding="UTF-8"?>
<window>
	<defaultcontrol always="true">900</defaultcontrol>
	
	<onload condition="Control.IsEnabled(9)">SetFocus(9)</onload>
	<onload condition="!Control.IsEnabled(9) + Control.IsEnabled(8)">SetFocus(8)</onload>
	<onload condition="!Control.IsEnabled(9) + !Control.IsEnabled(8)">SetFocus(900)</onload>
	
	<onload>ClearProperty(dialogaddoninfo_art_blurred,home)</onload>
	<onload>ClearProperty(dialogaddoninfo_art_color,home)</onload>
	<onload>ClearProperty(dialogaddoninfo_art_color_noalpha,home)</onload>
	<onunload>ClearProperty(dialogaddoninfo_art_blurred,home)</onunload>
	<onunload>ClearProperty(dialogaddoninfo_art_color,home)</onunload>
	<onunload>ClearProperty(dialogaddoninfo_art_color_noalpha,home)</onunload>
	
	<onload condition="!String.IsEmpty(ListItem.Icon) + System.HasAddon(service.listitem.helper)">RunScript(service.listitem.helper,action=blurimg,file='"$INFO[ListItem.Icon]"',prop=dialogaddoninfo_art,radius=30)</onload>
	
	<onunload>ClearProperty(set_focus_now,home)</onunload>
	
	<controls><!-- WRAPPER START --><control type="group"><centerleft>50%</centerleft><centertop>50%</centertop><width>1920</width><height>1080</height><!-- WRAPPER START -->
		
		<control type="label" id="234237">
			<label>$INFO[Window(Home).Property(dialogaddoninfo_art_blurred)]</label>
			<visible>false</visible>
		</control>
		<control type="group">
			<animation effect="fade" start="0" end="100" time="1000">WindowOpen</animation>
			<animation effect="fade" start="100" end="0" time="600">WindowClose</animation>

			<control type="image">
				<include>BackgroundDimensions</include>
				<texture>colors/black.png</texture>
			</control>
			<control type="image">
				<include>BackgroundDimensions</include>
				<aspectratio>scale</aspectratio>
				<texture>$INFO[Window(Home).Property(dialogaddoninfo_art_blurred)]</texture>
				<include>backgroundfade</include>
				<fadetime>FanartCrossfadeTime</fadetime>
				<visible>System.HasAddon(service.listitem.helper) + !String.IsEmpty(Control.GetLabel(234237))</visible>
			</control>
			<control type="image">
				<width>960</width>
				<height>1080</height>
				<texture>special://skin/backgrounds/mood_background_default2.png</texture>
				<animation effect="fade" end="65" condition="true" reversible="true">Conditional</animation>
			</control>
			<control type="image">
				<top>0</top>
				<left>960</left>
				<width>960</width>
				<height>1080</height>
				<texture>special://skin/backgrounds/mood_background_default2.png</texture>
				<animation effect="fade" end="65" condition="true" reversible="true">Conditional</animation>
			</control>
			
			
			
		</control>
		<control type="group">
			<left>226</left>
			<top>-44</top>
			<include>dialogeffect</include>
			
			<control type="image">
				<left>45</left>
				<top>105</top>
				<width>330</width>
				<height>330</height>
				<aspectratio>keep</aspectratio>
				<texture diffuse="colors/diffuse/330x330-rounded.png">$INFO[ListItem.Icon]</texture>
				<animation effect="fade" start="100" end="40" time="350" condition="Window.IsVisible(AddonSettings)">Conditional</animation>
			</control>
			<control type="image">
				<left>308</left>
				<top>387</top>
				<width>60</width>
				<height>36</height>
				<aspectratio>scale</aspectratio>
				<texture colordiffuse="ffd2d2d2">radiobutton.png</texture>
				<visible>String.IsEqual(Control.GetLabel(7),$LOCALIZE[24022]) + !String.IsEqual(Control.GetLabel(6),$LOCALIZE[24038])</visible>
				<include>VisibleFadeEffect</include>
			</control>
			<control type="image">
				<left>321</left>
				<top>381</top>
				<width>43</width>
				<height>43</height>
				<aspectratio>scale</aspectratio>
				<texture>DefaultAddonsUpdates-flag.png</texture>
				<visible>![String.IsEqual(Control.GetLabel(7),$LOCALIZE[24022]) + !String.IsEqual(Control.GetLabel(6),$LOCALIZE[24038])] + String.IsEqual(ListItem.Property(Addon.Status),$LOCALIZE[24068])</visible>
				<include>VisibleFadeEffect</include>
			</control>
			<control type="label">
				<description>Addon Title value</description>
				<left>450</left>
				<top>125</top>
				<width>885</width>
				<height>45</height>
				<align>left</align>
				<aligny>center</aligny>
				<font>Light28</font>
				<label>$INFO[ListItem.AddonName]</label>
				<textcolor>white</textcolor>
				<scroll>false</scroll>
			</control>
			
			<control type="image">
				<left>420</left>
				<top>105</top>
				<width>1000</width>
				<height>330</height>
				<texture colordiffuse="27111111" border="34">colors/white_border34.png</texture>
			</control>
			
			<control type="image">
				<left>420</left>
				<top>996</top>
				<width>1000</width>
				<height>90</height>
				<texture colordiffuse="cc111111" border="24">colors/white_border24.png</texture>
				<visible>Control.IsVisible(242424)</visible>
			</control>
			
			<control type="group">
				<left>405</left>
				<top>177</top>
				
				<control type="group">
					<top>12</top>
					<left>35</left>
					<control type="label">
						<description>Type txt</description>
						<left>17</left>
						<top>0</top>
						<width>208</width>
						<height>38</height>
						<label>$LOCALIZE[21870]/$LOCALIZE[146]</label>
						<align>left</align>
						<aligny>center</aligny>
						<font>Light20</font>
						<textcolor>grey</textcolor>
					</control>
					<control type="label">
						<description>Type Value</description>
						<left>240</left>
						<top>0</top>
						<width>700</width>
						<height>38</height>
						<label fallback="-">$INFO[ListItem.AddonOrigin,, / ]$INFO[ListItem.AddonType]</label>
						<align>left</align>
						<aligny>center</aligny>
						<font>Light20</font>
						<scroll>false</scroll>
						<textcolor>white2</textcolor>
					</control>
					<control type="label">
						<description>Author txt</description>
						<left>17</left>
						<top>45</top>
						<width>208</width>
						<height>38</height>
						<label>$LOCALIZE[21863]:</label>
						<align>left</align>
						<aligny>center</aligny>
						<font>Light20</font>
						<textcolor>grey</textcolor>
					</control>
					<control type="label">
						<description>Author Value</description>
						<left>240</left>
						<top>45</top>
						<width>700</width>
						<height>38</height>
						<label fallback="416">$INFO[ListItem.AddonCreator]</label>
						<align>left</align>
						<aligny>center</aligny>
						<font>Light20</font>
						<scroll>false</scroll>
						<textcolor>white2</textcolor>
					</control>
					<control type="label">
						<description>Version txt</description>
						<left>17</left>
						<top>90</top>
						<width>208</width>
						<height>38</height>
						<label>$LOCALIZE[24051]</label>
						<align>left</align>
						<aligny>center</aligny>
						<font>Light20</font>
						<textcolor>grey</textcolor>
					</control>
					<control type="label">
						<description>Version Value</description>
						<left>240</left>
						<top>90</top>
						<width>700</width>
						<height>38</height>
						<label fallback="416">$INFO[ListItem.AddonVersion]$VAR[AddonVersionUpdateAvailable]</label>
						<align>left</align>
						<aligny>center</aligny>
						<font>Light20</font>
						<scroll>false</scroll>
						<textcolor>white2</textcolor>
					</control>
					<control type="label">
						<description>Summary txt</description>
						<left>17</left>
						<top>135</top>
						<width>208</width>
						<height>38</height>
						<label>$LOCALIZE[20037]:</label>
						<align>left</align>
						<aligny>center</aligny>
						<font>Light20</font>
						<textcolor>grey</textcolor>
					</control>
					<control type="label">
						<description>Summary Value</description>
						<left>240</left>
						<top>135</top>
						<width>700</width>
						<height>38</height>
						<label fallback="416">$INFO[ListItem.AddonSummary]</label>
						<align>left</align>
						<aligny>center</aligny>
						<font>Light20</font>
						<scroll>false</scroll>
						<textcolor>white2</textcolor>
					</control>
					<control type="label">
						<description>Size txt</description>
						<left>17</left>
						<top>180</top>
						<width>208</width>
						<height>38</height>
						<label>$LOCALIZE[22031]:</label>
						<align>left</align>
						<aligny>center</aligny>
						<font>Light20</font>
						<textcolor>grey</textcolor>
					</control>
					<control type="label">
						<description>Size Value</description>
						<left>240</left>
						<top>180</top>
						<width>700</width>
						<height>38</height>
						<label fallback="-">$INFO[ListItem.AddonSize]</label>
						<align>left</align>
						<aligny>center</aligny>
						<font>Light20</font>
						<scroll>false</scroll>
						<textcolor>white2</textcolor>
					</control>
				</control>
				
				
				
				<!-- Broken or Orphaned info -->
				<control type="group" id="242424">
					<visible>!String.IsEmpty(ListItem.AddonBroken) | !String.IsEmpty(ListItem.AddonLifecycleDesc) | String.IsEqual(ListItem.Property(Addon.Status),$LOCALIZE[24995])</visible>
					<left>0</left>
					<top>810</top>
					<control type="image">
						<left>43</left>
						<top>29</top>
						<width>50</width>
						<height>50</height>
						<texture>$VAR[DialogAddonInfoTopMessageIcon]</texture>
					</control>
					<!-- line 1/2 -->
					<control type="label">
						<left>106</left>
						<top>19</top>
						<width>888</width>
						<font>Light18</font>
						<label>$VAR[DialogAddonInfoTopMessageText1]</label>
						<textcolor>selected</textcolor>
						<visible>!String.IsEmpty(ListItem.AddonBroken) | !String.IsEmpty(ListItem.AddonLifecycleDesc)</visible>
					</control>
					<!-- line 2/2 -->
					<control type="label">
						<left>106</left>
						<top>50</top>
						<width>888</width>
						<font>Light18</font>
						<label>$VAR[DialogAddonInfoTopMessageText2]</label>
						<textcolor>selected</textcolor>
						<visible>!String.IsEmpty(ListItem.AddonBroken) | !String.IsEmpty(ListItem.AddonLifecycleDesc)</visible>
					</control>
					<!-- 1 line only (valigned) -->
					<control type="label">
						<left>106</left>
						<top>34</top>
						<width>888</width>
						<font>Light18</font>
						<label>$VAR[DialogAddonInfoTopMessageText1]</label>
						<textcolor>grey2</textcolor>
						<visible>String.IsEqual(ListItem.Property(Addon.Status),$LOCALIZE[24995])</visible>
					</control>
				</control>
				
				
				
				<control type="group">
					<top>48</top>
					
					<control type="textbox" id="401">
						<description>Description</description>
						<left>16</left>
						<top>249</top>
						<width>960</width>
						<height>528</height>
						<font>Light19+</font>
						<align>left</align>
						<textcolor>white</textcolor>
						<label>$VAR[AddonInfoDescription]</label>
						<pagecontrol>60</pagecontrol>
						<visible>!Control.IsVisible(242424)</visible>
					</control>
					<control type="textbox" id="401">
						<description>Description</description>
						<left>16</left>
						<top>249</top>
						<width>960</width>
						<height>493</height>
						<font>Light19+</font>
						<align>left</align>
						<textcolor>white</textcolor>
						<label>$VAR[AddonInfoDescription]</label>
						<pagecontrol>61</pagecontrol>
						<visible>Control.IsVisible(242424)</visible>
					</control>
					
					
					<control type="scrollbar" id="60">
						<left>1006</left>
						<top>258</top>
						<include>scrollBarStyleDefaultWidth</include>
						<height>522</height>
						<onleft>900</onleft>
						<onright>noop</onright>
						<showonepage>false</showonepage>
						<include>scrollBarStyleDefault</include>
						<visible>!Control.IsVisible(242424)</visible>
					</control>
					<control type="scrollbar" id="61">
						<left>1006</left>
						<top>258</top>
						<include>scrollBarStyleDefaultWidth</include>
						<height>484</height>
						<onleft>900</onleft>
						<onright>noop</onright>
						<showonepage>false</showonepage>
						<include>scrollBarStyleDefault</include>
						<visible>Control.IsVisible(242424)</visible>
					</control>
					
				</control>
			</control>
			<control type="grouplist" id="900">
				<left>45</left>
				<top>480</top>
				<width>330</width>
				<onleft>noop</onleft>
				<onright condition="Control.IsVisible(60)">60</onright>
				<onright condition="Control.IsVisible(61)">61</onright>
				<onup>noop</onup>
				<ondown>noop</ondown>
				<itemgap>3</itemgap>
				<control type="button" id="9">
					<description>Configure Addon</description>
					<width>330</width>
					<height>72</height>
					<label>24020</label>
					<align>center</align>
					<font>Regular21</font>
				</control>
				<control type="button" id="8">
					<description>Update Addon button</description>
					<width>330</width>
					<height>72</height>
					<label>$VAR[AddonUpdateButtonLabelKodi1718]</label>
					<align>center</align>
					<font>Regular21</font>
				</control>
				<!-- Kodi 19+ versions button -->
				<!--
				<control type="button" id="14">
					<description>Versions button</description>
					<width>330</width>
					<height>72</height>
					<label>19114</label>
					<align>center</align>
					<font>Regular21</font>
				</control>
				-->
				<control type="radiobutton" id="13">
					<description>Auto-update button</description>
					<width>330</width>
					<height>72</height>
					<label>21340</label>
					<align>right</align>
					<font>Regular21</font>
					
					<textoffsetx>72</textoffsetx>
					<textwidth>243</textwidth>
					
				</control>
				<control type="button" id="12">
					<description>Launch Addon button</description>
					<width>330</width>
					<height>72</height>
					<label>518</label>
					<align>center</align>
					<font>Regular21</font>
				</control>
				<control type="button" id="6">
					<description>Install/UnInstall Addon button</description>
					<width>330</width>
					<height>72</height>
					<label></label>
					<align>center</align>
					<font>Regular21</font>
				</control>
				<control type="button" id="7">
					<description>Enable/Disable Addon button</description>
					<width>330</width>
					<height>72</height>
					<label></label>
					<align>center</align>
					<font>Regular21</font>
				</control>
				<control type="button" id="10">
					<description>Changelog button</description>
					<width>330</width>
					<height>72</height>
					<label>24036</label>
					<align>center</align>
					<font>Regular21</font>
					
					<onclick condition="!String.IsEmpty(ListItem.AddonNews)">SetProperty(TextViewer_Header,$ESCINFO[ListItem.AddonName,, – $LOCALIZE[24036]],home)</onclick>
					<onclick condition="!String.IsEmpty(ListItem.AddonNews)">SetProperty(TextViewer_Text_Pre,,home)</onclick>
					<onclick condition="!String.IsEmpty(ListItem.AddonNews)">SetProperty(TextViewer_Text,$ESCINFO[ListItem.AddonNews],home)</onclick>
					<onclick condition="!String.IsEmpty(ListItem.AddonNews)">ActivateWindow(1102)</onclick>
					<enable>!String.IsEmpty(ListItem.AddonNews)</enable>
				</control>
				
				<!-- Kodi 18+ dependencies button -->
				<!--
				<control type="button" id="10">
					<description>Dependencies button</description>
					<width>330</width>
					<height>72</height>
					<label>39024</label>
					<align>center</align>
					<font>Regular21</font>
				</control>
				-->
				
			</control>
		</control>
		
	<include condition="Skin.HasSetting(EnableSkinDebugOutput)">DebugOverlay</include><!-- WRAPPER STOP --></control><!-- WRAPPER STOP --></controls>
</window>
