<?xml version="1.0" encoding="UTF-8"?>
<window>
	<defaultcontrol always="true">52</defaultcontrol>
	
	<onload>CancelAlarm(ShutdownInProgressCancelIfNotWorking,silent)</onload>
	<onload>ClearProperty(ShutdownInProgressText,home)</onload>
	
	<onload>SetProperty(ExperimentalStartScreenDone,,home)</onload>
	<onload>SetProperty(ExperimentalStartScreenDoneDelayed,,home)</onload>
	<onload>CancelAlarm(ExperimentalStartScreenAlarm1,silent)</onload>
	<onload>CancelAlarm(ExperimentalStartScreenAlarm2,silent)</onload>
	<onload>CancelAlarm(ExperimentalStartScreenAlarm3,silent)</onload>
	
	<animation effect="fade" time="2000">WindowOpen</animation>
	<animation effect="fade" time="750">WindowClose</animation>
	
	<controls>
		
		<control type="group">
			
			<include>ContentPanelBackgrounds</include>
			
			
			<control type="group">
				<top>60</top>
				
				<animation effect="slide" start="0,0" end="0,180" time="0" condition="Integer.IsEqual(Container(52).NumItems,1)">conditional</animation>
				<animation effect="slide" start="0,0" end="0,135" time="0" condition="Integer.IsEqual(Container(52).NumItems,2)">conditional</animation>
				<animation effect="slide" start="0,0" end="0,90" time="0" condition="Integer.IsEqual(Container(52).NumItems,3)">conditional</animation>
				
				<control type="label">
					<left>443</left>
					<top>150</top>
					<width>1035</width>
					<height>60</height>
					<font>Light26</font>
					<textcolor>selected</textcolor>
					<align>center</align>
					<aligny>center</aligny>
					<label>$LOCALIZE[31421]</label>
				</control>
				<control type="list" id="52">
					<left>443</left>
					<top>255</top>
					<width>1035</width>
					<height>602</height>
					<onleft>noop</onleft>
					<onup>20</onup>
					<onright>60</onright>
					<ondown>noop</ondown>
					<viewtype label="535">list</viewtype>
					<pagecontrol>60</pagecontrol>
					<include>StandardScrollTime</include>
					<itemlayout height="150" width="1035">
						<control type="image">
							<left>19</left>
							<top>15</top>
							<width>113</width>
							<height>113</height>
							<texture>$INFO[ListItem.Icon]</texture>
							<aspectratio>keep</aspectratio>
							<animation effect="fade" end="70" time="0" condition="true">Conditional</animation>
						</control>
						<control type="label">
							<left>165</left>
							<top>15</top>
							<width>870</width>
							<height>60</height>
							<font>Regular24</font>
							<textcolor>grey2</textcolor>
							<selectedcolor>selected</selectedcolor>
							<align>left</align>
							<aligny>center</aligny>
							<label>$INFO[ListItem.Label]</label>
						</control>
						<control type="label">
							<left>165</left>
							<top>75</top>
							<width>870</width>
							<height>38</height>
							<font>Light20</font>
							<textcolor>grey2</textcolor>
							<selectedcolor>selected</selectedcolor>
							<align>left</align>
							<aligny>center</aligny>
							<label>$INFO[ListItem.Label2]</label>
						</control>
					</itemlayout>
					<focusedlayout height="150" width="870">
						<control type="image">
							<left>0</left>
							<top>0</top>
							<width>1035</width>
							<height>143</height>
							<texture border="14">button-focus.png</texture>
							<visible>Control.HasFocus(52)</visible>
							<include>VisibleFadeEffect</include>
							<include>FocusAnimationType1</include>
						</control>
						<control type="image">
							<left>19</left>
							<top>15</top>
							<width>113</width>
							<height>113</height>
							<texture>$INFO[ListItem.Icon]</texture>
							<aspectratio>keep</aspectratio>
						</control>
						<control type="label">
							<left>165</left>
							<top>15</top>
							<width>870</width>
							<height>60</height>
							<font>Regular24</font>
							<textcolor>white</textcolor>
							<selectedcolor>selected</selectedcolor>
							<align>left</align>
							<aligny>center</aligny>
							<label>$INFO[ListItem.Label]</label>
						</control>
						<control type="label">
							<left>165</left>
							<top>75</top>
							<width>870</width>
							<height>38</height>
							<font>Light20</font>
							<textcolor>grey</textcolor>
							<selectedcolor>selected</selectedcolor>
							<align>left</align>
							<aligny>center</aligny>
							<label>$INFO[ListItem.Label2]</label>
						</control>
					</focusedlayout>
				</control>
				<control type="scrollbar" id="60">
					<left>1503</left>
					<top>255</top>
					<include>scrollBarStyleDefaultWidth</include>
					<height>593</height>
					<onleft>52</onleft>
					<onup>noop</onup>
					<onright>noop</onright>
					<ondown>noop</ondown>
					<showonepage>false</showonepage>
					<include>scrollBarStyleDefault</include>
				</control>
			</control>
			
			
			
			
			
			
			<control type="group">
				<left>924</left>
				<top>15</top>
				<control type="button" id="20">
					<description>Power push button</description>
					<left>0</left>
					<top>0</top>
					<width>69</width>
					<height>69</height>
					<label></label>
					<font></font>
					<onclick>ActivateWindow(ShutdownMenu)</onclick>
					<texturefocus>osd/buttons/_FO.png</texturefocus>
					<texturenofocus></texturenofocus>
					<onleft>noop</onleft>
					<onright>noop</onright>
					<onup>noop</onup>
					<ondown>52</ondown>
					<colordiffuse>CCFFFFFF</colordiffuse>
				</control>
				<control type="image">
					<description>Power Icon</description>
					<left>10</left>
					<top>10</top>
					<width>49</width>
					<height>49</height>
					<aspectratio>keep</aspectratio>
					<texture>icon_power_uhd.png</texture>
					<animation effect="fade" end="55" time="0" condition="true">Conditional</animation>
					<visible>!Control.HasFocus(20)</visible>
				</control>
				<control type="image">
					<description>Power Icon</description>
					<left>10</left>
					<top>10</top>
					<width>49</width>
					<height>49</height>
					<aspectratio>keep</aspectratio>
					<texture>icon_power_uhd.png</texture>
					<visible>Control.HasFocus(20)</visible>
				</control>
			</control>
			
			
		</control>
		
		
	</controls>
</window>
