<?xml version="1.0" encoding="UTF-8"?>
<window>
	<defaultcontrol></defaultcontrol>
	<onload condition="!String.IsEmpty(Window(home).Property(OSDinfodialogButtonActive))">ClearProperty(OSDinfodialogButtonActive,home)</onload>
	<onload condition="!String.IsEmpty(Player.Art(poster))">SetProperty(PlayerArtPosterTemp,"$INFO[Player.Art(poster)]",home)</onload>
	<controls>
		<!-- media infos -->
		<control type="group" id="1">
			<control type="group" id="1">
				<!-- FADEOUT TOP -->
				<control type="image" id="1">
					<left>-30</left>
					<top>-150</top>
					<width>1980</width>
					<height>270</height>
					<texture flipy="true" border="1">HomeNowPlayingBack.png</texture>
					<animation effect="fade" end="65" time="0" condition="true">Conditional</animation>
				</control>
				<visible>[!String.IsEmpty(Player.SeekNumeric) | Window.IsVisible(SeekBar) | Player.ShowInfo | Window.IsActive(VideoOSD)] 
					+ !Window.IsVisible(SliderDialog)</visible>
				<animation effect="fade" end="100" time="700">Visible</animation>
				<animation effect="fade" end="0" time="150">Hidden</animation>
			</control>
			<control type="group" id="1">
				<depth>DepthOSD</depth>
				<visible>[Window.IsVisible(SeekBar) | Player.ShowInfo | Window.IsActive(VideoOSD)] 
									+ !Window.IsVisible(SliderDialog)
									
									+ [[String.IsEmpty(Window(home).Property(PlayBackJustStarted)) + String.IsEmpty(Window(home).Property(PlayBackJustEnded))] | VideoPlayer.Content(LiveTV) | Window.IsActive(VideoOSD)]
									
									</visible>
				<animation effect="fade" end="100" time="700">Visible</animation>
				<animation effect="fade" end="0" time="150">Hidden</animation>
				<control type="group" id="1">
					<control type="group" id="1">
						<control type="group" id="1">
							<control type="image" id="1">
								<left>30</left>
								<top>14</top>
								<width>30</width>
								<height>30</height>
								<texture>_added_img/playlist_icon_large.png</texture>
								<aspectratio>keep</aspectratio>
							</control>
							<control type="label" id="1">
								<left>72</left>
								<top>9</top>
								<width>1500</width>
								<height>39</height>
								<align>left</align>
								<aligny>center</aligny>
								<font>Light20</font>
								<textcolor>white</textcolor>
								<label>$INFO[Playlist.Position(video)]$INFO[Playlist.Length(video),/]</label>
							</control>
							<visible>Integer.IsGreater(Playlist.Length(video),1) + Integer.IsGreater(Playlist.Position(video),0) + !VideoPlayer.Content(LiveTV)</visible>
						</control>
						<visible>Window.IsActive(VideoOSD)</visible>
						<include>FullScreenInfoVisibleAnimations</include>
					</control>
					<control type="group" id="1">
						<control type="group" id="1">
							<animation effect="slide" start="0,0" end="117,0" time="0" condition="Integer.IsGreater(Playlist.Length(video),1) + Integer.IsGreater(Playlist.Position(video),0)">conditional</animation>
							<animation effect="slide" start="0,0" end="15,0" time="0" condition="Integer.IsGreater(Playlist.Length(video),1) + Integer.IsGreater(Playlist.Position(video),0) + Integer.IsGreater(Playlist.Position(video),9)">conditional</animation>
							<animation effect="slide" start="0,0" end="15,0" time="0" condition="Integer.IsGreater(Playlist.Length(video),1) + Integer.IsGreater(Playlist.Position(video),0) + Integer.IsGreater(Playlist.Length(video),9)">conditional</animation>
							<animation effect="slide" start="0,0" end="15,0" time="0" condition="Integer.IsGreater(Playlist.Length(video),1) + Integer.IsGreater(Playlist.Position(video),0) + Integer.IsGreater(Playlist.Position(video),99)">conditional</animation>
							<animation effect="slide" start="0,0" end="15,0" time="0" condition="Integer.IsGreater(Playlist.Length(video),1) + Integer.IsGreater(Playlist.Position(video),0) + Integer.IsGreater(Playlist.Length(video),99)">conditional</animation>
							<animation effect="slide" start="0,0" end="15,0" time="0" condition="Integer.IsGreater(Playlist.Length(video),1) + Integer.IsGreater(Playlist.Position(video),0) + Integer.IsGreater(Playlist.Position(video),999)">conditional</animation>
							<animation effect="slide" start="0,0" end="15,0" time="0" condition="Integer.IsGreater(Playlist.Length(video),1) + Integer.IsGreater(Playlist.Position(video),0) + Integer.IsGreater(Playlist.Length(video),999)">conditional</animation>
							<control type="image" id="1">
								<left>21</left>
								<top>12</top>
								<width>36</width>
								<height>36</height>
								<texture>_added_img/chapters_bookmarks_icon.png</texture>
								<aspectratio>keep</aspectratio>
							</control>
							<control type="label" id="1">
								<description>Chapter Count Header label</description>
								<left>60</left>
								<top>9</top>
								<width>1500</width>
								<height>39</height>
								<align>left</align>
								<aligny>center</aligny>
								<font>Light20</font>
								<textcolor>white</textcolor>
								<label>$VAR[PlayerChapter]$VAR[PlayerChapterCount,/]</label>
							</control>
							<visible>Player.ChapterCount + Integer.IsGreater(Player.Chapter,0) + Integer.IsGreater(Player.ChapterCount,1) + !VideoPlayer.Content(LiveTV)</visible>
						</control>
						<visible>Window.IsActive(VideoOSD)</visible>
						<include>FullScreenInfoVisibleAnimations</include>
					</control>
				</control>
				<include>FullScreenClock</include>
				<!-- FADEOUT BOTTOM -->
				<control type="image" id="1">
					<left>-30</left>
					<top>387r</top>
					<width>1980</width>
					<height>390</height>
					<texture border="1">HomeNowPlayingBack.png</texture>
					<animation effect="fade" end="93" time="0" condition="true">Conditional</animation>
				</control>
				<!-- POSTER / IMAGE / ICON -->
				<!-- Episodes -->
				<!-- Episode + poster reduced -->
				<control type="image" id="1">
					<depth>DepthOSDPopout</depth>
					<description>cover image</description>
					<left>357</left>
					<top>372r</top>
					<width>114</width>
					<height>171</height>
					<texture diffuse="colors/diffuse/114x171-rounded.png">$VAR[TvShowEpisodePlayerArt]</texture>
					<aspectratio scalediffuse="false">scale</aspectratio>
					<visible>VideoPlayer.Content(Episodes) 
									+ [!String.IsEmpty(Player.Art(season.poster)) | !String.IsEmpty(Player.Art(tvshow.poster))] 
									+ ![VideoPlayer.Content(Movies) | VideoPlayer.Content(LiveTV)] + Window.IsVisible(VideoOSD)</visible>
					<include>FullScreenInfoVisibleAnimations</include>
				</control>
				<!-- Videos -->
				<!-- Video reduced (! Reduced: Only show for PVR Recordings (informational purpose), otherwise show no video thumbnail to avoid bad visuals -->
				<control type="image" id="1">
					<depth>DepthOSDPopout</depth>
					<left>291</left>
					<top>378r</top>
					<width>180</width>
					<height>180</height>
					<texture border="10" colordiffuse="FF000000">colors/white_border10.png</texture>
					<visible>PVR.IsPlayingRecording + [
										!VideoPlayer.Content(Episodes) 
										| [VideoPlayer.Content(Episodes) + String.IsEmpty(Player.Art(season.poster)) 
											+ String.IsEmpty(Player.Art(tvshow.poster))] 
										]
										+ ![VideoPlayer.Content(Movies) | VideoPlayer.Content(LiveTV)] + Window.IsVisible(VideoOSD)</visible>
					<include>FullScreenInfoVisibleAnimations50</include>
				</control>
				<control type="image" id="1">
					<depth>DepthOSDPopout</depth>
					<description>cover image</description>
					<left>300</left>
					<top>369r</top>
					<width>162</width>
					<height>162</height>
					<texture fallback="DefaultPVRChannels.png">$INFO[Player.Art(thumb)]</texture>
					<aspectratio align="center" aligny="center">keep</aspectratio>
					<visible>PVR.IsPlayingRecording + [
										!VideoPlayer.Content(Episodes) 
										| [VideoPlayer.Content(Episodes) + String.IsEmpty(Player.Art(season.poster)) 
											+ String.IsEmpty(Player.Art(tvshow.poster))] 
										]
										+ ![VideoPlayer.Content(Movies) | VideoPlayer.Content(LiveTV)] + Window.IsVisible(VideoOSD)</visible>
					<include>FullScreenInfoVisibleAnimations</include>
				</control>
				<!-- MOVIES: Show player poster or thumb -->
				<!-- movie + poster reduced -->
				<control type="image" id="1">
					<depth>DepthOSDPopout</depth>
					<description>Movie cover image</description>
					<left>357</left>
					<top>372r</top>
					<width>114</width>
					<height>171</height>
					<texture diffuse="colors/diffuse/114x171-rounded.png">$INFO[Player.Art(poster)]</texture>
					<aspectratio scalediffuse="false">scale</aspectratio>
					<visible>VideoPlayer.Content(Movies) + !String.IsEmpty(Player.Art(poster)) + Window.IsVisible(VideoOSD)</visible>
					<include>FullScreenInfoVisibleAnimations</include>
				</control>
				<!-- LiveTV icon reduced -->
				<control type="image" id="1">
					<depth>DepthOSDPopout</depth>
					<left>291</left>
					<top>378r</top>
					<width>180</width>
					<height>180</height>
					<texture border="10" colordiffuse="FF000000">colors/white_border10.png</texture>
					<visible>VideoPlayer.Content(LiveTV)</visible>
					<animation effect="fade" end="50" time="0" condition="true">Conditional</animation>
				</control>
				<control type="image" id="1">
					<depth>DepthOSDPopout</depth>
					<description>Picon image</description>
					<left>300</left>
					<top>369r</top>
					<width>162</width>
					<height>162</height>
					<texture fallback="DefaultPVRChannels.png">$INFO[Player.Art(thumb)]</texture>
					<aspectratio align="center" aligny="center">keep</aspectratio>
					<visible>VideoPlayer.Content(LiveTV)</visible>
					<fadetime>75</fadetime>
				</control>
				<!-- AUDIO CODEC -->
				<control type="group" id="1">
					<left>354</left>
					<top>104r</top>
					<width>126</width>
					<height>54</height>
					<control type="image" id="1">
						<description>Audio Codec Image</description>
						<width>126</width>
						<height>54</height>
						<aspectratio align="left">keep</aspectratio>
						<texture>$INFO[VideoPlayer.AudioCodec,flagging/audio/codecs/,.png]</texture>
						<include>FullScreenInfoFlaggingTransparencyText</include>
						<fadetime>150</fadetime>
					</control>
					<visible>!String.IsEmpty(VideoPlayer.AudioCodec) + Skin.HasSetting(ReducedFullScreenInfoOSDAudioCodec) + Window.IsVisible(VideoOSD) + !Player.ChannelPreviewActive</visible>
					<animation effect="fade" end="100" time="0" condition="true">Conditional</animation>
					<include>VisibleFadeEffect</include>
				</control>
				<control type="group" id="1">
					<left>507</left>
					<top>393r</top>
					<!-- NOW RECORDING ICON -->
					<control type="image" id="1">
						<top>162</top>
						<left>-69</left>
						<width>33</width>
						<height>33</height>
						<aspectratio align="center" aligny="center">keep</aspectratio>
						<texture>PVR-IsRecording.png</texture>
						<visible>VideoPlayer.Content(LiveTV) + Player.Recording + !Player.ChannelPreviewActive</visible>
						<animation effect="fade" start="0" end="100" time="3000" pulse="true" reversible="true" condition="true" tween="sine" easing="out">conditional</animation>
					</control>
					<control type="label" id="1">
						<description>TV Show label</description>
						<left>3</left>
						<top>114</top>
						<width>1200</width>
						<height>38</height>
						<align>left</align>
						<font>Light17</font>
						<label>$INFO[VideoPlayer.TVShowTitle][COLOR=grey2]$INFO[VideoPlayer.Season,   S,]$INFO[VideoPlayer.Episode, E,][/COLOR]</label>
						<textcolor>grey</textcolor>
						<visible>Window.IsActive(VideoOSD) + [VideoPlayer.Content(Episodes) | !String.IsEmpty(VideoPlayer.TVShowTitle)]</visible>
						<include>FullScreenInfoVisibleAnimations</include>
					</control>
					<control type="label" id="1">
						<description>Music Info label</description>
						<left>3</left>
						<top>114</top>
						<width>1200</width>
						<height>38</height>
						<align>left</align>
						<font>Light17</font>
						<label>$INFO[VideoPlayer.Artist]$INFO[VideoPlayer.Album, – ]$INFO[VideoPlayer.Year, (,)]</label>
						<textcolor>grey</textcolor>
						<visible>Window.IsActive(VideoOSD) + VideoPlayer.Content(MusicVideos)</visible>
						<include>FullScreenInfoVisibleAnimations</include>
					</control>
					<control type="label" id="1">
						<description>LiveTV Info label</description>
						<left>3</left>
						<top>114</top>
						<width>1200</width>
						<height>38</height>
						<align>left</align>
						<font>Light17</font>
						<label>$INFO[VideoPlayer.ChannelNumberLabel,[COLOR=blue],[/COLOR]    ]$INFO[VideoPlayer.ChannelName]</label>
						<textcolor>grey</textcolor>
						<visible>VideoPlayer.Content(LiveTV) | PVR.IsPlayingRecording</visible>
					</control>
					<!-- LARGE TITLE -->
					<control type="label" id="1">
						<left>3</left>
						<top>153</top>
						<include>FullScreenInfoTitleWidthReduced</include>
						<!-- also includes visible animation -->
						<height>45</height>
						<font>Light30</font>
						<align>left</align>
						<aligny>center</aligny>
						<label>$VAR[VideoFullScreenTitle]</label>
						<textcolor>orange</textcolor>
						<scroll>false</scroll>
						<visible>VideoPlayer.Content(LiveTV) | PVR.IsPlayingRecording | Window.IsActive(VideoOSD)</visible>
					</control>
					<control type="grouplist" id="1">
						<left>-276</left>
						<top>210</top>
						<width>1080</width>
						<height>54</height>
						<itemgap>0</itemgap>
						<orientation>horizontal</orientation>
						<animation effect="slide" start="0,0" end="126,0" time="0" condition="String.IsEmpty(VideoPlayer.SubtitlesLanguage) | String.IsEqual(Control.GetLabel(12345),) | !VideoPlayer.SubtitlesEnabled">conditional</animation>
						<!--   DEV INFO: "String.IsEqual(Control.GetLabel(12345),)"   is a substitute for   "String.IsEmpty(VideoPlayer.AudioLanguage)"   -->
						<!-- if no audio track + no subs -->
						<animation effect="slide" start="0,0" end="126,0" time="0" condition="[String.IsEmpty(VideoPlayer.SubtitlesLanguage) | !VideoPlayer.SubtitlesEnabled] + String.IsEqual(Control.GetLabel(12345),)">conditional</animation>
						<!--   DEV INFO: "String.IsEqual(Control.GetLabel(12345),)"   is a substitute for   "String.IsEmpty(VideoPlayer.AudioLanguage)"   -->
						<animation effect="slide" start="0,0" end="-84,0" time="0" condition="Skin.HasSetting(ReducedFullScreenInfoOSDVideoResolution) + Window.IsVisible(VideoOSD)">conditional</animation>
						<animation effect="slide" start="0,0" end="-84,0" time="0" condition="Skin.HasSetting(ReducedFullScreenInfoOSDAudioChannels) + !String.IsEmpty(VideoPlayer.AudioChannels) + Window.IsVisible(VideoOSD)">conditional</animation>
						<!-- VIDEO RESOLUTION -->
						<control type="group" id="1">
							<width>84</width>
							<height>54</height>
							<control type="image" id="1">
								<width>72</width>
								<height>54</height>
								<texture border="6" colordiffuse="f9FFFFFF">flagging/blank.png</texture>
								<include>FullScreenInfoFlaggingTransparencyBackground</include>
							</control>
							<control type="image" id="1">
								<description>Video Resolution Image</description>
								<width>84</width>
								<height>54</height>
								<aspectratio align="left">keep</aspectratio>
								<texture fallback="flagging/video/fallback.png">$INFO[VideoPlayer.VideoResolution,flagging/video/resolutions/,.png]</texture>
								<include>FullScreenInfoFlaggingTransparencyText</include>
							</control>
							<visible>Skin.HasSetting(ReducedFullScreenInfoOSDVideoResolution) + Window.IsVisible(VideoOSD) + !Player.ChannelPreviewActive</visible>
							<include>FullScreenInfoFlaggingTransparencyGlobal</include>
							<include>FullScreenInfoVisibleAnimationsNoFadeOut</include>
						</control>
						<!-- AUDIO CHANNELS -->
						<control type="group" id="1">
							<width>84</width>
							<height>54</height>
							<control type="image" id="1">
								<width>72</width>
								<height>54</height>
								<texture border="6" colordiffuse="f9FFFFFF">flagging/blank.png</texture>
								<include>FullScreenInfoFlaggingTransparencyBackground</include>
							</control>
							<control type="image" id="1">
								<description>Audio Channels Image</description>
								<width>84</width>
								<height>54</height>
								<aspectratio align="left">keep</aspectratio>
								<texture>$INFO[VideoPlayer.AudioChannels,flagging/audio/channels/,.png]</texture>
								<include>FullScreenInfoFlaggingTransparencyText</include>
							</control>
							<visible>!String.IsEmpty(VideoPlayer.AudioChannels) + Skin.HasSetting(ReducedFullScreenInfoOSDAudioChannels) + Window.IsVisible(VideoOSD) + !Player.ChannelPreviewActive</visible>
							<include>FullScreenInfoFlaggingTransparencyGlobal</include>
							<include>FullScreenInfoVisibleAnimationsNoFadeOut</include>
						</control>
						<!-- SUBTITLE LANGUAGE -->
						<control type="group" id="1">
							<width>126</width>
							<height>54</height>
							<control type="image" id="1">
								<width>114</width>
								<height>54</height>
								<texture border="6" colordiffuse="f9FFFFFF">flagging/blank.png</texture>
								<include>FullScreenInfoFlaggingTransparencyBackground</include>
							</control>
							<control type="image" id="1">
								<width>114</width>
								<height>54</height>
								<texture>flagging/SubLang.png</texture>
								<include>FullScreenInfoFlaggingTransparencyText</include>
							</control>
							<control type="label" id="1">
								<left>48</left>
								<top>3</top>
								<width>72</width>
								<height>54</height>
								<font>Light20</font>
								<align>left</align>
								<label>[LOWERCASE]$VAR[VideoPlayerSubtitlesLanguage][/LOWERCASE]</label>
								<textcolor>white</textcolor>
								<include>FullScreenInfoFlaggingTransparencyText</include>
							</control>
							<include>FullScreenInfoFlaggingTransparencyGlobal</include>
							<visible>[ ![String.IsEmpty(VideoPlayer.SubtitlesLanguage) | Player.ChannelPreviewActive] + VideoPlayer.SubtitlesEnabled + !Skin.HasSetting(ReducedFullScreenInfoOSDReduceMore) ] | [ ![String.IsEmpty(VideoPlayer.SubtitlesLanguage) | Player.ChannelPreviewActive] + VideoPlayer.SubtitlesEnabled + Window.IsVisible(VideoOSD) + Skin.HasSetting(ReducedFullScreenInfoOSDReduceMore) ]</visible>
							<include>FullScreenInfoVisibleAnimationsNoFadeOut</include>
						</control>
						<!-- AUDIO LANGUAGE -->
						<control type="group" id="1">
							<width>126</width>
							<height>54</height>
							<control type="image" id="1">
								<width>114</width>
								<height>54</height>
								<texture border="6" colordiffuse="f9FFFFFF">flagging/blank.png</texture>
								<include>FullScreenInfoFlaggingTransparencyBackground</include>
							</control>
							<control type="image" id="1">
								<description>Audio Language Image</description>
								<width>114</width>
								<height>54</height>
								<texture>flagging/AudioLang.png</texture>
								<include>FullScreenInfoFlaggingTransparencyText</include>
							</control>
							<!-- dummy audio language var -->
							<control type="label" id="12345">
								<label>$VAR[VideoPlayerAudioLanguage]</label>
								<visible>false</visible>
							</control>
							<control type="label" id="1">
								<left>45</left>
								<top>3</top>
								<width>72</width>
								<height>54</height>
								<font>Light20</font>
								<align>left</align>
								<label>[LOWERCASE]$VAR[VideoPlayerAudioLanguage][/LOWERCASE]</label>
								<textcolor>white</textcolor>
								<include>FullScreenInfoFlaggingTransparencyText</include>
							</control>
							<include>FullScreenInfoFlaggingTransparencyGlobal</include>
							<visible>[ ![   String.IsEqual(Control.GetLabel(12345),)   | Player.ChannelPreviewActive] + !Skin.HasSetting(ReducedFullScreenInfoOSDReduceMore) ] | [ ![   String.IsEqual(Control.GetLabel(12345),)   | Player.ChannelPreviewActive] + Window.IsVisible(VideoOSD) + Skin.HasSetting(ReducedFullScreenInfoOSDReduceMore) ]</visible>
							<include>FullScreenInfoVisibleAnimationsNoFadeOut</include>
						</control>
					</control>
					<control type="group" id="1">
						<left>1335</left>
						<top>156</top>
						<width>54</width>
						<height>54</height>
						<animation effect="fade" end="85" time="0" condition="true">Conditional</animation>
						<control type="image" id="1">
							<description>Stinger icon</description>
							<left>0</left>
							<width>54</width>
							<height>54</height>
							<aspectratio aligny="bottom">keep</aspectratio>
							<texture background="true">_added_img/stinger_scene.png</texture>
							<visible>!String.IsEmpty(Window(home).Property(CinemaHelper.player.movieHasPostCreditsScene)) 
												+ [Integer.IsEqual(Player.TimeRemaining(hh),00) + Integer.IsLessOrEqual(Player.TimeRemaining(mm),30)]</visible>
							<animation effect="fade" end="100" time="750">Visible</animation>
							<animation effect="fade" end="0" time="750">Hidden</animation>
						</control>
					</control>
					<control type="grouplist" id="1">
						<left>0</left>
						<top>156</top>
						<width>1312</width>
						<height>54</height>
						<itemgap>0</itemgap>
						<orientation>horizontal</orientation>
						<align>right</align>
						<control type="image" id="1">
							<width>48</width>
							<height>50</height>
							<aspectratio align="left" aligny="bottom">keep</aspectratio>
							<texture>end_time_icon$VAR[isUhdScreenStringSuffix].png</texture>
						</control>
						<control type="label" id="1">
							<width>9</width>
							<label></label>
						</control>
						<control type="label" id="1">
							<width>auto</width>
							<height>54</height>
							<label>$INFO[Player.FinishTime]</label>
							<align>right</align>
							<aligny>center</aligny>
							<font>Light17</font>
							<textcolor>grey</textcolor>
							<scroll>false</scroll>
						</control>
						<visible>!VideoPlayer.Content(LiveTV) + [Integer.IsGreater(Player.Duration(hh),00) | [Integer.IsEqual(Player.Duration(hh),00) + Integer.IsGreaterOrEqual(Player.Duration(mm),10)] ]</visible>
						<animation effect="fade" time="150">VisibleChange</animation>
					</control>
					<control type="label" id="1">
						<left>207</left>
						<top>249</top>
						<width>900</width>
						<height>39</height>
						<label>$INFO[VideoPlayer.NextTitle,$LOCALIZE[19031]:  ]</label>
						<align>center</align>
						<aligny>center</aligny>
						<font>Light17</font>
						<textcolor>grey</textcolor>
						<scroll>false</scroll>
						<visible>!Window.IsVisible(VideoOSD) + VideoPlayer.Content(LiveTV)</visible>
						<animation effect="fade" time="150">VisibleChange</animation>
					</control>
				</control>
				<control type="group" id="1">
					<left>507</left>
					<top>189r</top>
					<control type="label" id="1">
						<visible>!VideoPlayer.Content(LiveTV)</visible>
						<left>1164</left>
						<top>2</top>
						<width>150</width>
						<height>60</height>
						<font>Light20</font>
						<align>right</align>
						<aligny>center</aligny>
						<label>$INFO[Player.Duration(hh:mm:ss)]</label>
					</control>
					<control type="label" id="1">
						<visible>VideoPlayer.Content(LiveTV) + VideoPlayer.HasEpg</visible>
						<left>1164</left>
						<top>2</top>
						<width>150</width>
						<height>60</height>
						<font>Light20</font>
						<align>right</align>
						<aligny>center</aligny>
						<label>$INFO[Player.FinishTime(hh:mm)]$INFO[Player.FinishTime(xx), ,]</label>
					</control>
					<control type="label" id="1">
						<visible>VideoPlayer.Content(LiveTV) + !VideoPlayer.HasEpg</visible>
						<left>1164</left>
						<top>2</top>
						<width>150</width>
						<height>60</height>
						<font>Light20</font>
						<align>right</align>
						<aligny>center</aligny>
						<label>$INFO[System.Time]</label>
					</control>
				</control>
			</control>
		</control>
		<!-- Keyboard seek label-->
		<control type="label" id="1">
			<description>Seek Number label</description>
			<left>0</left>
			<top>9</top>
			<width>1920</width>
			<height>39</height>
			<align>center</align>
			<aligny>center</aligny>
			<font>Regular20</font>
			<textcolor>white</textcolor>
			<label>$INFO[Player.SeekNumeric(hh:mm:ss)]</label>
		</control>
		<!-- BUFFER INDICATOR -->
		<control type="group" id="1">
			<depth>DepthOSD+</depth>
			<visible>Player.Caching + Integer.IsLess(Player.CacheLevel,100) + Player.IsInternetStream</visible>
			<animation effect="fade" time="500" delay="500">Visible</animation>
			<animation effect="fade" time="250" delay="0">Hidden</animation>
			<centerleft>50%</centerleft>
			<centertop>46%</centertop>
			<width>90</width>
			<height>90</height>
			<control type="image" id="1">
				<centerleft>50%</centerleft>
				<centertop>50%</centertop>
				<width>90</width>
				<height>90</height>
				<texture colordiffuse="BFFFFFFF">osd/buffer-bg.png</texture>
			</control>
			<control type="image" id="1">
				<description>Busy animation logo</description>
				<left>21</left>
				<top>21</top>
				<width>48</width>
				<height>48</height>
				<aligny>center</aligny>
				<align>center</align>
				<texture>_added_img/busy_kodi$VAR[isUhdScreenStringSuffix].png</texture>
				<aspectratio>keep</aspectratio>
				<animation effect="fade" start="100" end="0" time="3000" loop="true" condition="true" tween="sine" easing="in">conditional</animation>
			</control>
		</control>
		<control type="group" id="1">
			<depth>DepthOSD+</depth>
			<visible>Skin.HasSetting(EnableVideoOSDStingerIconMovieEnd) 
								+ !String.IsEmpty(Window(home).Property(CinemaHelper.player.movieHasPostCreditsScene)) 
								+ String.IsEqual(Window(home).Property(CinemaHelper.player.nearEndReached),True) 
								+ !Window.IsActive(VideoOSD) + !Window.IsActive(SeekBar) + !Player.ShowInfo
								</visible>
			<animation effect="fade" time="750">Visible</animation>
			<animation effect="fade" time="750">Hidden</animation>
			<width>54</width>
			<height>54</height>
			<left>78r</left>
			<top>237r</top>
			<control type="group" id="1">
				<control type="image" id="1">
					<width>54</width>
					<height>54</height>
					<aspectratio>keep</aspectratio>
					<texture>_added_img/stinger_scene.png</texture>
					<animation effect="fade" start="100" end="75" time="0" condition="true">Conditional</animation>
				</control>
			</control>
		</control>
		<control type="group" id="122221">
			<visible>[Window.IsVisible(FullscreenVideo) | Window.IsVisible(Visualisation)] + [Player.Paused + Skin.HasSetting(NoInfoOsdOnPause)]</visible>
			<animation effect="fade" end="100" time="500">Visible</animation>
			<animation effect="fade" end="0" time="500" delay="1500">Hidden</animation>
			<left>507</left>
			<top>189r</top>
			<control type="group" id="122222">
				<visible>!Window.IsVisible(SliderDialog)</visible>
				<include>VisibleFadeEffect</include>
				<control type="group" id="122224">
					<left>378</left>
					<top>-450</top>
					<control type="image" id="122223">
						<left>42</left>
						<top>6</top>
						<width>66</width>
						<height>66</height>
						<texture>OSDPause.png</texture>
						<visible>Player.Paused</visible>
						<include>VisibleFadeEffect</include>
					</control>
				</control>
			</control>
		</control>
	</controls>
</window>
