<?xml version="1.0" encoding="UTF-8"?>
<window>
	<defaultcontrol always="true">2</defaultcontrol>
	<include>dialogeffect</include>
	<onload condition="Window.IsVisible(VideoOSD)">Dialog.Close(VideoOSD)</onload>
	<controls>
		<control type="image">
			<left>0</left>
			<top>435</top>
			<width>1920</width>
			<height>1080</height>
			<texture>colors/black.png</texture>
			<animation effect="fade" start="0" end="93" time="0" condition="true">Conditional</animation>
		</control>
		<control type="group">
			<left>15</left>
			<top>450</top>
			<control type="label">
				<description>header label</description>
				<left>60</left>
				<top>18</top>
				<width>1740</width>
				<height>45</height>
				<font>Light26</font>
				<label>$VAR[ChaptersOrBookmarksHeader]</label>
				<align>center</align>
				<aligny>center</aligny>
				<textcolor>white</textcolor>
			</control>
			<control type="fixedlist" id="11">
				
				<animation effect="slide" start="0,0" end="-180,0" time="0" condition="Integer.IsEqual(Container(11).NumItems,2)">Conditional</animation>
				<animation effect="slide" start="0,0" end="-180,0" time="0" condition="Integer.IsEqual(Container(11).NumItems,4)">Conditional</animation>
				
				<left>45</left>
				<top>111</top>
				<width>1800</width>
				<height>323</height>
				<onleft>11</onleft>
				<onright>11</onright>
				<ondown>2</ondown>
				<!--<onup></onup>-->
				<include>StandardScrollTime</include>
				<viewtype label="536">icon</viewtype>
				<pagecontrol>60</pagecontrol>
				<orientation>horizontal</orientation>
				<focusposition>2</focusposition>
				<movement>2</movement>
				
				
				
				<itemlayout height="323" width="360">
					<control type="image">
						<left>3</left>
						<top>3</top>
						<width>353</width>
						<height>317</height>
						<texture colordiffuse="FF111111" border="10">colors/white_border10.png</texture>
					</control>
					<control type="image">
						<left>11</left>
						<top>49</top>
						<width>330</width>
						<height>186</height>
						<aspectratio scalediffuse="false">keep</aspectratio>
						<texture background="true" diffuse="colors/diffuse/330x186-rounded.png">$INFO[ListItem.Icon]</texture>
					</control>
					<control type="label">
						<left>10</left>
						<top>277</top>
						<width>340</width>
						<height>22</height>
						<font>Regular17</font>
						<selectedcolor>selected</selectedcolor>
						<align>center</align>
						<aligny>center</aligny>
						<label>$INFO[ListItem.Label]$INFO[ListItem.Label2, [LIGHT](,)[/LIGHT]]</label>
					</control>
				</itemlayout>
				<focusedlayout height="323" width="360">
					<control type="image">
						<left>3</left>
						<top>3</top>
						<width>353</width>
						<height>317</height>
						<texture colordiffuse="FF111111" border="10">colors/white_border10.png</texture>
					</control>
					<control type="image">
						<left>3</left>
						<top>3</top>
						<width>353</width>
						<height>317</height>
						<texture border="14" colordiffuse="$VAR[accentColorDiffuseForNeutralTextures]">_added_img/focus_border_2px-rounded-neutral.png</texture>
						<visible>Control.HasFocus(11)</visible>
					</control>
					<control type="image">
						<left>11</left>
						<top>49</top>
						<width>330</width>
						<height>186</height>
						<aspectratio scalediffuse="false">keep</aspectratio>
						<texture background="true" diffuse="colors/diffuse/330x186-rounded.png">$INFO[ListItem.Icon]</texture>
					</control>
					<control type="label">
						<left>10</left>
						<top>277</top>
						<width>340</width>
						<height>22</height>
						<font>Regular17</font>
						<selectedcolor>selected</selectedcolor>
						<align>center</align>
						<aligny>center</aligny>
						<label>$INFO[ListItem.Label]$INFO[ListItem.Label2, [LIGHT](,)[/LIGHT]]</label>
					</control>
				</focusedlayout>
			</control>
			<control type="scrollbar" id="60">
				<left>48</left>
				<top>450</top>
				<width>1793</width>
				<include>scrollBarStyleDefaultHeight</include>
				<onleft>11</onleft>
				<onright>11</onright>
				<showonepage>false</showonepage>
				<animation effect="fade" end="75" time="0" condition="true">Conditional</animation>
				<include>scrollBarStyleDefault</include>
			</control>
			<control type="grouplist" id="9000">
				<left>375</left>
				<top>510</top>
				<width>1140</width>
				<height>72</height>
				<itemgap>8</itemgap>
				<align>center</align>
				<orientation>horizontal</orientation>
				<onleft>Noop</onleft>
				<onright>Noop</onright>
				<onup>11</onup>
				<control type="button" id="2">
					<description>Create Bookmark button</description>
					<label>294</label>
					<width>360</width>
					<height>72</height>
					<include>ButtonInfoDialogsCommonValues</include>
				</control>
				<control type="button" id="3">
					<description>Clear Bookmark button</description>
					<label>296</label>
					<width>360</width>
					<height>72</height>
					<include>ButtonInfoDialogsCommonValues</include>
				</control>
				<control type="button" id="4">
					<description>Clear Bookmark button</description>
					<label>20406</label>
					<width>360</width>
					<height>72</height>
					<include>ButtonInfoDialogsCommonValues</include>
					<visible>VideoPlayer.Content(Episodes) + Control.IsEnabled(4)</visible>
				</control>
			</control>
		</control>
	</controls>
</window>
