<?xml version="1.0" encoding="UTF-8"?>
<includes>
	
	
	
	<include name="Size_XL_2"><size>123</size></include>
	<include name="Size_XL_1"><size>108</size></include>
	
	<include name="Size+40"><size>73</size></include>
	<include name="Size+39"><size>72</size></include>
	<include name="Size+38"><size>71</size></include>
	<include name="Size+37"><size>70</size></include>
	<include name="Size+36"><size>69</size></include>
	<include name="Size+35"><size>68</size></include>
	<include name="Size+34"><size>67</size></include>
	<include name="Size+33"><size>66</size></include>
	<include name="Size+32"><size>65</size></include>
	<include name="Size+31"><size>64</size></include>
	<include name="Size+30"><size>63</size></include>
	<include name="Size+29"><size>62</size></include>
	<include name="Size+28"><size>61</size></include>
	<include name="Size+27"><size>60</size></include>
	<include name="Size+26"><size>59</size></include>
	<include name="Size+25"><size>58</size></include>
	<include name="Size+24"><size>57</size></include>
	<include name="Size+23"><size>56</size></include>
	<include name="Size+22"><size>55</size></include>
	<include name="Size+21"><size>54</size></include>
	<include name="Size+20"><size>53</size></include>
	<include name="Size+19"><size>52</size></include>
	<include name="Size+18"><size>51</size></include>
	<include name="Size+17"><size>50</size></include>
	<include name="Size+16"><size>49</size></include>
	<include name="Size+15"><size>48</size></include>
	<include name="Size+14"><size>47</size></include>
	<include name="Size+13"><size>46</size></include>
	<include name="Size+12"><size>45</size></include>
	<include name="Size+11"><size>44</size></include>
	<include name="Size+10"><size>43</size></include>
	 <include name="Size+9"><size>42</size></include>
	 <include name="Size+8"><size>41</size></include>
	 <include name="Size+7"><size>40</size></include>
	 <include name="Size+6"><size>39</size></include>
	 <include name="Size+5"><size>38</size></include>
	 <include name="Size+4"><size>37</size></include>
	 <include name="Size+3"><size>36</size></include>
	 <include name="Size+2"><size>35</size></include>
	 <include name="Size+1"><size>34</size></include>
	
	 <include name="Size_0"><size>33</size></include>
	
	 <include name="Size-1"><size>32</size></include>
	 <include name="Size-2"><size>31</size></include>
	 <include name="Size-3"><size>30</size></include>
	 <include name="Size-4"><size>29</size></include>
	 <include name="Size-5"><size>28</size></include>
	 <include name="Size-6"><size>27</size></include>
	 <include name="Size-7"><size>26</size></include>
	 <include name="Size-8"><size>25</size></include>
	 <include name="Size-9"><size>24</size></include>
	<include name="Size-10"><size>23</size></include>
	<include name="Size-11"><size>22</size></include>
	<include name="Size-12"><size>21</size></include>
	<include name="Size-13"><size>20</size></include>
	<include name="Size-14"><size>19</size></include>
	<include name="Size-15"><size>18</size></include>
	<include name="Size-16"><size>17</size></include>
	<include name="Size-17"><size>16</size></include>
	<include name="Size-18"><size>15</size></include>
	<include name="Size-19"><size>14</size></include>
	<include name="Size-20"><size>13</size></include>
	
	
	
</includes>