<?xml version="1.0" encoding="UTF-8"?>
<window>
	<defaultcontrol>8</defaultcontrol>
	
	<controls><!-- WRAPPER START --><control type="group"><centerleft>50%</centerleft><centertop>50%</centertop><width>1920</width><height>1080</height><!-- WRAPPER START -->
		
		<!--
		<control type="videowindow" id="20">
			<description>videowindow</description>
			<left>0</left>
			<top>0</top>
			<width>1920</width>
			<height>1080</height>
			<visible>Player.HasVideo</visible>
		</control>
		-->
		<control type="group">
			<!--<visible>!Player.HasVideo</visible>-->
			<include>CommonBackground</include>
		</control>
		<control type="image">
			<description>Overlay</description>
			
			<!-- SkinOutOfBounds -->
			<include condition="Integer.IsLess(Window(Home).Property(CinemaHelper.GetSettingValue.lookandfeel.skinzoom),0) | !String.IsEqual(Skin.AspectRatio,16:9)">SkinOutOfBoundsBgDimensionsStandardVariant2</include>
			
			<left>0</left>
			<top>0</top>
			<width>1920</width>
			<height>1080</height>
			
			<texture>colors/black_70.png</texture>
			<include>dialogeffect</include>
		</control>
		<control type="mover" id="8">
			<description>top left mover</description>
			<left>0</left>
			<top>0</top>
			<width>192</width>
			<height>192</height>
			<texturefocus>calibrate/CalibrateTopLeft.png</texturefocus>
			<texturenofocus></texturenofocus>
		</control>
		<control type="mover" id="9">
			<description>right bottom mover</description>
			<left>1050</left>
			<top>750</top>
			<width>192</width>
			<height>192</height>
			<texturefocus>calibrate/CalibrateBottomRight.png</texturefocus>
			<texturenofocus></texturenofocus>
		</control>
		<control type="mover" id="10">
			<description>subtitle position mover</description>
			<left>300</left>
			<top>750</top>
			<width>768</width>
			<height>192</height>
			<!-- Kodi 20+ fix (Also Kodi 17,18,19 compatible) -->
			<include condition="![String.StartsWith(System.BuildVersion,20.) | String.StartsWith(System.BuildVersion,21.) | String.StartsWith(System.BuildVersion,22.)]">subtitlePositionMoverTexture</include>
			<include condition="[String.StartsWith(System.BuildVersion,20.) | String.StartsWith(System.BuildVersion,21.) | String.StartsWith(System.BuildVersion,22.)]">subtitlePositionMoverTexture20</include>
			<texturenofocus></texturenofocus>
		</control>
		<control type="resize" id="11">
			<description>pixel aspect ratio box</description>
			<left>0</left>
			<top>348</top>
			<width>384</width>
			<height>384</height>
			<texturefocus>calibrate/CalibratePixelRatio.png</texturefocus>
			<texturenofocus></texturenofocus>
		</control>
		<control type="group">
			<left>30</left>
			<top>75</top>
			<control type="label" id="2">
				<description>coordinates label</description>
				<left>0</left>
				<top>30</top>
				<width>1860</width>
				<label></label>
				<align>center</align>
				<!-- Kodi 20+ fix (Also Kodi 17,18,19 compatible) -->
				<include condition="![String.StartsWith(System.BuildVersion,20.) | String.StartsWith(System.BuildVersion,21.) | String.StartsWith(System.BuildVersion,22.)]">calibrationLabelFont</include>
				<include condition="[String.StartsWith(System.BuildVersion,20.) | String.StartsWith(System.BuildVersion,21.) | String.StartsWith(System.BuildVersion,22.)]">calibrationLabelFont20</include>
			</control>
			<control type="label" id="3">
				<description>help information</description>
				<left>0</left>
				<top>90</top>
				<width>1860</width>
				<label></label>
				<align>center</align>
				<font>Regular20</font>
			</control>
		</control>
		
	<include condition="Skin.HasSetting(EnableSkinDebugOutput)">DebugOverlay</include><!-- WRAPPER STOP --></control><!-- WRAPPER STOP --></controls>
</window>
