<?xml version="1.0" encoding="UTF-8"?>
<window>
	<defaultcontrol always="true">10</defaultcontrol>
	
	<include>dialogeffect</include>
	
	<controls><!-- WRAPPER START --><control type="group"><centerleft>50%</centerleft><centertop>50%</centertop><width>1920</width><height>1080</height><!-- WRAPPER START -->
		
		<control type="group">
			
			<left>300</left>
			<top>30</top>
			
			<control type="image">
				<description>background image</description>
				<left>-20</left>
				<top>-20</top>
				<width>1360</width>
				<height>1060</height>
				<texture border="54">DialogBack-rounded.png</texture>
			</control>
			<control type="image">
				<description>Dialog Header image</description>
				<left>10</left>
				<top>10</top>
				<width>1300</width>
				<height>65</height>
				<texture border="28">dialogheader-rounded-24px.png</texture>
			</control>
			<control type="label">
				<description>header label</description>
				<left>60</left>
				<top>18</top>
				<width>1200</width>
				<height>45</height>
				<font>Light26</font>
				<label>$LOCALIZE[29900]</label>
				<align>center</align>
				<aligny>center</aligny>
				<textcolor>white</textcolor>
			</control>
			<control type="group">
				<description>Normal song info group</description>
				<left>0</left>
				<top>105</top>
				<visible>![String.IsEqual(RDS.RadioStyle, classical) | String.IsEqual(RDS.RadioStyle, lightclassics) | String.IsEqual(RDS.RadioStyle, seriousclassics)]</visible>
				<control type="label">
					<description>Artist Title</description>
					<left>15</left>
					<top>0</top>
					<width>210</width>
					<height>38</height>
					<align>right</align>
					<aligny>center</aligny>
					<font>Regular20</font>
					<textcolor>blue</textcolor>
					<label>$LOCALIZE[557]:</label>
					<visible>String.IsEmpty(RDS.Band) + !String.IsEmpty(RDS.Artist)</visible>
				</control>
				<control type="fadelabel">
					<description>Artist Value</description>
					<left>240</left>
					<top>0</top>
					<width>1056</width>
					<height>38</height>
					<align>left</align>
					<aligny>center</aligny>
					<font>Regular20</font>
					<textcolor>white</textcolor>
					<label fallback="161">$INFO[RDS.Artist]</label>
					<scrollout>false</scrollout>
					<pauseatend>2000</pauseatend>
					<visible>String.IsEmpty(RDS.Band) + !String.IsEmpty(RDS.Artist)</visible>
				</control>
				<control type="label">
					<description>Band Title</description>
					<left>15</left>
					<top>0</top>
					<width>210</width>
					<height>38</height>
					<align>right</align>
					<aligny>center</aligny>
					<font>Regular20</font>
					<textcolor>blue</textcolor>
					<label>$LOCALIZE[29901]:</label>
					<visible>!String.IsEmpty(RDS.Band)</visible>
				</control>
				<control type="fadelabel">
					<description>Band Value</description>
					<left>240</left>
					<top>0</top>
					<width>438</width>
					<height>38</height>
					<align>left</align>
					<aligny>center</aligny>
					<font>Regular20</font>
					<textcolor>white</textcolor>
					<label>$INFO[RDS.Band]</label>
					<scrollout>false</scrollout>
					<pauseatend>2000</pauseatend>
					<visible>!String.IsEmpty(RDS.Band)</visible>
				</control>
				<control type="label">
					<description>Artist Name (alt pos)</description>
					<left>578</left>
					<top>0</top>
					<width>210</width>
					<height>38</height>
					<align>right</align>
					<aligny>center</aligny>
					<font>Regular20</font>
					<textcolor>blue</textcolor>
					<label>$LOCALIZE[557]:</label>
					<visible>!String.IsEmpty(RDS.Artist) + !String.IsEmpty(RDS.Band)</visible>
				</control>
				<control type="fadelabel">
					<description>Artist Value (alt pos)</description>
					<left>803</left>
					<top>0</top>
					<width>492</width>
					<height>38</height>
					<align>left</align>
					<aligny>center</aligny>
					<font>Regular20</font>
					<textcolor>white</textcolor>
					<label>$INFO[RDS.Artist]</label>
					<visible>!String.IsEmpty(RDS.Artist) + !String.IsEmpty(RDS.Band)</visible>
				</control>
				<control type="label">
					<description>Song Title</description>
					<left>15</left>
					<top>53</top>
					<width>210</width>
					<height>38</height>
					<align>right</align>
					<aligny>center</aligny>
					<font>Regular20</font>
					<textcolor>blue</textcolor>
					<label>$LOCALIZE[556]:</label>
					<visible>!String.IsEmpty(RDS.Title)</visible>
				</control>
				<control type="fadelabel">
					<description>Song Value</description>
					<left>240</left>
					<top>53</top>
					<width>1056</width>
					<height>38</height>
					<align>left</align>
					<aligny>center</aligny>
					<font>Regular20</font>
					<textcolor>white</textcolor>
					<label fallback="161">$INFO[RDS.Title]</label>
					<scrollout>false</scrollout>
					<pauseatend>2000</pauseatend>
					<visible>!String.IsEmpty(RDS.Title)</visible>
				</control>
				<control type="label">
					<description>Programme style Name</description>
					<left>15</left>
					<top>105</top>
					<width>210</width>
					<height>38</height>
					<align>right</align>
					<aligny>center</aligny>
					<font>Regular20</font>
					<textcolor>blue</textcolor>
					<label>$LOCALIZE[29902]:</label>
					<visible>!String.IsEmpty(RDS.ProgStyle)</visible>
				</control>
				<control type="fadelabel">
					<description>Programme style Value</description>
					<left>240</left>
					<top>105</top>
					<width>1056</width>
					<height>38</height>
					<align>left</align>
					<aligny>center</aligny>
					<font>Regular20</font>
					<textcolor>white</textcolor>
					<label>$INFO[RDS.ProgStyle]</label>
					<visible>!String.IsEmpty(RDS.ProgStyle)</visible>
				</control>
			</control>
			<control type="group">
				<description>Classic concert music group</description>
				<left>0</left>
				<top>105</top>
				<visible>String.IsEqual(RDS.RadioStyle, classical) | String.IsEqual(RDS.RadioStyle, lightclassics) | String.IsEqual(RDS.RadioStyle, seriousclassics)</visible>
				<control type="label">
					<description>Composer Title</description>
					<left>15</left>
					<top>0</top>
					<width>210</width>
					<height>38</height>
					<align>right</align>
					<aligny>center</aligny>
					<font>Regular20</font>
					<textcolor>blue</textcolor>
					<label>$LOCALIZE[29903]:</label>
				</control>
				<control type="fadelabel">
					<description>Composer Value</description>
					<left>240</left>
					<top>0</top>
					<width>1056</width>
					<height>38</height>
					<align>left</align>
					<aligny>center</aligny>
					<font>Regular20</font>
					<textcolor>white</textcolor>
					<label fallback="161">$INFO[RDS.Composer]</label>
					<scrollout>false</scrollout>
					<pauseatend>2000</pauseatend>
				</control>
				<control type="label">
					<description>Song Title</description>
					<left>15</left>
					<top>53</top>
					<width>210</width>
					<height>38</height>
					<align>right</align>
					<aligny>center</aligny>
					<font>Regular20</font>
					<textcolor>blue</textcolor>
					<label>$LOCALIZE[556]:</label>
				</control>
				<control type="fadelabel">
					<description>Song Value</description>
					<left>240</left>
					<top>53</top>
					<width>1056</width>
					<height>38</height>
					<align>left</align>
					<aligny>center</aligny>
					<font>Regular20</font>
					<textcolor>white</textcolor>
					<label fallback="161">$INFO[RDS.Title]</label>
					<scrollout>false</scrollout>
					<pauseatend>2000</pauseatend>
				</control>
				<control type="label">
					<description>Artist Title</description>
					<left>15</left>
					<top>105</top>
					<width>210</width>
					<height>38</height>
					<align>right</align>
					<aligny>center</aligny>
					<font>Regular20</font>
					<textcolor>blue</textcolor>
					<label>$LOCALIZE[29904]:</label>
					<visible>String.IsEmpty(RDS.Band) + !String.IsEmpty(RDS.Artist)</visible>
				</control>
				<control type="textbox">
					<description>Artist Value</description>
					<left>240</left>
					<top>99</top>
					<width>1056</width>
					<height>44</height>
					<font>Regular20</font>
					<textcolor>white</textcolor>
					<align>left</align>
					<label fallback="161">$INFO[RDS.Artist]</label>
					<autoscroll time="2000" delay="3000" repeat="5000">true</autoscroll>
					<visible>String.IsEmpty(RDS.Band) + !String.IsEmpty(RDS.Artist)</visible>
				</control>
				<control type="label">
					<description>Band Title</description>
					<left>15</left>
					<top>105</top>
					<width>210</width>
					<height>38</height>
					<align>right</align>
					<aligny>center</aligny>
					<font>Regular20</font>
					<textcolor>blue</textcolor>
					<label>$LOCALIZE[29901]:</label>
					<visible>!String.IsEmpty(RDS.Band)</visible>
				</control>
				<control type="fadelabel">
					<description>Band Value</description>
					<left>240</left>
					<top>105</top>
					<width>438</width>
					<height>38</height>
					<align>left</align>
					<aligny>center</aligny>
					<font>Regular20</font>
					<textcolor>white</textcolor>
					<label>$INFO[RDS.Band]</label>
					<scrollout>false</scrollout>
					<pauseatend>2000</pauseatend>
					<visible>!String.IsEmpty(RDS.Band)</visible>
				</control>
				<control type="label">
					<description>Artist Name (alt pos)</description>
					<left>578</left>
					<top>105</top>
					<width>210</width>
					<height>38</height>
					<align>right</align>
					<aligny>center</aligny>
					<font>Regular20</font>
					<textcolor>blue</textcolor>
					<label>$LOCALIZE[29904]:</label>
					<visible>!String.IsEmpty(RDS.Artist) + !String.IsEmpty(RDS.Band)</visible>
				</control>
				<control type="textbox">
					<description>Artist Value (alt pos)</description>
					<left>803</left>
					<top>105</top>
					<width>492</width>
					<height>150</height>
					<font>Regular20</font>
					<textcolor>white</textcolor>
					<align>left</align>
					<label>$INFO[RDS.Artist]</label>
					<autoscroll time="2000" delay="3000" repeat="5000">true</autoscroll>
					<visible>!String.IsEmpty(RDS.Artist) + !String.IsEmpty(RDS.Band)</visible>
				</control>
				<control type="label">
					<description>Conductor Title</description>
					<left>15</left>
					<top>158</top>
					<width>210</width>
					<height>38</height>
					<align>right</align>
					<aligny>center</aligny>
					<font>Regular20</font>
					<textcolor>blue</textcolor>
					<label>$LOCALIZE[29905]:</label>
					<visible>!String.IsEmpty(RDS.Conductor)</visible>
				</control>
				<control type="fadelabel">
					<description>Conductor Value</description>
					<left>240</left>
					<top>158</top>
					<width>450</width>
					<height>38</height>
					<align>left</align>
					<aligny>center</aligny>
					<font>Regular20</font>
					<textcolor>white</textcolor>
					<label fallback="161">$INFO[RDS.Conductor]</label>
					<scrollout>false</scrollout>
					<pauseatend>2000</pauseatend>
					<visible>!String.IsEmpty(RDS.Conductor)</visible>
				</control>
				<control type="label">
					<description>Programme style Name</description>
					<left>15</left>
					<top>158</top>
					<width>210</width>
					<height>38</height>
					<align>right</align>
					<aligny>center</aligny>
					<font>Regular20</font>
					<textcolor>blue</textcolor>
					<label>$LOCALIZE[29902]:</label>
					<visible>String.IsEmpty(RDS.Conductor) + !String.IsEmpty(RDS.ProgStyle)</visible>
				</control>
				<control type="fadelabel">
					<description>Programme style Value</description>
					<left>240</left>
					<top>158</top>
					<width>1056</width>
					<height>38</height>
					<align>left</align>
					<aligny>center</aligny>
					<font>Regular20</font>
					<textcolor>white</textcolor>
					<label>$INFO[RDS.ProgStyle]</label>
					<visible>String.IsEmpty(RDS.Conductor) + !String.IsEmpty(RDS.ProgStyle)</visible>
				</control>
				<control type="label">
					<description>Programme style Name</description>
					<left>578</left>
					<top>158</top>
					<width>210</width>
					<height>38</height>
					<align>right</align>
					<aligny>center</aligny>
					<font>Regular20</font>
					<textcolor>blue</textcolor>
					<label>$LOCALIZE[29902]:</label>
					<visible>!String.IsEmpty(RDS.Conductor) + !String.IsEmpty(RDS.ProgStyle)</visible>
				</control>
				<control type="fadelabel">
					<description>Programme style Value</description>
					<left>803</left>
					<top>158</top>
					<width>492</width>
					<height>38</height>
					<align>left</align>
					<aligny>center</aligny>
					<font>Regular20</font>
					<textcolor>white</textcolor>
					<label>$INFO[RDS.ProgStyle]</label>
					<visible>!String.IsEmpty(RDS.Conductor) + !String.IsEmpty(RDS.ProgStyle)</visible>
				</control>
			</control>
			<control type="label">
				<description>Album Title</description>
				<left>578</left>
				<top>263</top>
				<width>210</width>
				<height>38</height>
				<align>right</align>
				<aligny>center</aligny>
				<font>Regular20</font>
				<textcolor>blue</textcolor>
				<label>$LOCALIZE[558]:</label>
				<visible>!String.IsEmpty(RDS.Album)</visible>
			</control>
			<control type="fadelabel">
				<description>Album Value</description>
				<left>803</left>
				<top>263</top>
				<width>492</width>
				<height>38</height>
				<align>left</align>
				<aligny>center</aligny>
				<font>Regular20</font>
				<textcolor>white</textcolor>
				<label>$INFO[RDS.Album]</label>
				<scrollout>false</scrollout>
				<pauseatend>2000</pauseatend>
				<visible>!String.IsEmpty(RDS.Album)</visible>
			</control>
			<control type="label">
				<description>Programme host Name</description>
				<left>15</left>
				<top>315</top>
				<width>210</width>
				<height>38</height>
				<align>right</align>
				<aligny>center</aligny>
				<font>Regular20</font>
				<textcolor>blue</textcolor>
				<label>$LOCALIZE[29906]:</label>
				<visible>!String.IsEmpty(RDS.ProgHost)</visible>
			</control>
			<control type="fadelabel">
				<description>Programme host Value</description>
				<left>240</left>
				<top>315</top>
				<width>353</width>
				<height>38</height>
				<align>left</align>
				<aligny>center</aligny>
				<font>Regular20</font>
				<textcolor>white</textcolor>
				<label>$INFO[RDS.ProgHost]</label>
				<visible>!String.IsEmpty(RDS.ProgHost)</visible>
			</control>
			<control type="label">
				<description>Comment Title</description>
				<left>578</left>
				<top>315</top>
				<width>210</width>
				<height>38</height>
				<align>right</align>
				<aligny>center</aligny>
				<font>Regular20</font>
				<textcolor>blue</textcolor>
				<label>$LOCALIZE[569]:</label>
				<visible>!String.IsEmpty(RDS.Comment)</visible>
			</control>
			<control type="fadelabel">
				<description>Comment Value</description>
				<left>803</left>
				<top>315</top>
				<width>492</width>
				<height>38</height>
				<align>left</align>
				<aligny>center</aligny>
				<font>Regular20</font>
				<textcolor>white</textcolor>
				<label>$INFO[RDS.Comment]</label>
				<scrollout>false</scrollout>
				<pauseatend>2000</pauseatend>
				<visible>!String.IsEmpty(RDS.Comment)</visible>
			</control>
			<control type="label">
				<description>Channel Name</description>
				<left>15</left>
				<top>368</top>
				<width>210</width>
				<height>38</height>
				<align>right</align>
				<aligny>center</aligny>
				<font>Regular20</font>
				<textcolor>blue</textcolor>
				<label>$LOCALIZE[19148]:</label>
				<visible>!String.IsEmpty(RDS.ProgStation)</visible>
			</control>
			<control type="fadelabel">
				<description>Channel Value</description>
				<left>240</left>
				<top>368</top>
				<width>353</width>
				<height>38</height>
				<align>left</align>
				<aligny>center</aligny>
				<font>Regular20</font>
				<textcolor>white</textcolor>
				<label>$INFO[RDS.ProgStation]</label>
				<visible>!String.IsEmpty(RDS.ProgStation)</visible>
			</control>
			<control type="label">
				<description>Editorial Staff Name</description>
				<left>578</left>
				<top>368</top>
				<width>210</width>
				<height>38</height>
				<align>right</align>
				<aligny>center</aligny>
				<font>Regular20</font>
				<textcolor>blue</textcolor>
				<label>$LOCALIZE[29907]:</label>
				<visible>!String.IsEmpty(RDS.ProgEditStaff)</visible>
			</control>
			<control type="fadelabel">
				<description>Editorial Staff Value</description>
				<left>803</left>
				<top>368</top>
				<width>492</width>
				<height>38</height>
				<align>left</align>
				<aligny>center</aligny>
				<font>Regular20</font>
				<textcolor>white</textcolor>
				<label>$INFO[RDS.ProgEditStaff]</label>
				<visible>!String.IsEmpty(RDS.ProgEditStaff)</visible>
			</control>
			
			<control type="grouplist">
				<left>15</left>
				<top>420</top>
				<width>240</width>
				<height>450</height>
				<itemgap>12</itemgap>
				<control type="label">
					<description>Program basename</description>
					<left>15</left>
					<top>420</top>
					<width>210</width>
					<height>38</height>
					<align>right</align>
					<aligny>center</aligny>
					<font>Regular20</font>
					<textcolor>blue</textcolor>
					<label>$LOCALIZE[29908]:</label>
					<visible>!String.IsEmpty(RDS.ProgNow) | !String.IsEmpty(RDS.ProgNext)</visible>
				</control>
				<control type="label">
					<description>blind label</description>
					<left>15</left>
					<top>420</top>
					<width>210</width>
					<height>38</height>
					<label></label>
					<visible>!String.IsEmpty(RDS.ProgNow) + !String.IsEmpty(RDS.ProgNext)</visible>
				</control>
				<control type="label">
					<description>Studio basename</description>
					<width>210</width>
					<height>38</height>
					<align>right</align>
					<aligny>center</aligny>
					<font>Regular20</font>
					<textcolor>blue</textcolor>
					<label>$LOCALIZE[29909]:</label>
					<visible>!String.IsEmpty(RDS.PhoneStudio) | !String.IsEmpty(RDS.EmailStudio) | !String.IsEmpty(RDS.SMSStudio)</visible>
				</control>
			</control>
			<control type="grouplist">
				<left>240</left>
				<top>420</top>
				<width>240</width>
				<height>450</height>
				<itemgap>12</itemgap>
				<control type="label">
					<description>Program now Name</description>
					<width>240</width>
					<height>38</height>
					<align>left</align>
					<aligny>center</aligny>
					<font>Regular20</font>
					<textcolor>white</textcolor>
					<label>$LOCALIZE[19030]:</label>
					<visible>!String.IsEmpty(RDS.ProgNow)</visible>
				</control>
				<control type="label">
					<description>Program next Name</description>
					<width>240</width>
					<height>38</height>
					<align>left</align>
					<aligny>center</aligny>
					<font>Regular20</font>
					<textcolor>white</textcolor>
					<label>$LOCALIZE[19031]:</label>
					<visible>!String.IsEmpty(RDS.ProgNext)</visible>
				</control>
				<control type="label">
					<description>Studio phone Name</description>
					<width>143</width>
					<height>38</height>
					<align>left</align>
					<aligny>center</aligny>
					<font>Regular20</font>
					<textcolor>white</textcolor>
					<label>$LOCALIZE[29910]:</label>
					<visible>!String.IsEmpty(RDS.PhoneStudio)</visible>
				</control>
				<control type="label">
					<description>Studio email Name</description>
					<width>143</width>
					<height>38</height>
					<align>left</align>
					<aligny>center</aligny>
					<font>Regular20</font>
					<textcolor>white</textcolor>
					<label>$LOCALIZE[29911]:</label>
					<visible>!String.IsEmpty(RDS.EmailStudio)</visible>
				</control>
				<control type="label">
					<description>Studio SMS Name</description>
					<width>143</width>
					<height>38</height>
					<align>left</align>
					<aligny>center</aligny>
					<font>Regular20</font>
					<textcolor>white</textcolor>
					<label>$LOCALIZE[29912]:</label>
					<visible>!String.IsEmpty(RDS.SMSStudio)</visible>
				</control>
			</control>
			<control type="grouplist">
				<left>345</left>
				<top>420</top>
				<width>930</width>
				<height>450</height>
				<itemgap>12</itemgap>
				<control type="fadelabel">
					<description>Program now Value</description>
					<width>930</width>
					<height>38</height>
					<align>left</align>
					<aligny>center</aligny>
					<font>Regular20</font>
					<textcolor>grey</textcolor>
					<label>$INFO[RDS.ProgNow]</label>
					<visible>!String.IsEmpty(RDS.ProgNow)</visible>
				</control>
				<control type="fadelabel">
					<description>Program next Value</description>
					<width>930</width>
					<height>38</height>
					<align>left</align>
					<aligny>center</aligny>
					<font>Regular20</font>
					<textcolor>grey</textcolor>
					<label>$INFO[RDS.ProgNext]</label>
					<visible>!String.IsEmpty(RDS.ProgNext)</visible>
				</control>
				<control type="fadelabel">
					<description>Studio phone Value</description>
					<width>323</width>
					<height>38</height>
					<align>left</align>
					<aligny>center</aligny>
					<font>Regular20</font>
					<textcolor>grey</textcolor>
					<label>$INFO[RDS.PhoneStudio]</label>
					<visible>!String.IsEmpty(RDS.PhoneStudio)</visible>
				</control>
				<control type="fadelabel">
					<description>Studio email Value</description>
					<width>323</width>
					<height>38</height>
					<align>left</align>
					<aligny>center</aligny>
					<font>Regular20</font>
					<textcolor>grey</textcolor>
					<label>$INFO[RDS.EmailStudio]</label>
					<visible>!String.IsEmpty(RDS.EmailStudio)</visible>
				</control>
				<control type="fadelabel">
					<description>Studio SMS Value</description>
					<width>323</width>
					<height>38</height>
					<align>left</align>
					<aligny>center</aligny>
					<font>Regular20</font>
					<textcolor>grey</textcolor>
					<label>$INFO[RDS.SMSStudio]</label>
					<visible>!String.IsEmpty(RDS.SMSStudio)</visible>
				</control>
			</control>
			<control type="grouplist">
				<left>578</left>
				<top>420</top>
				<width>780</width>
				<height>450</height>
				<itemgap>12</itemgap>
				<control type="label">
					<description>blind label</description>
					<width>8</width>
					<height>38</height>
					<label></label>
					<visible>!String.IsEmpty(RDS.ProgNow)</visible>
				</control>
				<control type="label">
					<description>blind label</description>
					<width>8</width>
					<height>38</height>
					<label></label>
					<visible>!String.IsEmpty(RDS.ProgNext)</visible>
				</control>
				<control type="label">
					<description>Hotline basename</description>
					<width>210</width>
					<height>38</height>
					<align>right</align>
					<aligny>center</aligny>
					<font>Regular20</font>
					<textcolor>blue</textcolor>
					<label>$LOCALIZE[29913]:</label>
					<visible>!String.IsEmpty(RDS.PhoneHotline) | !String.IsEmpty(RDS.EmailHotline)</visible>
				</control>
				<control type="label">
					<description>blind label</description>
					<width>210</width>
					<height>38</height>
					<label></label>
					<visible>!String.IsEmpty(RDS.PhoneHotline) + !String.IsEmpty(RDS.EmailHotline)</visible>
				</control>
				<control type="label">
					<description>Homepage Name</description>
					<left>578</left>
					<top>630</top>
					<width>210</width>
					<height>38</height>
					<align>right</align>
					<aligny>center</aligny>
					<font>Regular20</font>
					<textcolor>blue</textcolor>
					<label>$LOCALIZE[29914]:</label>
					<visible>!String.IsEmpty(RDS.ProgHomepage)</visible>
				</control>
			</control>
			<control type="grouplist">
				<left>803</left>
				<top>420</top>
				<width>780</width>
				<height>450</height>
				<itemgap>12</itemgap>
				<control type="label">
					<description>blind label</description>
					<width>8</width>
					<height>38</height>
					<label></label>
					<visible>!String.IsEmpty(RDS.ProgNow)</visible>
				</control>
				<control type="label">
					<description>blind label</description>
					<width>8</width>
					<height>38</height>
					<label></label>
					<visible>!String.IsEmpty(RDS.ProgNext)</visible>
				</control>
				<control type="label">
					<description>Hotline phone Name</description>
					<width>240</width>
					<height>38</height>
					<align>left</align>
					<aligny>center</aligny>
					<font>Regular20</font>
					<textcolor>white</textcolor>
					<label>$LOCALIZE[29910]:</label>
					<visible>!String.IsEmpty(RDS.PhoneHotline)</visible>
				</control>
				<control type="label">
					<description>Hotline email Name</description>
					<width>240</width>
					<height>38</height>
					<align>left</align>
					<aligny>center</aligny>
					<font>Regular20</font>
					<textcolor>white</textcolor>
					<label>$LOCALIZE[29911]:</label>
					<visible>!String.IsEmpty(RDS.EmailHotline)</visible>
				</control>
				<control type="fadelabel">
					<description>Homepage Value</description>
					<width>480</width>
					<height>38</height>
					<align>left</align>
					<aligny>center</aligny>
					<font>Regular20</font>
					<textcolor>white</textcolor>
					<label>$INFO[RDS.ProgHomepage]</label>
					<visible>!String.IsEmpty(RDS.ProgHomepage)</visible>
				</control>
			</control>
			<control type="grouplist">
				<left>908</left>
				<top>420</top>
				<width>780</width>
				<height>450</height>
				<itemgap>12</itemgap>
				<control type="label">
					<description>blind label</description>
					<width>8</width>
					<height>38</height>
					<label></label>
					<visible>!String.IsEmpty(RDS.ProgNow)</visible>
				</control>
				<control type="label">
					<description>blind label</description>
					<width>210</width>
					<height>38</height>
					<label></label>
					<visible>!String.IsEmpty(RDS.ProgNext)</visible>
				</control>
				<control type="fadelabel">
					<description>Hotline phone Value</description>
					<width>372</width>
					<height>38</height>
					<align>left</align>
					<aligny>center</aligny>
					<font>Regular20</font>
					<textcolor>grey</textcolor>
					<label>$INFO[RDS.PhoneHotline]</label>
					<visible>!String.IsEmpty(RDS.PhoneHotline)</visible>
				</control>
				<control type="fadelabel">
					<description>Hotline email Value</description>
					<width>372</width>
					<height>38</height>
					<align>left</align>
					<aligny>center</aligny>
					<font>Regular20</font>
					<textcolor>grey</textcolor>
					<label>$INFO[RDS.EmailHotline]</label>
					<visible>!String.IsEmpty(RDS.EmailHotline)</visible>
				</control>
			</control>
			
			<control type="group" id="70">
				<description>Radio text info list</description>
				<left>60</left>
				<top>683</top>
				<visible>false</visible>
				<include>VisibleFadeEffect</include>
				<control type="label">
					<description>Info label</description>
					<left>563</left>
					<top>0</top>
					<width>165</width>
					<height>38</height>
					<align>right</align>
					<aligny>center</aligny>
					<font>Regular20</font>
					<textcolor>blue</textcolor>
					<label>$LOCALIZE[29915]:</label>
				</control>
				<control type="spincontrol" id="21">
					<description>Source Type</description>
					<left>1110</left>
					<top>8</top>
					<font>Regular20</font>
					<textcolor>white</textcolor>
					<aligny>center</aligny>
					<label></label>
					<textoffsetx>15</textoffsetx>
					<onright>21</onright>
					<onleft>21</onleft>
					<onup>9000</onup>
					<ondown>9000</ondown>
				</control>
				<control type="spincontrol" id="60">
					<description>Next page button</description>
					<left>0</left>
					<top>233</top>
					<subtype>page</subtype>
					<font></font>
					<onright>9000</onright>
					<onleft>9000</onleft>
					<ondown>21</ondown>
					<onup>21</onup>
					<textcolor></textcolor>
				</control>
				<control type="textbox" id="22">
					<description>PLOT</description>
					<left>0</left>
					<top>45</top>
					<width>1200</width>
					<height>180</height>
					<font>Regular17</font>
					<align>justify</align>
					<pagecontrol>60</pagecontrol>
					<label></label>
				</control>
			</control>
			<control type="grouplist" id="9000">
				<left>60</left>
				<top>930</top>
				<width>1185</width>
				<height>60</height>
				<itemgap>8</itemgap>
				<align>center</align>
				<orientation>horizontal</orientation>
				<onleft>60</onleft>
				<onright>60</onright>
				<onup>21</onup>
				<ondown>21</ondown>
				<control type="button" id="10">
					<description>OK</description>
					<include>ButtonInfoDialogsCommonValues</include>
					<label>186</label>
				</control>
			</control>
		</control>
		
	<include condition="Skin.HasSetting(EnableSkinDebugOutput)">DebugOverlay</include><!-- WRAPPER STOP --></control><!-- WRAPPER STOP --></controls>
</window>
