<?xml version="1.0" encoding="UTF-8"?>
<window type="dialog" id="1188">
	
	<defaultcontrol always="true">9001</defaultcontrol>
	
	<visible>!Skin.HasSetting(ShutdownScreenDisabled)   +   !String.IsEmpty(Window(home).Property(ShutdownInProgressText))   +   !Window.IsVisible(YesNoDialog)</visible>
	
	<onload>AlarmClock(ShutdownInProgressCancelIfNotWorking,ClearProperty(ShutdownInProgressText,home),00:00:30,silent)</onload>
	<onunload>ClearProperty(ShutdownInProgressText,home)</onunload>
	
	<controls>
		
		<control type="image">
			<width>1920</width>
			<height>1080</height>
			<texture>colors/black.png</texture>
		</control>
		
		<control type="group">
			
			<control type="image">
				<left>906</left>
				<top>486</top>
				<width>108</width>
				<height>108</height>
				<texture>_added_img/$VAR[LogoScreenLogoTypeVarFilenameTranslate]</texture>
				<aspectratio>keep</aspectratio>
			</control>
		</control>
		
	</controls>
</window>
