<?xml version="1.0" encoding="UTF-8"?>
<window>
	<defaultcontrol></defaultcontrol>
	<controls>
		<control type="image" id="1">
			<description>Pointer Image</description>
			<left>0</left>
			<top>-2</top>
			<width>32</width>
			<height>40</height>
			<texture>pointer.png</texture>
		</control>
		<control type="image" id="2">
			<description>Pointer Focus Image</description>
			<left>0</left>
			<top>-2</top>
			<width>32</width>
			<height>40</height>
			<texture>pointer.png</texture>
		</control>
		<control type="image" id="3">
			<description>Pointer Drag Image</description>
			<left>0</left>
			<top>-2</top>
			<width>32</width>
			<height>40</height>
			<texture>pointer.png</texture>
		</control>
		<control type="image" id="4">
			<description>Pointer Click Image</description>
			<left>0</left>
			<top>-2</top>
			<width>32</width>
			<height>40</height>
			<texture>pointer.png</texture>
		</control>
	</controls>
</window>
