<?xml version="1.0" encoding="UTF-8"?>
<includes>
	
	<include name="Font_Legacy_Include">
		
		<!-- used in old global search default skin -->
		<font>
			<name>font_textbox</name>
			<filename>special://home/addons/resource.font.aczg/resources/NotoSans-Regular.ttf</filename>
			<size>24</size>
			<linespacing>1.2</linespacing>
		</font>
		
		<!-- Keep untouched Estuary Fonts below this line for universal add-on skins compatability -->
		
		<!-- Normal Fonts -->
		<font>
			<name>font10</name>
			<filename>special://home/addons/resource.font.aczg/resources/NotoSans-Regular.ttf</filename>
			<size>23</size>
			<style>lighten</style>
		</font>
		<font>
			<name>font12</name>
			<filename>special://home/addons/resource.font.aczg/resources/NotoSans-Regular.ttf</filename>
			<size>25</size>
			<style>lighten</style>
		</font>
		<font>
			<name>font13</name>
			<filename>special://home/addons/resource.font.aczg/resources/NotoSans-Regular.ttf</filename>
			<size>30</size>
			<style>lighten</style>
		</font>
		<font>
			<name>font14</name>
			<filename>special://home/addons/resource.font.aczg/resources/NotoSans-Regular.ttf</filename>
			<size>33</size>
			<style>lighten</style>
		</font>
		<font>
			<name>font23_narrow</name>
			<filename>special://home/addons/resource.font.aczg/resources/NotoSans-Regular.ttf</filename>
			<size>23</size>
			<style>lighten</style>
			<linespacing>0.8</linespacing>
		</font>
		<font>
			<name>font25_narrow</name>
			<filename>special://home/addons/resource.font.aczg/resources/NotoSans-Regular.ttf</filename>
			<size>25</size>
			<style>lighten</style>
			<linespacing>0.8</linespacing>
		</font>
		<font>
			<name>font27</name>
			<filename>special://home/addons/resource.font.aczg/resources/NotoSans-Regular.ttf</filename>
			<size>27</size>
			<style>lighten</style>
		</font>
		<font>
			<name>font27_narrow</name>
			<filename>special://home/addons/resource.font.aczg/resources/NotoSans-Regular.ttf</filename>
			<size>27</size>
			<style>lighten</style>
			<linespacing>0.8</linespacing>
		</font>
		<font>
			<name>font32</name>
			<filename>special://home/addons/resource.font.aczg/resources/NotoSans-Regular.ttf</filename>
			<size>32</size>
			<style>lighten</style>
		</font>
		<font>
			<name>font37</name>
			<filename>special://home/addons/resource.font.aczg/resources/NotoSans-Regular.ttf</filename>
			<size>37</size>
			<style>lighten</style>
		</font>
		<font>
			<name>font45</name>
			<filename>special://home/addons/resource.font.aczg/resources/NotoSans-Regular.ttf</filename>
			<size>45</size>
			<style>lighten</style>
		</font>
		<font>
			<name>font60</name>
			<filename>special://home/addons/resource.font.aczg/resources/NotoSans-Regular.ttf</filename>
			<size>60</size>
			<style>lighten</style>
		</font>
		<font>
			<name>font_clock</name>
			<filename>special://home/addons/resource.font.aczg/resources/Roboto-Light.ttf</filename>
			<size>70</size>
		</font>
		<!-- Title Fonts -->
		<font>
			<name>font_flag</name>
			<filename>special://home/addons/resource.font.aczg/resources/NotoSans-Regular.ttf</filename>
			<size>18</size>
			<style>bold</style>
		</font>
		<font>
			<name>font20_title</name>
			<filename>special://home/addons/resource.font.aczg/resources/NotoSans-Regular.ttf</filename>
			<size>20</size>
			<style>bold</style>
		</font>
		<font>
			<name>font25_title</name>
			<filename>special://home/addons/resource.font.aczg/resources/NotoSans-Regular.ttf</filename>
			<size>25</size>
			<style>bold</style>
		</font>
		<font>
			<name>font30_title</name>
			<filename>special://home/addons/resource.font.aczg/resources/NotoSans-Regular.ttf</filename>
			<size>30</size>
			<style>bold</style>
		</font>
		<font>
			<name>font32_title</name>
			<filename>special://home/addons/resource.font.aczg/resources/NotoSans-Regular.ttf</filename>
			<size>32</size>
			<style>bold</style>
		</font>
		<font>
			<name>font36_title</name>
			<filename>special://home/addons/resource.font.aczg/resources/NotoSans-Regular.ttf</filename>
			<size>36</size>
			<style>bold</style>
		</font>
		<font>
			<name>font40_title</name>
			<filename>special://home/addons/resource.font.aczg/resources/NotoSans-Regular.ttf</filename>
			<size>40</size>
			<style>bold</style>
		</font>
		<font>
			<name>font45_title</name>
			<filename>special://home/addons/resource.font.aczg/resources/NotoSans-Regular.ttf</filename>
			<size>45</size>
			<style>bold</style>
		</font>
		<font>
			<name>font52_title</name>
			<filename>special://home/addons/resource.font.aczg/resources/NotoSans-Regular.ttf</filename>
			<size>52</size>
			<style>bold</style>
		</font>
		<font>
			<name>font_MainMenu</name>
			<filename>special://home/addons/resource.font.aczg/resources/NotoSans-Regular.ttf</filename>
			<size>60</size>
			<style>bold</style>
		</font>
		<font>
			<name>WeatherTemp</name>
			<aspect>0.85</aspect>
			<filename>special://home/addons/resource.font.aczg/resources/NotoSans-Regular.ttf</filename>
			<size>120</size>
			<style>bold</style>
		</font>
		<font>
			<name>Mono26</name>
			<filename>special://home/addons/resource.font.aczg/resources/NotoMono-Regular.ttf</filename>
			<size>26</size>
		</font>
		
	</include>
	
</includes>