<?xml version='1.0' encoding='UTF-8' standalone='yes'?>
<addon id="service.library.data.provider.lite" name="Library Data Provider Lite (KODI 17+18) (axbmcuser)" provider-name="BigNoid, axbmcuser" version="0.3.7">
	<requires>
		<import addon="xbmc.json" version="7.9.0"/>
		<import addon="xbmc.python" version="2.25.0"/>
		<import addon="script.module.simplejson" version="3.3.0"/>
		<import addon="script.module.routing" version="0.1.0"/>
	</requires>
	<extension point="xbmc.python.pluginsource" library="plugin.py" />
	<extension library="service.py" point="xbmc.service" start="login" />
	<extension point="xbmc.addon.metadata">
		<summary lang="en">Plugin for skins to provide library data throughout the skin.</summary>
		<description lang="en">Plugin for skins to provide library data throughout the skin.</description>
		<disclaimer lang="en" />
		<platform>all</platform>
		<language />
		<license>GNU GENERAL PUBLIC LICENSE Version 2, June 1991</license>
		<forum>http://forum.kodi.tv/showthread.php?tid=210063</forum>
		<website>https://github.com/BigNoid/service.library.data.provider</website>
		<email>big.noid@kodi.tv</email>
		<source>https://github.com/BigNoid/service.library.data.provider</source>
		<news>[B]0.3.7[/B] (2020-03-02)
- (axbmcuser) Internal improvements

[B]0.3.6[/B] (2020-02-10)
- (axbmcuser) Remove addon from showing as an entry in "video addons" listing

[B]0.3.5[/B] (2020-02-06)
- (axbmcuser) Added optional python 3 compatibility (incomplete, still broken on "python 3 only" Kodi)

[B]0.3.4[/B]
- (axbmcuser) Lite version of original script version 0.3.2 with better performance for minimalistic usage

[B]0.1.6[/B]
- Enable context menu/info

[B]0.1.5[/B]
 - Fix circular reference warnings on shutdown. 
 
[B]0.1.4[/B]
- Added missing 'director" property for recommended episodes.

[B]0.1.3[/B]
- Fixed bug in recommended episodes.

[B]0.1.2[/B]
- Added Music Videos.
- Added IMDB Number as property (imdbnumer)

[B]0.1.1[/B]
- Fixed playing albums.

[B]0.1.0[/B]
- Fix refreshing bug where things were being cached forever without updating - thx SumnerH
- Added option to hide specials from episode views - thx Razzeee
- Added duration fallback for cases where the streamInfo can't be read - thx Razzeee
- Fix for wrong loop handling - thx Razzeee
- Cleanup, added some missing checks - thx phil65
- Additional check for lib stats - thx phil65

[B]0.0.9[/B]
- Fix error when no tvshow library present.
- Fix playlist statistics when playlist are used that have been added by favourites.

[B]0.0.8[/B]
- Add favorite episodes - thx SumnerH.

[B]0.0.7[/B]
- Add support to return multiple types in single list

[B]0.0.6[/B]
- Add support for video playlist count.

[B]0.0.5[/B]
- Add recent videos option.
- Add writer and cast to video list items.
- Add limit parameter to plugin element.

</news>
		<assets>
			<icon>resources/icon.png</icon>
		</assets>
	</extension>
</addon>
