<?xml version="1.0" encoding="UTF-8"?>
<includes>
	<include name="MusicInfoListView">
		<control type="group">
			<visible>Control.IsVisible(506)</visible>
			<include>VisibleFadeEffect</include>
			<control type="list" id="506">
				<left>70</left>
				<top>74</top>
				<width>780</width>
				<height>562</height>
				<onleft>2</onleft>
				<onright>60</onright>
				<onup>506</onup>
				<ondown>506</ondown>
				<viewtype label="$LOCALIZE[544]">list</viewtype>
				<pagecontrol>60</pagecontrol>
				<include>ScrollTimeOld</include>
				<visible>Container.Content(Files) | Window.IsVisible(MusicPlaylist) |  Container.Content(Songs) | Container.Content(Albums)</visible>
				<itemlayout height="40" width="780">
					<control type="image">
						<left>0</left>
						<top>0</top>
						<width>780</width>
						<height>41</height>
						<texture border="0,2,0,2">MenuItemNF.png</texture>
					</control>
					<control type="label">
						<left>10</left>
						<top>0</top>
						<width>730</width>
						<height>40</height>
						<font>Regular20</font>
						<textcolor>grey2</textcolor>
						<selectedcolor>selected</selectedcolor>
						<align>left</align>
						<aligny>center</aligny>
						<label>$INFO[ListItem.Label]</label>
					</control>
					<control type="label">
						<left>60</left>
						<top>0</top>
						<width>700</width>
						<height>40</height>
						<font>Regular17</font>
						<textcolor>grey2</textcolor>
						<selectedcolor>selected</selectedcolor>
						<align>right</align>
						<aligny>center</aligny>
						<label>$INFO[ListItem.Label2]</label>
					</control>
				</itemlayout>
				<focusedlayout height="40" width="760">
					<control type="image">
						<left>0</left>
						<top>0</top>
						<width>760</width>
						<height>41</height>
						<texture border="0,2,0,2">MenuItemNF.png</texture>
						<visible>!Control.HasFocus(506)</visible>
						<include>VisibleFadeEffect</include>
					</control>
					<control type="image">
						<left>0</left>
						<top>0</top>
						<width>780</width>
						<height>41</height>
						<texture border="4">MenuItemFO.png</texture>
						<visible>Control.HasFocus(506)</visible>
						<include>VisibleFadeEffect</include>
					</control>
					<control type="label">
						<left>10</left>
						<top>0</top>
						<width>730</width>
						<height>40</height>
						<font>Regular20</font>
						<textcolor>white</textcolor>
						<selectedcolor>selected</selectedcolor>
						<align>left</align>
						<aligny>center</aligny>
						<label>$INFO[ListItem.Label]</label>
					</control>
					<control type="label">
						<left>60</left>
						<top>0</top>
						<width>700</width>
						<height>40</height>
						<font>Regular17</font>
						<textcolor>grey2</textcolor>
						<selectedcolor>selected</selectedcolor>
						<align>right</align>
						<aligny>center</aligny>
						<label>$INFO[ListItem.Label2]</label>
					</control>
				</focusedlayout>
			</control>
			<control type="scrollbar" id="60">
				<left>862</left>
				<top>74</top>
				<include>scrollBarStyleDefaultWidth</include>
				<height>562</height>
				<onleft>506</onleft>
				<onright>noop</onright>
				<showonepage>false</showonepage>
				<visible>Control.IsVisible(506)</visible>
				
				<include>scrollBarStyleDefault</include>
				
			</control>
			<control type="group">
				<visible>Control.IsVisible(506) + !ListItem.IsParentFolder</visible>
				<left>910</left>
				<top>80</top>
				<control type="image">
					<left>10</left>
					<top>0</top>
					<width>290</width>
					<height>290</height>
					<aspectratio aligny="bottom">keep</aspectratio>
					<fadetime>IconCrossfadeTime</fadetime>
					<texture background="true">$INFO[ListItem.Icon]</texture>
					<bordersize>8</bordersize>
				</control>
				<control type="label">
					<left>10</left>
					<top>300</top>
					<width>290</width>
					<height>25</height>
					<label>$INFO[ListItem.Artist]</label>
					<scroll>true</scroll>
					<align>center</align>
					<aligny>center</aligny>
					<font>Regular22</font>
					<textcolor>white</textcolor>
					
				</control>
				<control type="label">
					<left>10</left>
					<top>360</top>
					<width>290</width>
					<height>25</height>
					<label>$INFO[ListItem.Album]</label>
					<wrapmultiline>true</wrapmultiline>
					<align>center</align>
					<aligny>center</aligny>
					<font>Regular20</font>
					<textcolor>grey2</textcolor>
					
				</control>
				<control type="label">
					<left>10</left>
					<top>420</top>
					<width>290</width>
					<height>25</height>
					<label>$INFO[ListItem.Title]</label>
					<scroll>true</scroll>
					<align>center</align>
					<aligny>top</aligny>
					<font>Regular21</font>
					<textcolor>white</textcolor>
					
					<wrapmultiline>true</wrapmultiline>
					<visible>!Container.Content(Albums)</visible>
				</control>
				<control type="label">
					<left>10</left>
					<top>420</top>
					<width>290</width>
					<height>25</height>
					<label>$INFO[ListItem.Genre]</label>
					<scroll>true</scroll>
					<align>center</align>
					<aligny>top</aligny>
					<font>Regular21</font>
					<textcolor>white</textcolor>
					
					<wrapmultiline>true</wrapmultiline>
					<visible>Container.Content(Albums)</visible>
				</control>
				<control type="label">
					<description>Trackno txt</description>
					<left>10</left>
					<top>480</top>
					<width>290</width>
					<height>25</height>
					<label>$INFO[listitem.TrackNumber,[COLOR=blue]$LOCALIZE[31310]: [/COLOR]]</label>
					<align>center</align>
					<aligny>center</aligny>
					<font>Regular20</font>
					<textcolor>white</textcolor>
					<visible>!Container.Content(Albums)</visible>
				</control>
				<control type="label">
					<description>Year txt</description>
					<left>10</left>
					<top>505</top>
					<width>290</width>
					<height>25</height>
					<label>$INFO[listitem.Year,[COLOR=blue]$LOCALIZE[345]: [/COLOR]]</label>
					<align>center</align>
					<aligny>center</aligny>
					<font>Regular20</font>
					<textcolor>white</textcolor>
				</control>
				<control type="label">
					<description>Rating txt</description>
					<left>10</left>
					<top>530</top>
					<width>290</width>
					<height>25</height>
					<label>$INFO[ListItem.Rating,[COLOR=blue]$LOCALIZE[563]: [/COLOR]]</label>
					<align>center</align>
					<aligny>center</aligny>
					<font>Regular20</font>
					<textcolor>white</textcolor>
					<visible>Container.Content(Albums)</visible>
				</control>
				<control type="label">
					<description>UserRating txt</description>
					<left>10</left>
					<top>530</top>
					<width>290</width>
					<height>25</height>
					<label>$INFO[ListItem.UserRating,[COLOR=blue]$LOCALIZE[38018]: [/COLOR]]</label>
					<align>center</align>
					<aligny>center</aligny>
					<font>Regular20</font>
					<textcolor>white</textcolor>
					<visible>Container.Content(Songs)</visible>
				</control>
			</control>
		</control>
	</include>
	<include name="MusicVideoInfoListView">
		<control type="group">
			<visible>Control.IsVisible(511)</visible>
			<include>VisibleFadeEffect</include>
			<control type="list" id="511">
				<left>70</left>
				<top>74</top>
				<width>780</width>
				<height>562</height>
				<onleft>2</onleft>
				<onright>60</onright>
				<onup>511</onup>
				<ondown>511</ondown>
				<viewtype label="$LOCALIZE[544]">list</viewtype>
				<pagecontrol>60</pagecontrol>
				<include>ScrollTimeOld</include>
				<visible>Container.Content(MusicVideos)</visible>
				<itemlayout height="40" width="760">
					<control type="label">
						<left>10</left>
						<top>0</top>
						<width>720</width>
						<height>40</height>
						<font>Regular20</font>
						<textcolor>grey2</textcolor>
						<selectedcolor>selected</selectedcolor>
						<align>left</align>
						<aligny>center</aligny>
						<label>$INFO[ListItem.Label]</label>
					</control>
					<control type="label">
						<left>30</left>
						<top>0</top>
						<width>700</width>
						<height>40</height>
						<font>Regular17</font>
						<textcolor>grey2</textcolor>
						<selectedcolor>selected</selectedcolor>
						<align>right</align>
						<aligny>center</aligny>
						<label>$INFO[ListItem.Label2]</label>
					</control>
					<control type="image">
						<left>735</left>
						<top>14</top>
						<width>20</width>
						<height>16</height>
						<texture>$INFO[ListItem.Overlay]</texture>
						<aspectratio>keep</aspectratio>
					</control>
				</itemlayout>
				<focusedlayout height="40" width="760">
					<control type="image">
						<left>0</left>
						<top>0</top>
						<width>760</width>
						<height>41</height>
						<texture border="4">MenuItemFO.png</texture>
						<visible>Control.HasFocus(511)</visible>
						<include>VisibleFadeEffect</include>
					</control>
					<control type="label">
						<left>10</left>
						<top>0</top>
						<width>720</width>
						<height>40</height>
						<font>Regular20</font>
						<textcolor>white</textcolor>
						<selectedcolor>selected</selectedcolor>
						<align>left</align>
						<aligny>center</aligny>
						<label>$INFO[ListItem.Label]</label>
					</control>
					<control type="label">
						<left>30</left>
						<top>0</top>
						<width>700</width>
						<height>40</height>
						<font>Regular17</font>
						<textcolor>grey2</textcolor>
						<selectedcolor>selected</selectedcolor>
						<align>right</align>
						<aligny>center</aligny>
						<label>$INFO[ListItem.Label2]</label>
					</control>
					<control type="image">
						<left>735</left>
						<top>14</top>
						<width>20</width>
						<height>16</height>
						<texture>$INFO[ListItem.Overlay]</texture>
						<aspectratio>keep</aspectratio>
					</control>
				</focusedlayout>
			</control>
			<control type="scrollbar" id="60">
				<left>862</left>
				<top>74</top>
				<include>scrollBarStyleDefaultWidth</include>
				<height>562</height>
				<onleft>511</onleft>
				<onright>noop</onright>
				<showonepage>false</showonepage>
				<visible>Control.IsVisible(511)</visible>
				
				<include>scrollBarStyleDefault</include>
				
			</control>
			<control type="group">
				<left>910</left>
				<top>80</top>
				<visible>!ListItem.IsParentFolder</visible>
				<include>VisibleFadeEffect</include>
				<control type="image">
					<left>10</left>
					<top>0</top>
					<width>290</width>
					<height>230</height>
					<aspectratio>keep</aspectratio>
					<fadetime>IconCrossfadeTime</fadetime>
					<texture background="true">$INFO[ListItem.Icon]</texture>
					<bordersize>8</bordersize>
				</control>
				<control type="grouplist">
					<description>Media Codec Flagging Images</description>
					<left>10</left>
					<top>230</top>
					<width>290</width>
					<align>center</align>
					<itemgap>0</itemgap>
					<orientation>horizontal</orientation>
					<include>VideoCodecFlaggingConditions</include>
					<include>AudioCodecFlaggingConditions</include>
				</control>
				<control type="label">
					<left>10</left>
					<top>290</top>
					<width>290</width>
					<height>25</height>
					<label>$INFO[ListItem.Artist]</label>
					<scroll>true</scroll>
					<align>center</align>
					<aligny>center</aligny>
					<font>Regular22</font>
					<textcolor>white</textcolor>
					
				</control>
				<control type="label">
					<left>10</left>
					<top>350</top>
					<width>290</width>
					<height>25</height>
					<label>$INFO[ListItem.Album]</label>
					<wrapmultiline>true</wrapmultiline>
					<align>center</align>
					<aligny>center</aligny>
					<font>Regular20</font>
					<textcolor>grey2</textcolor>
					
				</control>
				<control type="label">
					<left>10</left>
					<top>410</top>
					<width>290</width>
					<height>25</height>
					<label>$INFO[ListItem.Title]</label>
					<scroll>true</scroll>
					<align>center</align>
					<aligny>top</aligny>
					<font>Regular21</font>
					<textcolor>white</textcolor>
					
					<wrapmultiline>true</wrapmultiline>
					<visible>!Container.Content(Albums)</visible>
				</control>
				<control type="label">
					<left>10</left>
					<top>470</top>
					<width>290</width>
					<height>25</height>
					<label>$INFO[ListItem.Studio]</label>
					<scroll>true</scroll>
					<align>center</align>
					<aligny>top</aligny>
					<font>Regular20</font>
					<textcolor>grey2</textcolor>
					
					<wrapmultiline>true</wrapmultiline>
				</control>
				<control type="label">
					<description>Year txt</description>
					<left>10</left>
					<top>530</top>
					<width>290</width>
					<height>25</height>
					<label>$INFO[listitem.Year,[COLOR=blue]$LOCALIZE[345]: [/COLOR]]</label>
					<align>center</align>
					<aligny>center</aligny>
					<font>Regular21</font>
					<textcolor>white</textcolor>
				</control>
			</control>
		</control>
	</include>
	<include name="ArtistMediaListView">
		<control type="group">
			<visible>Control.IsVisible(512)</visible>
			<include>VisibleFadeEffect</include>
			<control type="list" id="512">
				<left>70</left>
				<top>78</top>
				<width>580</width>
				<height>562</height>
				<onleft>2</onleft>
				<onright>60</onright>
				<onup>512</onup>
				<ondown>512</ondown>
				<viewtype label="$LOCALIZE[544]">list</viewtype>
				<pagecontrol>60</pagecontrol>
				<include>ScrollTimeOld</include>
				<visible>Container.Content(Artists)</visible>
				<itemlayout height="40" width="580">
					<control type="label">
						<left>10</left>
						<top>0</top>
						<width>560</width>
						<height>40</height>
						<font>Regular20</font>
						<textcolor>grey2</textcolor>
						<selectedcolor>selected</selectedcolor>
						<align>left</align>
						<aligny>center</aligny>
						<label>$INFO[ListItem.Label]</label>
					</control>
				</itemlayout>
				<focusedlayout height="40" width="580">
					<control type="image">
						<left>0</left>
						<top>0</top>
						<width>580</width>
						<height>41</height>
						<texture border="4">MenuItemFO.png</texture>
						<visible>Control.HasFocus(512)</visible>
						<include>VisibleFadeEffect</include>
					</control>
					<control type="label">
						<left>10</left>
						<top>0</top>
						<width>560</width>
						<height>40</height>
						<font>Regular20</font>
						<textcolor>white</textcolor>
						<selectedcolor>selected</selectedcolor>
						<align>left</align>
						<aligny>center</aligny>
						<label>$INFO[ListItem.Label]</label>
					</control>
				</focusedlayout>
			</control>
			<control type="scrollbar" id="60">
				<left>658</left>
				<top>78</top>
				<include>scrollBarStyleDefaultWidth</include>
				<height>562</height>
				<onleft>512</onleft>
				<onright>noop</onright>
				<showonepage>false</showonepage>
				<visible>Control.IsVisible(512)</visible>
				
				<include>scrollBarStyleDefault</include>
				
			</control>
			<control type="group">
				<left>710</left>
				<top>70</top>
				<visible>!ListItem.IsParentFolder</visible>
				<include>VisibleFadeEffect</include>
				<control type="image">
					<left>0</left>
					<top>0</top>
					<width>510</width>
					<height>300</height>
					<aspectratio>keep</aspectratio>
					<fadetime>IconCrossfadeTime</fadetime>
					<texture background="true">$INFO[ListItem.Icon]</texture>
					<bordersize>8</bordersize>
				</control>
				<control type="group">
					<top>310</top>
					<control type="label">
						<description>Born txt</description>
						<left>0</left>
						<top>0</top>
						<width>140</width>
						<height>25</height>
						<label>$LOCALIZE[21893]:</label>
						<align>right</align>
						<aligny>center</aligny>
						<font>Regular21</font>
						<textcolor>blue</textcolor>
						<visible>!String.IsEmpty(ListItem.Property(Artist_Born))</visible>
					</control>
					<control type="label">
						<description>Born Value</description>
						<left>150</left>
						<top>0</top>
						<width>350</width>
						<height>25</height>
						<label>$INFO[ListItem.Property(Artist_Born)]</label>
						<align>left</align>
						<aligny>center</aligny>
						<font>Regular20</font>
						<scroll>true</scroll>
						<visible>!String.IsEmpty(ListItem.Property(Artist_Born))</visible>
					</control>
					<control type="label">
						<description>Formed txt</description>
						<left>0</left>
						<top>0</top>
						<width>140</width>
						<height>25</height>
						<label>$LOCALIZE[21894]:</label>
						<align>right</align>
						<aligny>center</aligny>
						<font>Regular21</font>
						<textcolor>blue</textcolor>
						<visible>!String.IsEmpty(ListItem.Property(Artist_Formed))</visible>
					</control>
					<control type="label">
						<description>Formed Value</description>
						<left>150</left>
						<top>0</top>
						<width>350</width>
						<height>25</height>
						<label>$INFO[ListItem.Property(Artist_Formed)]</label>
						<align>left</align>
						<aligny>center</aligny>
						<font>Regular20</font>
						<scroll>true</scroll>
						<visible>!String.IsEmpty(ListItem.Property(Artist_Formed))</visible>
					</control>
					<control type="label">
						<description>Genre txt</description>
						<left>0</left>
						<top>30</top>
						<width>140</width>
						<height>25</height>
						<label>$LOCALIZE[515]:</label>
						<align>right</align>
						<aligny>center</aligny>
						<font>Regular21</font>
						<textcolor>blue</textcolor>
						<visible>!String.IsEmpty(ListItem.Property(Artist_Genre))</visible>
					</control>
					<control type="label">
						<description>Genre Value</description>
						<left>150</left>
						<top>30</top>
						<width>350</width>
						<height>25</height>
						<label fallback="416">$INFO[ListItem.Property(Artist_Genre)]</label>
						<align>left</align>
						<aligny>center</aligny>
						<font>Regular20</font>
						<scroll>true</scroll>
						<visible>!String.IsEmpty(ListItem.Property(Artist_Genre))</visible>
					</control>
					<control type="textbox">
						<description>Description Value for Artist</description>
						<left>10</left>
						<top>72</top>
						<width>490</width>
						<height>190</height>
						<font>Light20</font>
						<align>justify</align>
						<textcolor>white</textcolor>
						<label>$INFO[ListItem.Property(Artist_Description)]</label>
						<autoscroll time="2000" delay="3000" repeat="5000">Skin.HasSetting(AutoScroll)</autoscroll>
					</control>
				</control>
			</control>
		</control>
	</include>
	<include name="AlbumInfoListView">
		<control type="group">
			<visible>Control.IsVisible(513)</visible>
			<include>VisibleFadeEffect</include>
			<control type="list" id="513">
				<left>70</left>
				<top>74</top>
				<width>780</width>
				<height>562</height>
				<onleft>2</onleft>
				<onright>51360</onright>
				<onup>513</onup>
				<ondown>513</ondown>
				<viewtype label="$LOCALIZE[10523]">list</viewtype>
				<pagecontrol>51360</pagecontrol>
				<include>ScrollTimeOld</include>
				<visible>Container.Content(Albums)</visible>
				<itemlayout height="40" width="780">
					<control type="label">
						<left>10</left>
						<top>0</top>
						<width>730</width>
						<height>40</height>
						<font>Regular20</font>
						<textcolor>grey2</textcolor>
						<selectedcolor>selected</selectedcolor>
						<align>left</align>
						<aligny>center</aligny>
						<label>$INFO[ListItem.Label]</label>
					</control>
					<control type="label">
						<left>60</left>
						<top>0</top>
						<width>700</width>
						<height>40</height>
						<font>Regular17</font>
						<textcolor>grey2</textcolor>
						<selectedcolor>selected</selectedcolor>
						<align>right</align>
						<aligny>center</aligny>
						<label>$INFO[ListItem.Label2]</label>
					</control>
				</itemlayout>
				<focusedlayout height="40" width="780">
					<control type="image">
						<left>0</left>
						<top>0</top>
						<width>780</width>
						<height>41</height>
						<texture border="4">MenuItemFO.png</texture>
						<visible>Control.HasFocus(513)</visible>
						<include>VisibleFadeEffect</include>
					</control>
					<control type="label">
						<left>10</left>
						<top>0</top>
						<width>730</width>
						<height>40</height>
						<font>Regular20</font>
						<textcolor>white</textcolor>
						<selectedcolor>selected</selectedcolor>
						<align>left</align>
						<aligny>center</aligny>
						<label>$INFO[ListItem.Label]</label>
					</control>
					<control type="label">
						<left>60</left>
						<top>0</top>
						<width>700</width>
						<height>40</height>
						<font>Regular17</font>
						<textcolor>grey2</textcolor>
						<selectedcolor>selected</selectedcolor>
						<align>right</align>
						<aligny>center</aligny>
						<label>$INFO[ListItem.Label2]</label>
					</control>
				</focusedlayout>
			</control>
			<control type="scrollbar" id="51360">
				<left>864</left>
				<top>74</top>
				<include>scrollBarStyleDefaultWidth</include>
				<height>562</height>
				<onleft>513</onleft>
				<onright>noop</onright>
				<showonepage>false</showonepage>
				<visible>Control.IsVisible(513)</visible>
				
				<include>scrollBarStyleDefault</include>
				
			</control>
			<control type="group">
				<left>910</left>
				<top>70</top>
				<visible>!ListItem.IsParentFolder</visible>
				<include>VisibleFadeEffect</include>
				<control type="image">
					<left>10</left>
					<top>0</top>
					<width>290</width>
					<height>240</height>
					<aspectratio aligny="bottom">keep</aspectratio>
					<fadetime>IconCrossfadeTime</fadetime>
					<texture background="true">$INFO[ListItem.Icon]</texture>
					<bordersize>8</bordersize>
				</control>
				<control type="label">
					<description>Description Header txt</description>
					<left>10</left>
					<top>240</top>
					<width>290</width>
					<height>25</height>
					<label>21821</label>
					<align>center</align>
					<aligny>center</aligny>
					<font>Regular19</font>
					<textcolor>blue</textcolor>
					
				</control>
				<control type="textbox">
					<description>Description Value for Album</description>
					<left>10</left>
					<top>272</top>
					<width>290</width>
					<height>298</height>
					<font>Light20</font>
					<align>justify</align>
					<pagecontrol></pagecontrol>
					<textcolor>white</textcolor>
					<label>$INFO[ListItem.Property(Album_Description)]</label>
					<autoscroll time="2000" delay="3000" repeat="5000">Skin.HasSetting(AutoScroll)</autoscroll>
				</control>
			</control>
		</control>
	</include>
</includes>
