﻿<?xml version="1.0" encoding="UTF-8" standalone="yes"?>
<addon id="repository.axbmcuser" name="axbmcuser REPO" version="1.1.4" provider-name="axbmcuser">
	<requires>
		<import addon="xbmc.addon" version="12.0.0"/>
	</requires>
	<extension point="xbmc.addon.repository" name="axbmcuser REPO">
		<dir minversion="14.0.0">
			<info compressed="false">https://github.com/axbmcuser/_repo/raw/master/helix/addons.xml</info>
			<checksum>https://github.com/axbmcuser/_repo/raw/master/helix/addons.xml.md5</checksum>
			<datadir zip="true">https://github.com/axbmcuser/_repo/raw/master/helix</datadir>
			<hashes>false</hashes>
		</dir>
		<dir minversion="14.9.0">
			<info compressed="false">https://github.com/axbmcuser/_repo/raw/master/isengard/addons.xml</info>
			<checksum>https://github.com/axbmcuser/_repo/raw/master/isengard/addons.xml.md5</checksum>
			<datadir zip="true">https://github.com/axbmcuser/_repo/raw/master/isengard</datadir>
			<hashes>false</hashes>
		</dir>
		<dir minversion="15.9.0">
			<info compressed="false">https://github.com/axbmcuser/_repo/raw/master/jarvis/addons.xml</info>
			<checksum>https://github.com/axbmcuser/_repo/raw/master/jarvis/addons.xml.md5</checksum>
			<datadir zip="true">https://github.com/axbmcuser/_repo/raw/master/jarvis</datadir>
			<hashes>false</hashes>
		</dir>
		<dir minversion="16.9.0">
			<info compressed="false">https://github.com/axbmcuser/_repo/raw/master/krypton/addons.xml</info>
			<checksum>https://github.com/axbmcuser/_repo/raw/master/krypton/addons.xml.md5</checksum>
			<datadir zip="true">https://github.com/axbmcuser/_repo/raw/master/krypton</datadir>
			<hashes>false</hashes>
		</dir>
		<dir minversion="17.9.0">
			<info compressed="false">https://github.com/axbmcuser/_repo/raw/master/leia/addons.xml</info>
			<checksum>https://github.com/axbmcuser/_repo/raw/master/leia/addons.xml.md5</checksum>
			<datadir zip="true">https://github.com/axbmcuser/_repo/raw/master/leia</datadir>
			<hashes>false</hashes>
		</dir>
	</extension>
	<extension point="xbmc.addon.metadata">
		<summary lang="en">This repository contains KODI addons from user "axbmcuser".</summary>
		<description lang="en">This repository contains KODI addons from user "axbmcuser".</description>
		<platform>all</platform>
		<license/>
		<forum>http://forum.kodi.tv/showthread.php?tid=242892</forum>
		<website/>
		<email/>
		<source/>
		<news>[B]1.1.4[/B] (2017-01-16)
- Now supporting KODI 18 (Leia)

[B]1.1.3[/B] (2016-08-03)
- Minor cleanup

[B]1.1.2[/B] (2016-07-23)
- Changes for KODI 17 (Krypton): Repo is multi-dir based again (for now)
		</news>
		<assets>
			<icon>resources/icon.png</icon>
		</assets>
	</extension>
</addon>
