<?xml version="1.0" encoding="UTF-8"?>
<includes>
	
	<include name="DefaultDialogSelectLayout">
		<control type="group">
			<left>351</left>
			<top>111</top>
			
			<animation effect="slide" start="0,0" end="0,69" time="0" condition="[Control.IsVisible(3) + !Integer.IsGreater(Container(3).NumItems,4)] | [Control.IsVisible(6) + !Integer.IsGreater(Container(6).NumItems,2)]">Conditional</animation>
			<animation effect="slide" start="0,0" end="0,69" time="0" condition="[Control.IsVisible(3) + !Integer.IsGreater(Container(3).NumItems,6)] | [Control.IsVisible(6) + !Integer.IsGreater(Container(6).NumItems,3)]">Conditional</animation>
			<animation effect="slide" start="0,0" end="0,69" time="0" condition="[Control.IsVisible(3) + !Integer.IsGreater(Container(3).NumItems,8)] | [Control.IsVisible(6) + !Integer.IsGreater(Container(6).NumItems,4)]">Conditional</animation>
			
			<control type="group">
				
				<include>dialogeffectSlower</include>
				
				<!-- size+++ -->
				<control type="image">
					<description>background image</description>
					<left>0</left>
					<top>0</top>
					<width>1275</width>
					<height>825</height>
					<texture border="38">DialogBack-rounded.png</texture>
					<visible>[Control.IsVisible(3) + Integer.IsGreater(Container(3).NumItems,8)] | [Control.IsVisible(6) + Integer.IsGreater(Container(6).NumItems,4)]</visible>
				</control>
				<!-- size++ -->
				<control type="image">
					<description>background image</description>
					<left>0</left>
					<top>0</top>
					<width>1275</width>
					<height>687</height>
					<texture border="38">DialogBack-rounded.png</texture>
					<visible>[Control.IsVisible(3) + Integer.IsGreater(Container(3).NumItems,6) + !Integer.IsGreater(Container(3).NumItems,8)] | [Control.IsVisible(6) + Integer.IsGreater(Container(6).NumItems,3) + !Integer.IsGreater(Container(6).NumItems,4)]</visible>
				</control>
				<!-- size+ -->
				<control type="image">
					<description>background image</description>
					<left>0</left>
					<top>0</top>
					<width>1275</width>
					<height>549</height>
					<texture border="38">DialogBack-rounded.png</texture>
					<visible>[Control.IsVisible(3) + Integer.IsGreater(Container(3).NumItems,4) + !Integer.IsGreater(Container(3).NumItems,6)] | [Control.IsVisible(6) + Integer.IsGreater(Container(6).NumItems,2) + !Integer.IsGreater(Container(6).NumItems,3)]</visible>
				</control>
				<!-- size -->
				<control type="image">
					<description>background image</description>
					<left>0</left>
					<top>0</top>
					<width>1275</width>
					<height>411</height>
					<texture border="38">DialogBack-rounded.png</texture>
					<visible>[Control.IsVisible(3) + !Integer.IsGreater(Container(3).NumItems,4)] | [Control.IsVisible(6) + !Integer.IsGreater(Container(6).NumItems,2)]</visible>
				</control>
			</control>
			
			<control type="group">
			
				<include>dialogeffectSlower</include>
				
				<control type="image">
					<description>Dialog Header image</description>
					<left>10</left>
					<top>10</top>
					<width>1255</width>
					<height>65</height>
					<texture border="28">dialogheader-rounded-24px.png</texture>
				</control>
				<control type="label" id="1">
					<description>header label</description>
					<left>60</left>
					<top>18</top>
					<width>1155</width>
					<height>45</height>
					<font>Light26</font>
					<label></label>
					<align>center</align>
					<aligny>center</aligny>
					<textcolor>white</textcolor>
				</control>
				<control type="label" id="4">
					<description>No Settings Label</description>
					<left>30</left>
					<top>180</top>
					<width>825</width>
					<align>center</align>
					<font>Regular21</font>
				</control>
				
				
				<control type="list" id="3">
					<left>30</left>
					<top>99</top>
					<width>825</width>
					<height>690</height>
					<onup>3</onup>
					<ondown>3</ondown>
					<onleft>3</onleft>
					
					<onright condition="Control.IsVisible(5)">5</onright>
					<onright condition="!Control.IsVisible(5)">7</onright>
					
					<pagecontrol>61</pagecontrol>
					<include>ScrollTimeOld</include>
					<itemlayout height="69" width="825">
						<control type="label">
							<left>30</left>
							<top>0</top>
							<width>765</width>
							<height>63</height>
							<font>Regular22</font>
							<textcolor>grey2</textcolor>
							<selectedcolor>selected</selectedcolor>
							<align>left</align>
							<aligny>center</aligny>
							<label>$INFO[ListItem.Label]</label>
						</control>
					</itemlayout>
					<focusedlayout height="69" width="825">
						<control type="group">
							<control type="image">
								<left>0</left>
								<top>0</top>
								<width>825</width>
								<height>66</height>
								<texture border="14" colordiffuse="$VAR[accentColorDiffuseForNeutralTextures]">button-focus-neutral.png</texture>
								<visible>Control.HasFocus(3)</visible>
							</control>
							<include>FocusAnimationType1Short</include>
						</control>
						<control type="label">
							<left>30</left>
							<top>0</top>
							<width>765</width>
							<height>63</height>
							<font>Regular22</font>
							<selectedcolor>selected</selectedcolor>
							<align>left</align>
							<aligny>center</aligny>
							<label>$INFO[ListItem.Label]</label>
							<visible>Control.HasFocus(3)</visible>
						</control>
						<control type="label">
							<left>30</left>
							<top>0</top>
							<width>765</width>
							<height>63</height>
							<font>Regular22</font>
							<textcolor>grey2</textcolor>
							<selectedcolor>selected</selectedcolor>
							<align>left</align>
							<aligny>center</aligny>
							<label>$INFO[ListItem.Label]</label>
							<visible>!Control.HasFocus(3)</visible>
						</control>
					</focusedlayout>
				</control>
				
				
				
				<control type="panel" id="6">
					<left>30</left>
					<top>99</top>
					<width>825</width>
					<height>690</height>
					<onup>6</onup>
					<ondown>6</ondown>
					<onleft>6</onleft>
					
					<onright condition="Control.IsVisible(5)">5</onright>
					<onright condition="!Control.IsVisible(5)">7</onright>
					
					<pagecontrol>61</pagecontrol>
					<include>ScrollTimeOld</include>
					
					<itemlayout height="138" width="825" condition="!Window.IsVisible(MovieInformation) | [Window.IsVisible(MovieInformation) + !String.IsEqual(Control.GetLabel(1),$LOCALIZE[283])] ">
						<!-- #283 = Search results -->
						<control type="image">
							<left>7</left>
							<top>7</top>
							<width>120</width>
							<height>120</height>
							<texture background="true" colordiffuse="ffcecece" diffuse="colors/diffuse/rounded-generic-1.png">$INFO[Listitem.Icon]</texture>
							<aspectratio scalediffuse="true">keep</aspectratio>
						</control>
						<control type="label">
							<left>135</left>
							<top>3</top>
							<width>675</width>
							<height>45</height>
							<font>Regular21</font>
							<textcolor>grey</textcolor>
							<selectedcolor>selected</selectedcolor>
							<align>left</align>
							<aligny>center</aligny>
							<label>$INFO[ListItem.Label]</label>
						</control>
						<control type="textbox">
							<left>135</left>
							<top>51</top>
							<width>675</width>
							<height>72</height>
							<font>Light17</font>
							<textcolor>grey</textcolor>
							<selectedcolor>selected</selectedcolor>
							<align>left</align>
							<label>$INFO[ListItem.Label2]</label>
						</control>
					</itemlayout>
					<focusedlayout height="138" width="825" condition="!Window.IsVisible(MovieInformation) | [Window.IsVisible(MovieInformation) + !String.IsEqual(Control.GetLabel(1),$LOCALIZE[283])]">
						<!-- #283 = Search results -->
						<control type="group">
							<control type="image">
								<left>0</left>
								<top>0</top>
								<width>825</width>
								<height>134</height>
								<texture border="14" colordiffuse="$VAR[accentColorDiffuseForNeutralTextures]">button-focus-neutral.png</texture>
								<visible>Control.HasFocus(6)</visible>
							</control>
							<include>FocusAnimationType1</include>
						</control>
						<control type="image">
							<left>7</left>
							<top>7</top>
							<width>120</width>
							<height>120</height>
							<texture background="true" diffuse="colors/diffuse/rounded-generic-1.png">$INFO[Listitem.Icon]</texture>
							<aspectratio scalediffuse="true">keep</aspectratio>
							<visible>Control.HasFocus(6)</visible>
						</control>
						<control type="image">
							<left>7</left>
							<top>7</top>
							<width>120</width>
							<height>120</height>
							<texture background="true" colordiffuse="ffcecece" diffuse="colors/diffuse/rounded-generic-1.png">$INFO[Listitem.Icon]</texture>
							<aspectratio scalediffuse="true">keep</aspectratio>
							<visible>!Control.HasFocus(6)</visible>
						</control>
						<control type="label">
							<left>135</left>
							<top>3</top>
							<width>675</width>
							<height>45</height>
							<font>Regular21</font>
							<selectedcolor>selected</selectedcolor>
							<align>left</align>
							<aligny>center</aligny>
							<label>$INFO[ListItem.Label]</label>
							<visible>Control.HasFocus(6)</visible>
						</control>
						<control type="label">
							<left>135</left>
							<top>3</top>
							<width>675</width>
							<height>45</height>
							<font>Regular21</font>
							<textcolor>grey</textcolor>
							<selectedcolor>selected</selectedcolor>
							<align>left</align>
							<aligny>center</aligny>
							<label>$INFO[ListItem.Label]</label>
							<visible>!Control.HasFocus(6)</visible>
						</control>
						<control type="textbox">
							<left>135</left>
							<top>51</top>
							<width>675</width>
							<height>72</height>
							<font>Light17</font>
							<textcolor>grey</textcolor>
							<selectedcolor>selected</selectedcolor>
							<align>left</align>
							<label>$INFO[ListItem.Label2]</label>
						</control>
					</focusedlayout>
					
					<itemlayout height="138" width="825" condition="![ !Window.IsVisible(MovieInformation) | [Window.IsVisible(MovieInformation) + !String.IsEqual(Control.GetLabel(1),$LOCALIZE[283])] ]">
						<!-- #283 = Search results -->
						<control type="image">
							<left>7</left>
							<top>7</top>
							<width>120</width>
							<height>120</height>
							<texture background="true" colordiffuse="ffcecece" diffuse="colors/diffuse/rounded-generic-1.png">$VAR[DialogSelectSearchImage]</texture>
							<!-- KODI 19 fix and KODI 18+17 backport just to be in sync -->
							<aspectratio scalediffuse="true">keep</aspectratio>
						</control>
						<control type="label">
							<left>135</left>
							<top>3</top>
							<width>678</width>
							<height>99</height>
							<font>Regular21</font>
							<textcolor>grey</textcolor>
							<selectedcolor>selected</selectedcolor>
							<align>left</align>
							<aligny>center</aligny>
							<label>$INFO[ListItem.Label]</label>
						</control>
						<control type="image">
							<left>132</left>
							<top>69</top>
							<width>33</width>
							<height>33</height>
							<aspectratio>keep</aspectratio>
							<texture background="true" colordiffuse="ffa2a2a2">OverlayWatched.png</texture>
							<visible>String.IsEqual(ListItem.Label2,$LOCALIZE[16102])</visible>
						</control>
					</itemlayout>
					<focusedlayout height="138" width="825" condition="![ !Window.IsVisible(MovieInformation) | [Window.IsVisible(MovieInformation) + !String.IsEqual(Control.GetLabel(1),$LOCALIZE[283])] ]">
						<!-- #283 = Search results -->
						<control type="group">
							<control type="image">
								<left>0</left>
								<top>0</top>
								<width>825</width>
								<height>134</height>
								<texture border="14" colordiffuse="$VAR[accentColorDiffuseForNeutralTextures]">button-focus-neutral.png</texture>
								<visible>Control.HasFocus(6)</visible>
							</control>
							<include>FocusAnimationType1</include>
						</control>
						<control type="image">
							<left>7</left>
							<top>7</top>
							<width>120</width>
							<height>120</height>
							<texture background="true" diffuse="colors/diffuse/rounded-generic-1.png">$VAR[DialogSelectSearchImage]</texture>
							<!-- KODI 19 fix and KODI 18+17 backport just to be in sync -->
							<aspectratio scalediffuse="true">keep</aspectratio>
							<visible>Control.HasFocus(6)</visible>
						</control>
						<control type="image">
							<left>7</left>
							<top>7</top>
							<width>120</width>
							<height>120</height>
							<texture background="true" colordiffuse="ffcecece" diffuse="colors/diffuse/rounded-generic-1.png">$VAR[DialogSelectSearchImage]</texture>
							<!-- KODI 19 fix and KODI 18+17 backport just to be in sync -->
							<aspectratio scalediffuse="true">keep</aspectratio>
							<visible>!Control.HasFocus(6)</visible>
						</control>
						<control type="label">
							<left>135</left>
							<top>3</top>
							<width>678</width>
							<height>99</height>
							<font>Regular21</font>
							<selectedcolor>selected</selectedcolor>
							<align>left</align>
							<aligny>center</aligny>
							<label>$INFO[ListItem.Label]</label>
							<visible>Control.HasFocus(6)</visible>
						</control>
						<control type="label">
							<left>135</left>
							<top>3</top>
							<width>678</width>
							<height>99</height>
							<font>Regular21</font>
							<textcolor>grey</textcolor>
							<selectedcolor>selected</selectedcolor>
							<align>left</align>
							<aligny>center</aligny>
							<label>$INFO[ListItem.Label]</label>
							<visible>!Control.HasFocus(6)</visible>
						</control>
						<control type="image">
							<left>132</left>
							<top>69</top>
							<width>33</width>
							<height>33</height>
							<aspectratio>keep</aspectratio>
							<texture background="true">OverlayWatched.png</texture>
							<visible>String.IsEqual(ListItem.Label2,$LOCALIZE[16102])</visible>
							<visible>Control.HasFocus(6)</visible>
						</control>
						<control type="image">
							<left>132</left>
							<top>69</top>
							<width>33</width>
							<height>33</height>
							<aspectratio>keep</aspectratio>
							<texture background="true" colordiffuse="ffa2a2a2">OverlayWatched.png</texture>
							<visible>String.IsEqual(ListItem.Label2,$LOCALIZE[16102])</visible>
							<visible>!Control.HasFocus(6)</visible>
						</control>
					</focusedlayout>
					
				</control>
				
				
				
				<control type="scrollbar" id="61">
					<visible>Control.IsVisible(3)</visible>
					<left>873</left>
					<top>99</top>
					<include>scrollBarStyleDefaultWidth</include>
					<height>687</height>
					<onleft condition="Control.IsVisible(3)">3</onleft>
					<onleft condition="Control.IsVisible(6)">6</onleft>
					
					<onright condition="Control.IsVisible(5)">5</onright>
					<onright condition="!Control.IsVisible(5)">7</onright>
					
					<ondown>61</ondown>
					<onup>61</onup>
					<showonepage>false</showonepage>
					<include>scrollBarStyleDefault</include>
				</control>
				<control type="scrollbar" id="61">
					<visible>Control.IsVisible(6)</visible>
					<left>873</left>
					<top>99</top>
					<include>scrollBarStyleDefaultWidth</include>
					<height>686</height>
					<onleft condition="Control.IsVisible(3)">3</onleft>
					<onleft condition="Control.IsVisible(6)">6</onleft>
					
					<onright condition="Control.IsVisible(5)">5</onright>
					<onright condition="!Control.IsVisible(5)">7</onright>
					
					<ondown>62</ondown>
					<onup>62</onup>
					<showonepage>false</showonepage>
					<include>scrollBarStyleDefault</include>
				</control>
				<control type="group">
					<control type="grouplist" id="90">
						<left>918</left>
						<top>150</top>
						
						<onup>noop</onup>
						<onleft condition="Control.IsVisible(3)">3</onleft>
						<onleft condition="Control.IsVisible(6)">6</onleft>
						<onright>noop</onright>
						<ondown>noop</ondown>
						
						<itemgap>8</itemgap>
						
						<control type="button" id="5">
							<description>Manual button</description>
							<width>300</width>
							<height>72</height>
							<label></label>
							<include>ButtonInfoDialogsCommonValues</include>
						</control>
						<control type="button" id="7">
							<description>Cancel button</description>
							<width>300</width>
							<height>72</height>
							<label>$LOCALIZE[222]</label>
							<include>ButtonInfoDialogsCommonValues</include>
						</control>
					</control>
				</control>
			</control>
		</control>
	</include>
	
</includes>
