<?xml version="1.0" encoding="UTF-8"?>
<window>
	<defaultcontrol>1000</defaultcontrol>
	<include>dialogeffect</include>
	<coordinates>
		<left>705</left>
		<top>221</top>
	</coordinates>
	<controls>
		<control type="group">
			<visible>!Window.IsActive(GameVideoFilter) + !Window.IsActive(gamestretchmode) + !Window.IsActive(GameVideoRotation) + !Window.IsActive(GameControllers)</visible>
			<control type="image">
				<description>background image</description>
				<left>0</left>
				<top>0</top>
				<width>510</width>
				<height>705</height>
				<texture border="38">DialogBack-rounded.png</texture>
			</control>
			<control type="label">
				<description>header label</description>
				<left>60</left>
				<top>30</top>
				<width>390</width>
				<height>45</height>
				<font>Light28</font>
				<label>$LOCALIZE[35221]</label>
				<align>center</align>
				<aligny>center</aligny>
				<textcolor>white</textcolor>
			</control>
			<control type="grouplist" id="1000">
				<description>grouplist for buttons</description>
				<left>30</left>
				<top>105</top>
				<width>450</width>
				<height>570</height>
				<itemgap>6</itemgap>
				<control type="button" id="1001">
					<description>Resume button</description>
					<width>450</width>
					<height>57</height>
					<font>fontContextMenu</font>
					<textcolor>grey2</textcolor>
					<focusedcolor>white</focusedcolor>
					<texturefocus border="14" colordiffuse="$VAR[accentColorDiffuseForNeutralTextures]">button-focus-neutral.png</texturefocus>
					<label>$LOCALIZE[13404]</label>
					<label2>Select + X</label2>
					<onclick>Play</onclick>
					<texturenofocus></texturenofocus>
				</control>
				<control type="button" id="1002">
					<description>Reset button</description>
					<width>450</width>
					<height>57</height>
					<font>fontContextMenu</font>
					<textcolor>grey2</textcolor>
					<focusedcolor>white</focusedcolor>
					<texturefocus border="14" colordiffuse="$VAR[accentColorDiffuseForNeutralTextures]">button-focus-neutral.png</texturefocus>
					<label>$LOCALIZE[13007]</label>
					<onclick>PlayerControl(Reset)</onclick>
					<texturenofocus></texturenofocus>
				</control>
				<control type="button" id="1003">
					<description>Stop button</description>
					<width>450</width>
					<height>57</height>
					<font>fontContextMenu</font>
					<textcolor>grey2</textcolor>
					<focusedcolor>white</focusedcolor>
					<texturefocus border="14" colordiffuse="$VAR[accentColorDiffuseForNeutralTextures]">button-focus-neutral.png</texturefocus>
					<label>$LOCALIZE[35222]</label>
					<label2>Select + Start</label2>
					<onclick>Stop</onclick>
					<texturenofocus></texturenofocus>
				</control>
				<control type="button" id="1004">
					<description>Volume button</description>
					<width>450</width>
					<height>57</height>
					<font>fontContextMenu</font>
					<textcolor>grey2</textcolor>
					<focusedcolor>white</focusedcolor>
					<texturefocus border="14" colordiffuse="$VAR[accentColorDiffuseForNeutralTextures]">button-focus-neutral.png</texturefocus>
					<label>13376</label>
					<label2>Select + Right Stick</label2>
					<onclick>ActivateWindow(GameVolume)</onclick>
					<texturenofocus></texturenofocus>
				</control>
				<control type="image" id="1005">
					<description>separator image</description>
					<height>3</height>
					<texture>separator2.png</texture>
					<animation effect="fade" end="25" time="0" condition="true">Conditional</animation>
				</control>
				<control type="button" id="1006">
					<description>Video filter button</description>
					<width>450</width>
					<height>57</height>
					<font>fontContextMenu</font>
					<align>center</align>
					<textcolor>grey2</textcolor>
					<focusedcolor>white</focusedcolor>
					<texturefocus border="14" colordiffuse="$VAR[accentColorDiffuseForNeutralTextures]">button-focus-neutral.png</texturefocus>
					<label>$LOCALIZE[230]</label>
					<onclick>ActivateWindow(GameVideoFilter)</onclick>
					<texturenofocus></texturenofocus>
				</control>
				<control type="button" id="1007">
					<description>Stretch mode button</description>
					<width>450</width>
					<height>57</height>
					<font>fontContextMenu</font>
					<align>center</align>
					<textcolor>grey2</textcolor>
					<focusedcolor>white</focusedcolor>
					<texturefocus border="14" colordiffuse="$VAR[accentColorDiffuseForNeutralTextures]">button-focus-neutral.png</texturefocus>
					<label>35233</label>
					<onclick>ActivateWindow(GameStretchMode)</onclick>
					<texturenofocus></texturenofocus>
				</control>
				<control type="button" id="1008">
					<description>Rotation button</description>
					<width>450</width>
					<height>57</height>
					<font>fontContextMenu</font>
					<align>center</align>
					<textcolor>grey2</textcolor>
					<focusedcolor>white</focusedcolor>
					<texturefocus border="14" colordiffuse="$VAR[accentColorDiffuseForNeutralTextures]">button-focus-neutral.png</texturefocus>
					<label>35227</label>
					<onclick>ActivateWindow(GameVideoRotation)</onclick>
					<texturenofocus></texturenofocus>
				</control>
				<control type="button" id="1009">
					<description>Controller button</description>
					<width>450</width>
					<height>57</height>
					<font>fontContextMenu</font>
					<align>center</align>
					<textcolor>grey2</textcolor>
					<focusedcolor>white</focusedcolor>
					<texturefocus border="14" colordiffuse="$VAR[accentColorDiffuseForNeutralTextures]">button-focus-neutral.png</texturefocus>
					<label>$LOCALIZE[35234]</label>
					<onclick>ActivateWindow(gamecontrollers)</onclick>
					<texturenofocus></texturenofocus>
				</control>
				<control type="button" id="1010">
					<description>Advanced settings button</description>
					<width>450</width>
					<height>57</height>
					<font>fontContextMenu</font>
					<align>center</align>
					<textcolor>grey2</textcolor>
					<focusedcolor>white</focusedcolor>
					<texturefocus border="14" colordiffuse="$VAR[accentColorDiffuseForNeutralTextures]">button-focus-neutral.png</texturefocus>
					<label>$LOCALIZE[35226]</label>
					<onclick>ActivateWindow(GameAdvancedSettings)</onclick>
					<texturenofocus></texturenofocus>
				</control>
			</control>
			<control type="button">
				<description>Close Window button</description>
				<left>390</left>
				<top>9</top>
				<width>96</width>
				<height>48</height>
				<label />
				<font />
				<onclick>PreviousMenu</onclick>
				<texturefocus>DialogCloseButton-focus.png</texturefocus>
				<texturenofocus>DialogCloseButton.png</texturenofocus>
				<onleft>2</onleft>
				<onright>2</onright>
				<onup>2</onup>
				<ondown>2</ondown>
				<visible>system.getbool(input.enablemouse) + Skin.HasSetting(ShowMouseControlButtons)</visible>
				<texturenofocus></texturenofocus>
			</control>
		</control>
	</controls>
</window>
